sha256,local_path
0006d4c69de70f84754df85c2ec0a34514223f941500f080c84c19da7e137998,raw/3dmodels/original/3/B07YBH2SR3.glb
00128c5f4884f93566f9250fbe2ba439351190d2aa417e64e52b0ae0f2565222,raw/3dmodels/original/6/B07HSB4WV6.glb
002d966114300bd368dcccd10046f5cee660120548dd7ae63710e4a3ff967043,raw/3dmodels/original/Z/B07K6N3XKZ.glb
0037f821028abeef50670d1f7cb60629a10d72f8e4195db7e483d6ab26f685fd,raw/3dmodels/original/F/B0853JVBVF.glb
003b5915cd013fae1e58145efa30174315092bb12baaf717ab8cb207195f2217,raw/3dmodels/original/3/B07QJXMX23.glb
0063a3bf2f2f0a4f8bf91e9ea759a4be7ca39b22f775b75bfc9d126a81dfe304,raw/3dmodels/original/8/B07Y3QSCQ8.glb
00779dbb16996270a23bc1be2c6ff67717d55c88729dc9a6f677be0cc9193d32,raw/3dmodels/original/G/B075X4PT3G.glb
008c3304bc5f737f4ef4d334e322938d1912be3565bdae833a0fc72b84c301f9,raw/3dmodels/original/Q/B07B4Z3B7Q.glb
009728c65630beae7a466c4a54df602241be38781b8f03b3a0bb545a849df907,raw/3dmodels/original/R/B082QC7YKR.glb
009972b67c6e734315da408a2650c4e33c9dbf5806ae0ce202fa98ac84596864,raw/3dmodels/original/J/B07DBDN78J.glb
00a9e6b408116c317aecdba787ccfa7843602e0c3897fac625b339802adfbe73,raw/3dmodels/original/J/B07QGSZ4YJ.glb
00c3b7890cd580a3b8f9e7c25d9030c78d8a7f7882a185d0bf65c1f4fc5af0d3,raw/3dmodels/original/7/B0825DBMT7.glb
00d2b0c2b486238f1eae77b619f1b84c9013e979469132cc54be88582076f0ee,raw/3dmodels/original/7/B07B4MN127.glb
00da2999f7b8168a3d9d2861f769ae6ee25c61e0be6f990184c9862d9b84e7b5,raw/3dmodels/original/D/B07L3XD93D.glb
00e7a1a17e953bc15ef6491f141c78c71528f53119c7358144c1a7147b09be99,raw/3dmodels/original/Z/B07MM487QZ.glb
01062f955218386b61d52aa43a6e9689aa3941c0b666dd2e1561336d55ce098c,raw/3dmodels/original/N/B071J7Q9WN.glb
01175e9049af8d7690beebc0ea6eddfa76a1ba1a9945500e9805e9271b2e901b,raw/3dmodels/original/M/B075HWDTMM.glb
011fd421d662c0d0d91d546d87d66b4db4ded779eb045ac366d8f5f275a11fd7,raw/3dmodels/original/R/B07B4MS6TR.glb
01214d0b04dce7207ec27f17703e42c1675195c084cacb8b550679ee75291827,raw/3dmodels/original/V/B07B8W8FBV.glb
01215bd12a47c270fca1bf078b059094769c603358140166fb428c86872630c5,raw/3dmodels/original/P/B07P9Y4QGP.glb
012c1d111f3943dab018fb260a6a6bf9bfbe68deede042f74da9835c649529ee,raw/3dmodels/original/V/B07YBDP5HV.glb
0131fe71c14f647569e9396ff3aa1253af081e45cd0a825397e6d0e6610b6ee4,raw/3dmodels/original/4/B0728NW8C4.glb
0136442e90465dc73e8eb70c8c15910e385162d31762adcf9796395104b7a705,raw/3dmodels/original/3/B075X4F593.glb
0155f9939ee70bd932ee94e66c78a4b24ec126b9a8cff2daec2cfb62f0aae0b4,raw/3dmodels/original/X/B07G2H671X.glb
015a320de904cf9b7e5435545a6a1f8854c283a79c76fce9260e92895c37469d,raw/3dmodels/original/H/B07B4MTFRH.glb
017c01c6fb952cfc1a7d7f492c4300dc6fecc1ac4dd33f7b3b5387e2d36a73b0,raw/3dmodels/original/C/B07JW75VPC.glb
01a1fa696022bbed787ec0b6f9de6b9de70d570fe0d5ef2c5ad9034844b1d10e,raw/3dmodels/original/H/B07B4MF6YH.glb
01b95906bade1e32d91729786f4887b11730ce0802dff915810292f3517b45dd,raw/3dmodels/original/6/B07DBDX446.glb
01d2af4d50cbb58cb7316a8833022a2f622bba1afbfa46b21105d87cf0b3c139,raw/3dmodels/original/3/B075YNL7R3.glb
01d77f5879d6580a7bdf8fc2d7ea7c979a094edd203a6c58aa75cd827bba6f7c,raw/3dmodels/original/6/B073G8Q656.glb
01d9494d0538727f6423c7ceb6f1f8e32185e99f0c3c5086a01114ee2ed7977f,raw/3dmodels/original/1/B07QC84LP1.glb
0210710f52f93813e85872ddac76bb0a4449649ba69d51b8ebf8a461c422bcf4,raw/3dmodels/original/O/B01D7PG5EO.glb
0233361a30bf6aae4bb4d7b3dc725df484c351712b08d9a58d817659a6765ec1,raw/3dmodels/original/V/B07LC84ZYV.glb
024c87aa7634f6ac1de4bb1d8cf8985363ad8eccd6ab6d72c1ed75ea7637c8a5,raw/3dmodels/original/3/B075YMN1T3.glb
025955d0ad2be961208119ab86b950f9b77d2966eaf38af7588c8f9c3d01129c,raw/3dmodels/original/D/B07MNYG18D.glb
02702cd2ef50928fdf691d478e2f078df012c72245927cb989286aa261cd49f8,raw/3dmodels/original/3/B07G33RYW3.glb
028b624ba86a86ffff06b60a661e0303fdd5b19cac870595bc3f3d2b952811e7,raw/3dmodels/original/P/B07DBB7FVP.glb
029141ebf95abf2e0956a7b224bdf3b6d9760f4a244848ec88bbdc31ce61ec92,raw/3dmodels/original/L/B07QPT7VPL.glb
02a09b73fd7e8dd9abeebd3117a0c460afc3cb2a1617d92d2d36eecb101b0b88,raw/3dmodels/original/D/B07MFXPB1D.glb
02b232d5555af5cc14f82333ef99064d6017f4308ecbfbde5fe0c10f77a9757b,raw/3dmodels/original/1/B07HSBHY71.glb
02b99aa7721814968f6b35464958654ad729daba0d6cbfeafb86ef871001a098,raw/3dmodels/original/H/B0853L359H.glb
02c8f2346f51cdd6171ce9093e9003b269245f5acfc54a61a42e07299e0d031b,raw/3dmodels/original/Y/B075HWDS7Y.glb
02eebeda7e2a1388fb840a88fbb986262d9adefc2e15cefd593ec8eca2aa2601,raw/3dmodels/original/Y/B07MHMTFRY.glb
031ece9a680ce593fe88b62f235dd9ecf2936279953756d7dc47c399ed3dca17,raw/3dmodels/original/S/B07QD6TXWS.glb
033c244456bf7a124ac493de2cceea4850ff6d726e22428edce6802ab7fa56ee,raw/3dmodels/original/Y/B07MBFDKYY.glb
03514e2357d2b77ca673b7f4c3c8a60183f34ed296e69c3c73a951e2fd266ecd,raw/3dmodels/original/Z/B082TCF1YZ.glb
035b0a2ba0918b552450a30d96ae81b06abcbfba679501e5142bf6a2192905a0,raw/3dmodels/original/9/B078JMJC49.glb
036431c151c6d7fbd0ed8620d0d8bc1060b34fcfab02998544097242ed08bef2,raw/3dmodels/original/P/B07DB8XFFP.glb
03727175462525e95f5929ba22c738376e0c0b350015db2d46d9d4e4325c9297,raw/3dmodels/original/V/B07B4YYC4V.glb
0381a28e6a995f1e6ffed02309d9d9953aae8866cc60753a6bac4a0a3737e33b,raw/3dmodels/original/8/B07MFYTSC8.glb
03969940fb71c712eb9a61f6a0ddd936acbac2296d9a60d9f476048f07935bb3,raw/3dmodels/original/L/B0828FCNML.glb
03ae3c78eee1c8e822e98e9b5b9e8149a99d56feb1908c149ce98a05f51db858,raw/3dmodels/original/Z/B07QF9Y23Z.glb
03cfc7328bfb0064b93a11d510f0796c34735af4447cba96f365b90efd2a99e1,raw/3dmodels/original/B/B084MXKVQB.glb
03d389252c7b2e06fae500fd63ef67503979ce5d54894e8a7aa5366cf779e957,raw/3dmodels/original/C/B07F2M343C.glb
03d5e67564bd53998aa640e73f95c46939d3a994dfbed337941704720bf7857e,raw/3dmodels/original/T/B075YQ8QKT.glb
03dc0b5ab2c4488ab99d1af8a325d6bb3264a832930444f1c9373261408e1925,raw/3dmodels/original/R/B07BWKH16R.glb
03f5b8bb1e901e8400a30ba3ca6f2f3d4f1c01b7af73a279355f8a0ec513c666,raw/3dmodels/original/C/B07HSL882C.glb
04071c2e32325c72cba56da586990c78ee895af290b980d27dabe2334d3994e0,raw/3dmodels/original/1/B07GFRNJ61.glb
0430620857c8f2d05697ebb8a06eaadf956c4e08cf72622628c92ec454a08333,raw/3dmodels/original/L/B075X2X4ML.glb
045d536bd3974107bdae36df9ea8562da48ef941947624ca256c1bfad437cf44,raw/3dmodels/original/4/B07HZ77VP4.glb
0475436ec008bf3d0ca334191772329b177a53170975dffced3202f44f40e3ed,raw/3dmodels/original/L/B07JJYZPCL.glb
049511937c0b14f4ca8fff323bb31a29d8c54916fdd7541c2a36eb98d7f414f0,raw/3dmodels/original/Z/B07B519FLZ.glb
0499a39a5fc56c93991ffe94dd914c9f02ed21edc929505fb0a5df5daf54cbd4,raw/3dmodels/original/4/B07B4DB6Z4.glb
049d6c8a733fa4e1912d765c0cbe4e9674774364f0926c65cd9a1dd8e54948ee,raw/3dmodels/original/B/B082Q8NHQB.glb
04a4765e3bd1af01cbc9af65e9e5fa0a5eaa969c0374fc08c944dde8b8e6f79a,raw/3dmodels/original/N/B07B4W5T8N.glb
04b58243d7cea846343c18ce53b7627f0b0818c67b0cd58a23a893451218f99b,raw/3dmodels/original/N/B07P8SRVPN.glb
04c050d395640c7709c34e4c21727c4b814adfdc696575bfc149aca6396e46d0,raw/3dmodels/original/B/B07B4VGZ9B.glb
04c7e8c13a657f20553c944c1eed142f014fee9ee5f5cc91fc5fdb849e132de4,raw/3dmodels/original/4/B07QHJZDH4.glb
04cdfd661780b792409afab7a80be18b57da07694857a717a42c69a2e7b13429,raw/3dmodels/original/1/B075X4N551.glb
04efa83e707dae924e1139af4c0c0928c3435455c4dcf8ef559663abef05625f,raw/3dmodels/original/H/B07ZTPL42H.glb
04f7c9bcfa8dcd6d27eee568f8c3aba1ba0ba8bbc0d0953c41ecb89902a8a5aa,raw/3dmodels/original/8/B07JY4GZW8.glb
050cd16c9e435389c0e00de8c4c491fc70d48e5e641086764c98e8ee7f34cabf,raw/3dmodels/original/G/B073P2CP5G.glb
053fc7f010c0104348daadcd3c0aefd034af7d1b579101b2cda527a811a5285d,raw/3dmodels/original/X/B0717B4TLX.glb
054cdb9f4630dee1e67352bf9affb3366312188bfcc66e39595843ccf1205248,raw/3dmodels/original/9/B075X4JJK9.glb
054defc177231a742df472ff57d4c4e27bfc3f8cf23cf61194cbe382ae01653d,raw/3dmodels/original/6/B078JMJC46.glb
055a27cd7be84d420b907c4f9e5ab4dbe275646a809033da1dd5064bdbaa8db5,raw/3dmodels/original/W/B0853JPW6W.glb
0564611ba987ef1e4d8843844e8612a749abf6b7ac5f32be3c2366412acfa6fb,raw/3dmodels/original/Q/B07QBMQMVQ.glb
056ec492e41dd297c3875acba338d03a523a01ea5c00b8529764f6a57a775d86,raw/3dmodels/original/N/B072PZ4LVN.glb
0585d28dfa2ced9a84bc180647147d2cfd15479f01e8a038bb5ae3e15517cb3a,raw/3dmodels/original/6/B07MQF8SF6.glb
058db1dfbf286a8084259f9d50bf6c41e8bc07242b6c9fab773e39443f6c056e,raw/3dmodels/original/Z/B07MQD2HXZ.glb
058e2fb7812656224cfd1c0181f01ae959fa9bfab45ed075864ea1b4dd82bebb,raw/3dmodels/original/M/B07BBWMPJM.glb
0591527d5762feb5622028adb1b184de219188a02f18aecb625b3ddb77ba7e53,raw/3dmodels/original/C/B072JT89JC.glb
05c9b6c40f736b695716b3a445ada734d2f5d01866775a2e527b71860c14e846,raw/3dmodels/original/5/B0735WMNT5.glb
05ce97b438a3ebd58975555f232e4e3ea88480e4e76c99ad27ba8b18a380d6f0,raw/3dmodels/original/0/B01DDQMQO0.glb
05e57172e8150cc4dd24d72bb77a2ae63dabe802c518c248a445e7a729c9f1a9,raw/3dmodels/original/F/B07B4MRJ6F.glb
05eea52487a5b2c3259ee789e872e62d4cf7e268a7f9cd731b9b494790973d52,raw/3dmodels/original/K/B07QC6X16K.glb
05f49748bba369bcaa7885b9924208a47547f51183715ce44eb39f8051d8ae35,raw/3dmodels/original/D/B07DBG1XJD.glb
060d000aaac37f28cedca04acf6a19acb34f408db88acc4d7321c617a5439c55,raw/3dmodels/original/T/B07Y3QMGYT.glb
0610060a4130ab19eb5983368a41b69ec7f902b186f0518048e08deeeda00610,raw/3dmodels/original/3/B07DBGJ4K3.glb
06171ba54b9694ed6a9ace24e166748dab57512b1e27d6e073efdf53e9ca3d87,raw/3dmodels/original/X/B07DBD9WHX.glb
061ee0b6b2c02dbe07ad1f75a2f2ff691370183dad83a7fce4d64941a1650d16,raw/3dmodels/original/L/B07MHMSDJL.glb
063b906f51e73fb1673f1805dbc06c348dd2d1bb400aa52f464aa5b15bc65896,raw/3dmodels/original/P/B07CZ6P7QP.glb
063f0040dc462e44cbbfc3575a9c5d7bce6711c9836e30814a108be0eb006565,raw/3dmodels/original/W/B074KLN3HW.glb
0643cbc5c53a378d2e298fe6380ab31264036000d4930d88303a9ded79caed29,raw/3dmodels/original/7/B07QBMQ737.glb
065908975c9f9dfc72870589d75cbd31592c1214a005585db58da83d15e7f4aa,raw/3dmodels/original/M/B0853KTR7M.glb
06649e526f64e03cc6bbb1fb1d95471937e4103d807efedb03577c70b7c05cc9,raw/3dmodels/original/4/B071J7Q9X4.glb
0680121bfd03ddbdf15a9a1cac8e6f351eac402569b05ffb33f1c0db3000a886,raw/3dmodels/original/R/B07V2NRP5R.glb
068c6b04425889197b98f02f2ece3d966fd2d87ec5999fda7e44643933afe5c0,raw/3dmodels/original/P/B07B4YXWJP.glb
069d15e1b441e83355c8db5ff891ede7e15700c270b65f2e0888aa6d5068b221,raw/3dmodels/original/8/B07B82PXD8.glb
06aaf9307a06e692fc442fd756222f773d1afc31109af8713a5469753060de6e,raw/3dmodels/original/C/B07B4ZM56C.glb
06b2e79f2f1126c29b215e04ad0cc2afc011d7e17b31cc93606ccbff17dbb01b,raw/3dmodels/original/S/B082VL24SS.glb
06d670ac228303808a822416a5fcc8bdc7a0db433b5a462d4ee3c80be6319b26,raw/3dmodels/original/R/B07QC84LTR.glb
06de00ddf87e66c5ba99b95a60ea08fc1ff724c628cc898d564a093de9dbbb47,raw/3dmodels/original/B/B07DBB75YB.glb
06e3d69c8b59a0f1cd79870e5cc5c82d5f777cf7cd246ca67bc57b907ed74a5b,raw/3dmodels/original/Y/B07JM1QT5Y.glb
06e6c9523a88cded878fa9b65c74294481d0e07f4b2d24b28124565d38dc2e18,raw/3dmodels/original/8/B01LR5RG08.glb
0703c1612dc4b16ce66f3c41e41e2297cde02f9c8ba50fd134c476e3ef9ac968,raw/3dmodels/original/D/B0825CXFBD.glb
070d47ad46a9e5d256ae67406c167509a115973f4f8b287f5deb19032ddb4185,raw/3dmodels/original/R/B076N433VR.glb
0710ae564e27f44f0e2ef37185da7b301017277b753266d20a8616987ffc9783,raw/3dmodels/original/4/B07WQ4VQ74.glb
07254f79efc0c25ee59cda3a1d768532346d1452c0f27caac9868d3dee75a910,raw/3dmodels/original/R/B07HSLK3GR.glb
0727d4993c0e3a3847d23e2b542b295fbf403032aeb599d60286c31482edd546,raw/3dmodels/original/L/B079KQVQLL.glb
07339d32e83e5d3a834b4382ccbcfa49c97c33544cb69ebbe5d8da2729036cad,raw/3dmodels/original/1/B07B4NVXK1.glb
073fdbf0490f8904aeb924db5aeff09164c1ffc7f419bfec1a38ffb0aec1b79b,raw/3dmodels/original/R/B07MHM99CR.glb
07468d19120958e03d937a6106e7a8f328bff09a55f446cf4cc1ed57a9fc7ef8,raw/3dmodels/original/7/B075Z8KXG7.glb
074aac8d6e238349876d0ce4be8ea2805e9a85c231f89141b1d43dad9e82751c,raw/3dmodels/original/T/B07QCQ1H8T.glb
077c23de3b07423d356ff7f3b1f2ba958b4fcbd48a5be8129c9b4db518fdf49e,raw/3dmodels/original/7/B07BZB3HN7.glb
07844c2c505c036e649e4b5d5c900fcca73e485be7d4511cc2ded393efca3647,raw/3dmodels/original/7/B07N6RTLP7.glb
079c2d556aa524cb6c5c6a3f863ad631046d4ce10409adb21947697b4c76949d,raw/3dmodels/original/K/B08DWM1GZK.glb
07a115dd39e783654b156fc6d5ddea07b3d114ff7905aebc9010e569fd6e3fe6,raw/3dmodels/original/N/B085W6V8CN.glb
07c6ba72895b58a46a02daa895d5ef1b3bde5ef218369cd5420a9cbe27f41be4,raw/3dmodels/original/Y/B07B4ML2KY.glb
07d63abcefbbcf0fbbd9255e20baebbfa2163681916302a0540d9cee2661c0db,raw/3dmodels/original/K/B07B4ZGB6K.glb
07dc496cecf5880eccaf06fed591e4ddb971d6dc6b0f2750bff3765f7c712871,raw/3dmodels/original/H/B07B7J8CGH.glb
0807e3322d2ec766eec1b665c32ae7d642f4ee847bd11f1b20a93a655a12a1f2,raw/3dmodels/original/4/B07B4M38B4.glb
0820fe92fd35d4f2698c52703ddc59ef0b730b46c09259c25a2968f97b5ae969,raw/3dmodels/original/T/B075X4YDJT.glb
082f47e1f7750b1e256533f1efd6fb0583878c8cd952ccf4067f5a8e059ecd8a,raw/3dmodels/original/4/B07B4GQ964.glb
083285a2bce9f5b5ed1f6426ef93359532fecefc78a88d21d7930fdb07f38f89,raw/3dmodels/original/Y/B07QC85YBY.glb
0834b89d6034b9ecd5acb727f88457ec328e2e41a95637a672dd762544b8eb22,raw/3dmodels/original/1/B07P6JWDC1.glb
0839d988f27809efa1d2b62a2c9e8ccf1d3793cdf44ef79c95ca316e34a84936,raw/3dmodels/original/T/B0853KMNVT.glb
0842d8ee7e7fe449f94c06b0d359298fb73935d18d4acbf252c47f8eef2e8b85,raw/3dmodels/original/D/B07WRBJBGD.glb
08587d13b069e19cf0a6b3e0fb43352d51bad6d5bdf12be731bec99bb438e7b6,raw/3dmodels/original/W/B07QFP4M7W.glb
0858de88171fa330456bf9b4695258e141e891564273c7c620ed73f2fee11357,raw/3dmodels/original/X/B07MF1SRKX.glb
08786ba322b71ca359f62a080e8efce996a3b191df80e93b4405bb69bc608199,raw/3dmodels/original/X/B07P5LN16X.glb
087c772fd217460d95fd810890c78d1da12c9449a8a85912fee7cfa26cbbe59c,raw/3dmodels/original/J/B07B7DMPSJ.glb
0885fccfc3546586dfab97e6875ba655922b807e0692c7533661cb4b627c3875,raw/3dmodels/original/2/B072M1W7Z2.glb
0892d0bd9925184856489890f8efc8cc68e18dd38f79778c9525356049f07fea,raw/3dmodels/original/4/B073WHKXD4.glb
08997f7b999feaecde885ee1ffb92f0ef286cc3067fd3fe5fad1977bc3ae2ffa,raw/3dmodels/original/3/B07B4ZQQL3.glb
0899c8fae493fc6a0567ce7ad909f94d17d6176bcc17496d3414dbd7dfb1b085,raw/3dmodels/original/X/B0831PL1FX.glb
089ec52bac25d4901a6c61ca8bba85a1532b73ad459e0f1b4e241c31fadaea90,raw/3dmodels/original/2/B07B7B6PJ2.glb
08a277a8b8d1ba1f4a0bc5d1e40caadf5d9323bb0a6573fb09ffcecd8f260e97,raw/3dmodels/original/C/B07L8DC8MC.glb
08ac422eff34824afc4a26e9109bdf3c40a0fa181bfdaa0f0e270f3a5566493b,raw/3dmodels/original/B/B07HSBRSVB.glb
08cd9d82914b2a05a5fde8fd7b0c141a80afbeb08df9b06f3aef0e53b6624438,raw/3dmodels/original/N/B07TSTJSTN.glb
08d41fcb15a4cc00a6cdc63fc88d533e45443e55da4abfca4074b54f64291a77,raw/3dmodels/original/B/B07HZ9KB5B.glb
08d9553957fccef139aeebad56b601423c7ea7c9440c0ff31487e11e056af119,raw/3dmodels/original/N/B0831PD83N.glb
08f597a4ffd0968fbea3225228f88c598e407e65e146d8117b660a755553bf4b,raw/3dmodels/original/7/B075Z8M1V7.glb
08f6ba2796459507e22be07c1780e18c68084c2b61b03d6ccedbff176c9109cc,raw/3dmodels/original/V/B07HSCN55V.glb
08f6da06f2cc5cf777911203e295f6e1f51f81417fac4f66e0da777ea01754ce,raw/3dmodels/original/N/B07QB8KFTN.glb
0906703c738b0151d324e3c8a7d9e5fffc3f6197268697e842ec9384bbf3bce5,raw/3dmodels/original/Y/B07ZTQDCLY.glb
090ad528c257dfb6525d71957bbc3e0a642ebcadadc26e6ca8f324962f42cf18,raw/3dmodels/original/8/B07HSHMVM8.glb
090eb5a82cb934e7623525abfe9d585ec3688b0def2425ffc61b298a9793b8e0,raw/3dmodels/original/V/B075X4PTQV.glb
0910deda1896edb1d3639483250620ab8230b2c0ddbd8616c298dbf5e103dc10,raw/3dmodels/original/5/B075X65R45.glb
091e8fab79218b5afb5bc89a7aba1be6df6fa438e255ca7567bcff50dd0e1171,raw/3dmodels/original/T/B07HSGCNGT.glb
0934a80d1e2282371034557b54c1efd2fec1911b9049b3a5ffa97448d6a0c4ea,raw/3dmodels/original/Y/B07B4W2FFY.glb
093be4140f488da2fc1fcaad850bc680c07d7f42d098605efbbae7c30a4372e4,raw/3dmodels/original/Y/B07B4NW6PY.glb
093d180fc73f2c2e6318e15eaf46dd2637c0a4e58180b83ba924949e02564874,raw/3dmodels/original/W/B07B4NW75W.glb
094328d58187c757b19e3a083c237faf0ef8d653a610aebfff5affb56886723c,raw/3dmodels/original/Q/B07WMQ8P8Q.glb
094bcd4f0db6ba0a91d594ecfa5d106799e56fe0422b882e8a8cba87bed5a5ac,raw/3dmodels/original/D/B07K89Y3MD.glb
0965f3e4c8beeb05516bc1b93e26b40185cc20436c7c44d66650d1205a453210,raw/3dmodels/original/2/B07B4MD552.glb
0976b8ab20e52509968c7fe524b88595b23dea929165dd9658f7c1829c9b0d6d,raw/3dmodels/original/K/B07DMG7VGK.glb
0980bf937f2dee844967f7fa1387eab15269eb4301c8907e115aaa02383c3081,raw/3dmodels/original/Q/B07M6PJ66Q.glb
098b3b1389afa5ba6c22a2e09512950db3d5747639ec8220e947bc4bddaf33e5,raw/3dmodels/original/2/B07K6PVP52.glb
098f9a1b8d4efbe559e78912a30f6411389d862e9843b2dab28fffbd4a7ed517,raw/3dmodels/original/S/B074KMVDRS.glb
0992b4039f06fa4818af8bfb4dcc7cf7de473f2542942360b28c5f05306e8bc3,raw/3dmodels/original/S/B07MBFG1DS.glb
0995d699749a1ce6a7badb1ea5c8e5820fd99d991df6fef1fc44259b8db807a8,raw/3dmodels/original/B/B0714QGLNB.glb
09a1db695785c336f083fecb41d688112613d130159a3a2ad1569fe2f8329a9c,raw/3dmodels/original/C/B07MF1SFNC.glb
09c45a3df40840ef7382bc7601bf7f9cf3c9c8c5b01281d6ccfd750e143c3047,raw/3dmodels/original/4/B07MQD17G4.glb
09d81a74402e9f509394e99af559d1ca16e12b05afe4b456af7a46fe40c70f2d,raw/3dmodels/original/D/B07QFP4M4D.glb
09e584fd01e5a5c838890382f013f4d3db4b097fa8c4596f6fbd77e75b00433a,raw/3dmodels/original/H/B07B7ND7YH.glb
09ef45db1649f67fcef5384b40b09bce96e0dde58533c6dd2bc6a91e01d57cfa,raw/3dmodels/original/N/B07B4MHCRN.glb
09f6368a6f30adff8856035c5470110e7ae41db748ffa9df0ccec0e43df62590,raw/3dmodels/original/T/B07QGG6BHT.glb
0a0fd421188bb6335e92209f95d2f17f1f189032231ac7f189998eb66a677158,raw/3dmodels/original/N/B07B4MYPXN.glb
0a13e3b47dc8b842c7239aae251069e86016873502b06c816442cbd5e085490f,raw/3dmodels/original/W/B07TJW3NHW.glb
0a23a85b98df244d09f45669e35cd33fbc151d5f30df4539d2d7da16c61006a2,raw/3dmodels/original/G/B07B4ZPCXG.glb
0a4f952405174363b6eb68d5a46e6c2da0dc2d3376a26c4d5015d1ead23264ab,raw/3dmodels/original/8/B07TC2NYX8.glb
0a5082871ff93fb85bb37038922447ba18494a5f078590e320101b794d77ea31,raw/3dmodels/original/Y/B07K7K4CDY.glb
0a7995e99fadda94c5c0030dae929646992f5887fb133f49ea1ed7be4a1b89ad,raw/3dmodels/original/9/B07P7NVH69.glb
0a7e9474aa05987fe08e674c81355f8ae0ed3a3a6503f681e232f45f4edcbd21,raw/3dmodels/original/Q/B082QCQ71Q.glb
0a8db2f9627f563ae2608e7123d5ce6136044e8fa712c11d08866c9be07d00a7,raw/3dmodels/original/6/B0825DZN66.glb
0a93a47d25823882f3078cce2a59828b53500ca1a3013678332bcf83b5488e51,raw/3dmodels/original/6/B075X4T5L6.glb
0a997a5b7a7127c6e921418d0d53b7bb553ba754b322bf37219b465eed2b7b31,raw/3dmodels/original/W/B075X4N51W.glb
0a9ef49fe242009baede5eb871539216edec960e82502f64a7c552547a0a5b9a,raw/3dmodels/original/L/B075QDMWTL.glb
0aa8e35982acb73c4c78197dbabc0c264a678632254e3d001b3b71bae43ebf40,raw/3dmodels/original/9/B07TZRKTC9.glb
0ab6ebde440ee2e779f1fdd6d8c49e22259afc02841fbaceac85f38f509932ec,raw/3dmodels/original/W/B082DFL4JW.glb
0ab8933dc164a3e46a2e89334da34b63bcc896023696f87f0ec96aa19ab64126,raw/3dmodels/original/5/B07B4FW7H5.glb
0af0ff7d5133a1764d8e6ad79eb6b2d67e8ed474a6eebc46716af8fd5b7ebcc2,raw/3dmodels/original/N/B078JG4N1N.glb
0aff02add03835d82631f6f0f335ed1751fecaa25e9c3a2a05ecc9c223a0151d,raw/3dmodels/original/M/B0825CLV7M.glb
0b01cb50d4ff32c3d7a2efb31cf2ef3acff15b9defbed5b15208e3075cb34b6f,raw/3dmodels/original/J/B07B4SBZJJ.glb
0b07ecffcefe631800598bb02fe387572dc356218f646bd0762625459e7200dc,raw/3dmodels/original/2/B075X463J2.glb
0b2aeb553ed5a983d938c14b44bda2ca06ae39b59f09766a13a16566f9cbb115,raw/3dmodels/original/J/B07HSCRGTJ.glb
0b58274da0fa9ced82ebd3ada1df987a1b963787c067cbc6d12aa19c5fe2a435,raw/3dmodels/original/G/B084W2X98G.glb
0b7ab27b6a1d5fe1b8c9892de1394dddc34bb5ebd2a1b6464e0acefdf8212eb1,raw/3dmodels/original/V/B07FJWDWBV.glb
0b7bad328ac600e8d5923cd2361b420e958f4b9e43de6e1021b08fe96a6ba212,raw/3dmodels/original/V/B07TNKZ6MV.glb
0b85360b5de63de3cd7522226cf53ef8917497aad65101428a6909c5349d6364,raw/3dmodels/original/C/B07B4VXXJC.glb
0b8dde5fb31c1d88e7bdaf4ae7296bd621ebba7ead0578f569ba5af7f3507fd6,raw/3dmodels/original/3/B07TKY5163.glb
0bab0491940aa225d6a9941ca43b705bb15cd3fa177081093b978f24e22f7a79,raw/3dmodels/original/D/B07DB92J6D.glb
0bb4a0444a6eb4c77cbdba1b646cc7fa17d0bddc8ab9a3a0deb6f355fd8effbc,raw/3dmodels/original/X/B07B4NVTPX.glb
0bbda8ccaff4741c302496c57db1d7cfbbea1f0722af51d46cbbbef77bc9af33,raw/3dmodels/original/R/B071FJR3SR.glb
0bc1107c3c0414d1cc7f31f7d8051253a0e05e1b6dd0da608371682dcd1814ea,raw/3dmodels/original/D/B07PBZVNVD.glb
0bca3fe504d52cb588eaf7a08f218b0c502c791abaa4f01fc4c970676c6af6c2,raw/3dmodels/original/L/B07B77WQ7L.glb
0bcd365c25cd6a2da92479bf9fda0e14211b8b1e2a9162c7cc14d8df3ad415a4,raw/3dmodels/original/B/B07HSBMWDB.glb
0bd1902edef60699495792893933bc999af72c2bbecbfe16876c70e13a06c692,raw/3dmodels/original/B/B07M7MNK6B.glb
0bd4f22ce871782e2ca4f774d617cf13e2ab932c3e2a615ad80a3c5ded0eba1b,raw/3dmodels/original/D/B071J7Q6KD.glb
0bd695a5efd1c8aafa983d66f6e90f9b050fa322c60aa5d5d5d3e42fe2bcd066,raw/3dmodels/original/L/B07W421VGL.glb
0bdcaf12e333a94d3d90f587307090dd7637fb27706557cefd9956869886a3b8,raw/3dmodels/original/F/B07B4MSP8F.glb
0be042f7426502a398de6594212d768a3bce81db6d1a11d3ebd19637b40bc2fc,raw/3dmodels/original/M/B07YM1FJ1M.glb
0beec7559660b5c38870a71db5f90f51c426755c780d95c7b7b45cd0dc5e6ffd,raw/3dmodels/original/1/B07P5LM551.glb
0c00cf86f4fdaf286b697b23e4056b6895a3edee77c9d49fa7101429d7cee61a,raw/3dmodels/original/N/B0842L2D5N.glb
0c1267eac789688140eafa69c1f0a86709c13a3ff086206858b600757fe363f1,raw/3dmodels/original/Q/B0723DDFLQ.glb
0c1da147545fc56c743ea1ee9bd2bc7c41198b106a79c19ea332363e62244877,raw/3dmodels/original/3/B075YQ8QT3.glb
0c2a2967ad38b540c79333d75281eeaef86701826da0c10c6eea350a3b026e60,raw/3dmodels/original/J/B075YQ8QRJ.glb
0c32604385cc00d6d0600dba2632495c47df107f55422dbfe279a2c9777ee939,raw/3dmodels/original/2/B085GXXLT2.glb
0c513fedbafcfb019f769a76421903666311be3fdad7e4c1b7945bd37ad29c34,raw/3dmodels/original/K/B0725NGTKK.glb
0c6048ede8704cc1f6a736e140555b2b061bd3247670472d215f785d3fac746f,raw/3dmodels/original/2/B07QJ23T42.glb
0c75f41c19290707e44b6097b6c042ae1ee5b512619aca7670c8bd0b4bc87c13,raw/3dmodels/original/Y/B07B4MKBPY.glb
0c95799ed9b3f093635c4250a25f11c9c86e37d6dbdc59ba54b5c5128fd6bfcf,raw/3dmodels/original/C/B00QQNFJYC.glb
0ca0424fa7cfb0aca02902890dcc55109b75dc86c905f7fdf01dff9c74ad9cbe,raw/3dmodels/original/S/B07CB5GT4S.glb
0ca15423e9bbdfa3f8c0565553053b1181fc47662bd0f66f4e5393b0b9958d44,raw/3dmodels/original/M/B07JL5PRQM.glb
0ca7d7ec63db3226e70a650478888831f33c1a81c07e52682e1291fb170f5d34,raw/3dmodels/original/L/B07B79WTSL.glb
0cd31d0c17d20588b1abba5be851d3904cc435e2b7ae5c240197fa6541422f2a,raw/3dmodels/original/3/B07K8V2SX3.glb
0cd69425b0688444b6634ee27aad0ef285a59d33a5f912cd6b709825eb6f1517,raw/3dmodels/original/3/B079TXJCP3.glb
0cdef7ddabd8ba4c359d9e470ca4d45f7bd2ebb0493e5a8adad3e9ece43877db,raw/3dmodels/original/F/B07B51946F.glb
0ce3ca88fd6bbc773c5a23aa2128dea8cdace38427b649b09f812da9fa1e37ed,raw/3dmodels/original/Y/B07HZ6ZJFY.glb
0cebd1c8b54377fbfa231400b534499388d1f3a8b3599abee9c2f457d58be9e4,raw/3dmodels/original/Q/B07PYKJYLQ.glb
0d04cf5cfbc60f0f8e42635a8828d5d717150bfd9c077c726ee7de3ac8f9de3c,raw/3dmodels/original/7/B07HKGMQ37.glb
0d1308a3b2dac3520d704c982c2e6a770b0d3a4d4a0cc9df7cbb58c16f44e085,raw/3dmodels/original/6/B01MG6BPC6.glb
0d1562630ea52b95b4d3146ad36d0818b01a9059e90eaf87bd83924fbffe5770,raw/3dmodels/original/Y/B07DBGWFGY.glb
0d254e607b8a75c2817d5e41ee0fdd5669e701d824b707885b25abf402c2b36d,raw/3dmodels/original/6/B07YPV7SN6.glb
0d2744843508daf07c6206f3214a97ce9fdad2cdd6efc1b657904e2a10a37dbb,raw/3dmodels/original/G/B07B4DBBPG.glb
0d4609f330974956c7456e5a5c1abd61bf1f2de6794ee5779276e5980f460dc5,raw/3dmodels/original/H/B07B4FZN7H.glb
0d481009f35251d45ec7d8a48508ba4af6fdc8dbb2208d75fb13a7fb5aea27fe,raw/3dmodels/original/V/B082XMF2RV.glb
0d48987e9297823fa415bd051c63486d195301f37e7d88ea7faf178c7028b8d4,raw/3dmodels/original/S/B07JGZP16S.glb
0d586be5e521cf085c1359fe185761d24eeb7725cac1897ee960fb30261129e5,raw/3dmodels/original/L/B07JXZRQHL.glb
0d5cc92ddbcd31b0ce43e9edc8c6d71c9cfcfed1f733e8ab99f3c4aa7cd3180b,raw/3dmodels/original/Y/B071ZLY18Y.glb
0d65f06e1389b91af691caaeb79d87a4e252afcd012abef5f432582b6eddee35,raw/3dmodels/original/H/B07MJL5BDH.glb
0d7a0f45d3aeaab7ef9725c803e09716f807dc225d58ab3e1f84e02d0c764f70,raw/3dmodels/original/N/B082QDSXMN.glb
0d7ec5e77b4768fa87284c06c729a8430b17f773006fdc02edc17e6bb53e5891,raw/3dmodels/original/1/B07K7K7GR1.glb
0d866ed659901a80bba8c771131f3ba33a09ebc4fef202457e3320e4c3d834ce,raw/3dmodels/original/6/B0853Q71J6.glb
0d8f8fb5ebb2ff3110b56dd173e5cdff35096cba851e0652e49c8785ac3a90f1,raw/3dmodels/original/1/B07GDSF2Q1.glb
0d957b236f1c63de99773098d370c4a0cdef78d533bfbf293af49f2b2af289b4,raw/3dmodels/original/X/B07HZ7PG2X.glb
0dab64bf8e861af8a5e67a81f1a7d6c6d6a69de0f678ae1330a785b8bd7fe128,raw/3dmodels/original/1/B07DBF3L51.glb
0dae421b191910f90ab1c041d9c7265c9eed1ee6701a31511dd27aa15d6a756d,raw/3dmodels/original/Q/B0856G7YXQ.glb
0db05480555b02038cab8b231828376a0c6a83faf702362856b3942b65798b6c,raw/3dmodels/original/8/B075Z93NK8.glb
0dbe643300ef57933a9f117d080ec416ec7649b53a9f1a81a1e9e520e3abdd52,raw/3dmodels/original/G/B07HSJSH7G.glb
0dc24cd444f1ba7da032a4d420680109688d7363c1abf1caf7632871ea32d15d,raw/3dmodels/original/G/B082VMDZKG.glb
0de1ad15c4e4a8a09310a936b1d986cbd539b4ea188fbf1dea7b265413318447,raw/3dmodels/original/S/B088F76ZDS.glb
0de5bb0d3bef1d1a5ac286eb2b98d996176861360cb5c67e46766ed72f8d5006,raw/3dmodels/original/R/B07DBB1QXR.glb
0e03086a310b49800a6efc8d5499589262d6e05311f7c04e7b98279d8148f93b,raw/3dmodels/original/8/B07BZQPQM8.glb
0e057d59d59780731a89863900d65da61094bd756050d4d881ce95ae30ac8dbf,raw/3dmodels/original/K/B07B51K5BK.glb
0e116a4818bd8a9573a3cd43c1bc0beedb16103f5490cab8625a86c86e31ce53,raw/3dmodels/original/5/B07T9FMMV5.glb
0e24fb76ceadda513cf4cea24a7a269ce7d1ec5e0ac16aea746e57a0d28b8080,raw/3dmodels/original/X/B07JQX8S2X.glb
0e2c309c06930d5d43518896d245efc8c819ae0849f50e4b5591fbf0c7190bad,raw/3dmodels/original/2/B07QFRSN22.glb
0e499505d2fb22d8b1e7a8de6acbc07005c9bcd6a2d14afda7d8e9ee18b1f983,raw/3dmodels/original/6/B074DZFKH6.glb
0e652b0ccff64385a7eba55441788faaa07bd1b9e814fe9019b5b26acf759aca,raw/3dmodels/original/M/B075YQXRJM.glb
0e6795611807cd3f65724d090ec96d31a357e75ff0569d2b92416b0fb86ef176,raw/3dmodels/original/N/B084W32W2N.glb
0e83ba06342ebbc845049f7c2a0ec5740700c7088ab825fb3172ce6175f5dd80,raw/3dmodels/original/R/B07K7NXVXR.glb
0e8614dc6999554299a56ce478ad1a3f5ce949d60bf162fc619221650b133e57,raw/3dmodels/original/G/B07DB92GZG.glb
0e863285841fbe137876478b23206565d11003d2d5e842141440afc021cd2da2,raw/3dmodels/original/Y/B0728NWFGY.glb
0e9108f92a91a15e1c5e9aaa640b2da27758f13196759fe773466d9f62074309,raw/3dmodels/original/7/B0857JNJ57.glb
0e9ea0d7081a7f404d186430d4de3df9f55c7e68cbadb6ef6f9d5449caaa8d02,raw/3dmodels/original/8/B07JQZ87G8.glb
0ea1ac5e0eec08dd6132f9e2067847bf67834bab7d4f454f2dbcd30a2eee6fb3,raw/3dmodels/original/Z/B07B4GXWZZ.glb
0ea21f68e2dee0a15a8a4dc41d4a69bc55d6c5dfb860ce40632feaa283884766,raw/3dmodels/original/4/B07QHKV544.glb
0eba1c47649e55db6a33ab578c46ae12b9d6c2cddce232b3923aef971251531d,raw/3dmodels/original/X/B07BL5VTQX.glb
0ec32af9365446f3e9cbb0a5e1c65ae483f9cf1234511694490581d5a1b83aa7,raw/3dmodels/original/N/B075X4HZPN.glb
0ec92db5844dd7cc0e3c96185a29ff4f05569335449b559f09a74fc6836701c4,raw/3dmodels/original/N/B082TCCZPN.glb
0efb149cfbddd667c569ada633596446db8a22d69285a9f31fbf6fa57d4de391,raw/3dmodels/original/S/B07QF9QCYS.glb
0f042b23d2f1cbf7d5c86c79147177c4062de55db9639b8ce70e40fe3f78fc45,raw/3dmodels/original/V/B073G82HBV.glb
0f0df0fe9e1bb9fa24c6a73dfca2fcb306d15f1bc3e4e8a4458e96db5ddbb51a,raw/3dmodels/original/J/B0824DVF9J.glb
0f1a1527340b51b2ed64f651693a15eaea4424a6dc3aefe983043e193473730a,raw/3dmodels/original/R/B07FK69CKR.glb
0f21d8ec14022122510406dba23231e7aecfde824a9ae8720389d782e9f216e3,raw/3dmodels/original/4/B07BZPL164.glb
0f444cc246aba01dd34ae70924801944f4ac90995d1b202d1a0d608e3e47d7f5,raw/3dmodels/original/8/B08568X258.glb
0f54701cc7126474ebc267b755cd5dfabe914204aa703f002c0d7a05dae0863c,raw/3dmodels/original/9/B07K6N3XL9.glb
0f549d701d5d943abca2d9319340b9d5db1d44619d1093b78ee9fff88e4468e4,raw/3dmodels/original/7/B072ZK8897.glb
0f6178a280083053d2774180b41050bcbe22d870170816861f540b98e78d4158,raw/3dmodels/original/Z/B07DYJ43BZ.glb
0f62b21d8c4314bb2d5f20da6f3fc0168722ca18a1ed4388e1edf48e77dc8e7a,raw/3dmodels/original/G/B082Q8WR7G.glb
0f726e5d27a86d8179cf3c70848c26996b1f74b346d03efdba5e90820fd0dadc,raw/3dmodels/original/C/B07HZ782JC.glb
0f7408d4685c064f94d3bb98681bfe1dfd2e9bd0896fc86079f0c0002a6fffa0,raw/3dmodels/original/G/B07BZQQP5G.glb
0f7d6a8e86eaeaa5345424c4b8d5aeb6fabe41d80659a423d50569aa97119d56,raw/3dmodels/original/P/B07QVSSY5P.glb
0f9c36621d7a127dc465c8cd9a96eae534475f87448b3361658a94658ee48774,raw/3dmodels/original/1/B07B4GSNB1.glb
0fa269ac2958ae4264b8bb9b0f45f98aedc2f90273f804296bcf3c26ab1da6f3,raw/3dmodels/original/R/B07CQNCJ4R.glb
0fadab95f1a92854063f382cd265d8520479789802cf5659cc30f0345f1288dc,raw/3dmodels/original/H/B0853VKX9H.glb
0fb6c94a31703e9d237093b63dffca63bbd0e3da41b1be3129631859b00c1f0b,raw/3dmodels/original/9/B071ZHY8X9.glb
0fb9f226f611b5acce984e85dd5124d1dfecf5c66ac9c245a8e83894402454a2,raw/3dmodels/original/Y/B07B4L562Y.glb
0fd004c7cac3789a460ae2612ee830342eb85660de0ddd8fff02b96889dac8ed,raw/3dmodels/original/Y/B009S7IYKY.glb
0fd7715201f92efa50add6305449b917dfe3d413190d8ea64ed5a325b7e2a071,raw/3dmodels/original/B/B07QC6VKWB.glb
0ff0391651f92a481f414fcab1918eab4b46d29c2286b3f074eeb01ae3657389,raw/3dmodels/original/V/B07VSTTTHV.glb
0ffb75ec05453918ab9b1ad2a814782bccb12ad64b4c6009ac28405dec1a4ce0,raw/3dmodels/original/M/B084MYDTKM.glb
101563fd29de5f231530d4895601bef0be510a69dfc9e14360ee5d89286cb4e2,raw/3dmodels/original/M/B073P36T7M.glb
1018b30b1c8dca1d5167afbb4d706c3c46843edb0b95e24e6fc07f0a0c8cea1f,raw/3dmodels/original/L/B07K7NNS3L.glb
1031cc4f5f3012c7e377ecc5c914f9cfefc61d62edf68de66eb802aa4168139f,raw/3dmodels/original/S/B075ZFSTLS.glb
104cd643079149021a72627f9b2304a723900a2a81cff366423b2fb4985da836,raw/3dmodels/original/V/B07B4ZFR2V.glb
1050400b5c49309cfa19a845ffce546967713d9d0fc0804685c7bee2f09c9f33,raw/3dmodels/original/C/B074KMZGTC.glb
105b0665f36b8cd2243d25a9554af416b93e2fcf63bf0780183bcd7d50159518,raw/3dmodels/original/P/B07P9Y5SDP.glb
106b3dbbadf8924677535679c640b263d78a2c020dda08d628c7fd630c43cf5c,raw/3dmodels/original/Q/B07JXDPKBQ.glb
107d719244a837b15cb6cac056eac181f00e36ec540abac54b5ea51134555b14,raw/3dmodels/original/2/B07F2X8K62.glb
1085064f0fcae4eab2b154d291b1a378d6f1de7ccbaf1a97849c810e8f9e66d8,raw/3dmodels/original/M/B07JQX8F3M.glb
1091bcc71e7421d14bfe085e24af14c0b71614563ff5a5931cd7f994f6719717,raw/3dmodels/original/C/B07B4ZPGWC.glb
10bebd7535cea6c7992e5cbb3a45fe4201c987affa3b9c2f3fb21af3f3a07f0c,raw/3dmodels/original/R/B08DJQRNSR.glb
10ea476ab460da5d8965faf9ecfc6527fcebecbf5791203f0a694084a672f2df,raw/3dmodels/original/F/B07B4MDGDF.glb
10f7ef96bb0b06bfc2722241e3baa2a53f4aee11e9505838dfd687fcf47dd80a,raw/3dmodels/original/S/B01LONQ3TS.glb
10fee1582f21f6bca44bf6db62465f6c74e54f8f888705e7bc7ff2a42cd9106a,raw/3dmodels/original/S/B07DBDT6ZS.glb
11078dafdae39955ffaf1edc0eeed6c37f3d6b2f08534737f87914bf464095ab,raw/3dmodels/original/1/B07RPZ5PS1.glb
110a577d240a2598109f3343d2d49b370c79faae82b159a8b5242fb0129e2609,raw/3dmodels/original/Q/B07B4CZMNQ.glb
1114f9b862b8035b6951448a45c36cea49fd42b2e4ddb03faf95eed22f549e45,raw/3dmodels/original/9/B07BTW5Y39.glb
111733d5c849ba3f1bb24931e8182228efb3682ba137e5ef7cb97991f0889540,raw/3dmodels/original/M/B075X4HZQM.glb
111fcaeae76ae671c1f46bff88414b62ac408f9fb6aa3f29b58671160c89e38e,raw/3dmodels/original/W/B082VFS7ZW.glb
1122e99e434f0a1a410d4a6b9172d6f98a558b76272e7aee6e23ed24bae2ff20,raw/3dmodels/original/Q/B07R3CYQ4Q.glb
112d1381163ce35cb9ff37764070109eb4f5485c0e2643d751ddd6153bd907fc,raw/3dmodels/original/J/B07N4G81CJ.glb
112f711338ac9bd11fe2f2a95537d9cb5b21e22ed25628533b4f108178a979c7,raw/3dmodels/original/1/B07B4M6BS1.glb
113d607af452dd7311b8d5fb20a8bbad3110eeb816e4d3e7053a38912f9876c1,raw/3dmodels/original/K/B075YZPMWK.glb
114017104db6b8e5f68d11f7025f82a210b0bc8335f0bf1c04ccb2dd45800d82,raw/3dmodels/original/5/B07DBGHZH5.glb
114b3846415ebf46bbe75f91d8539e3d328b81ca9e710c5b403abd5f4aaabdba,raw/3dmodels/original/5/B07BWLGCB5.glb
1153a6761bb39aabbd2f406c2755df6fe905333cdaffd216d1b30a7835594769,raw/3dmodels/original/9/B07HK3YLG9.glb
116d62a1d42821da315c05c1de39d7a6a0db5cd52f74655d5e037d7a159e34bc,raw/3dmodels/original/J/B07B4YC7TJ.glb
116fb03475fcd44b82a1d7be4cc573abf7b08c17d957fc74e6446088303b9548,raw/3dmodels/original/2/B07HZ5P7N2.glb
11775964d72f6c2d2c151d531a1a5c82437363ae861c04c5a2d9849043cbea38,raw/3dmodels/original/Z/B075X43FQZ.glb
1188ba6965c28f6d69b1ed6b26d8013f4c85ae7dcd3444fec8720e5b94523ec1,raw/3dmodels/original/T/B07MHMTC6T.glb
118a5e7a402ae16a7662d8076d7577b320d224ce5f2065805b666a3b0f0c0181,raw/3dmodels/original/F/B07B4W5TZF.glb
11a348890d51324eb9b63227426c98b323050217814d5664e7174456ddd8819f,raw/3dmodels/original/8/B07RR3K7M8.glb
11a8d1732cdc3d6f76f3ea9fee229286bf078c5bc93ec974993697093283a578,raw/3dmodels/original/4/B07TD47Y74.glb
11b9dcff991d74ab6b9258405a8378abdfafda9f859853417efb87c6f69a020e,raw/3dmodels/original/F/B07B4YR6KF.glb
11d790aff50db93fd4502aed62e36325c2e88979de3253ca00caf9170e7a9903,raw/3dmodels/original/1/B07MF1RNW1.glb
11daccb9a1ad6336a029b8810d6a998976868dd3057a8c0a3cc3527a98e86820,raw/3dmodels/original/H/B07BZB3HMH.glb
11fb4f22eb8180a4fefb046d735643ca05a40b00a065d8ce7b8a5745c1e67721,raw/3dmodels/original/F/B07DBGHY3F.glb
11fdd2d205a5d25dcca43450260d1224be502c8206621560116b6d055f838b14,raw/3dmodels/original/J/B07JQZ7ZFJ.glb
1218c30ef4fa3ffd074aa2134d43502270af5d650652d9814c1dd4a1bb3c95a6,raw/3dmodels/original/4/B07HSMYP14.glb
121b28fd6f41c5d32d0b5fbfc97ac71e41d0fecc069715787dd5cccc83c18059,raw/3dmodels/original/X/B07BZNXCWX.glb
121fce624da5b9bd9c0e7ac0b423b9994986203cc7b53d0a1410e29a0d45ba2f,raw/3dmodels/original/P/B07HSK628P.glb
1220ec15cc52301644ac7be527e286d5a28fc30e70cdc8c9e5bbb70e75acd5d7,raw/3dmodels/original/G/B07MND862G.glb
1222e20e38f9f5181e328df05b6136dce82ce201801d8028c46134aee3468a99,raw/3dmodels/original/3/B07B4G5ZL3.glb
122514172565a67b7fa3cd068e957052bda9d4adb4b5f89c7990ef5b2ce99ebb,raw/3dmodels/original/C/B082VLYCPC.glb
1250e4b5ba0dfbe22428261a4db6da4b4ba756e540e1ae7b51963d11690ee3f9,raw/3dmodels/original/Q/B07QDL488Q.glb
1287768fbd365575eff6bc817f4a7573458fc1e99cb43331be70c425499d66da,raw/3dmodels/original/J/B07BWMSM1J.glb
12a792d445291bbc0a6d1c9f7cdbac36ce42655e87d13941e0a3f536f3bb0281,raw/3dmodels/original/X/B07MHMNJZX.glb
12dd903cc7d886d8ad08c81b373e88848fd0959879877572e404a3f11b239bb7,raw/3dmodels/original/L/B07TKXBZZL.glb
12e5a02b792b135c4e44ac20f021cce5158be6fe70a55296a03aa01d9c1064bc,raw/3dmodels/original/R/B07DBB1GVR.glb
12ef18ec38de1aa127ad14261de672f94a8bbd0b4432267cafd4840cedb79efb,raw/3dmodels/original/D/B07MBFDRYD.glb
1307509dda017d42633ded176fdaf0f31794ef3edcba5a01a245c5541209e579,raw/3dmodels/original/C/B07Y3PKFSC.glb
130b1cbaf85afed627f4715a07b821980e6607ea3a9e323b55f282b09d41e383,raw/3dmodels/original/P/B07QHYF1PP.glb
131793725a6b265a521bd8f8fdc9d3e32ff6a76df43ccef64db0f5bbaff63c47,raw/3dmodels/original/W/B0825D7RYW.glb
132546455e6f3904ee80355560ae7f468c825216d732d925aec2044c0e4a21b7,raw/3dmodels/original/G/B082Q97X1G.glb
1330dc62806c4c936c64119cb122248165ab33acefd3ed28040a5a0f21b76a3e,raw/3dmodels/original/Y/B082SVGL8Y.glb
1333ce2e4d24a01b4dbe9bd9e8337d93e31b084125dfde51b1074f1e8ace6a98,raw/3dmodels/original/4/B07B8P1J64.glb
134127ef02fd2400d1c54515252f52522677f63fd8d48af5dde6b60ea5ae3a12,raw/3dmodels/original/V/B07QGWMRVV.glb
134de15d47a41a80fe3748102279a5b1186169869dde524d0ff52079df311dd5,raw/3dmodels/original/5/B072FVHRZ5.glb
1354aa4c2510bbda2df52bd3e25e1d67d5cc8970f9ea8c66b47e1baf91e6ccb1,raw/3dmodels/original/Q/B07B4G487Q.glb
13557f772fe52c38674e52fba28a56df870f2ef4c25dfd23cf0f124370f51a3d,raw/3dmodels/original/R/B07QFRT4NR.glb
1359259e036cb1a4987520a05baf2873256050c6ab4321c6039e119f577dc410,raw/3dmodels/original/6/B07J2Z2DT6.glb
136efe6aef686977b48ca2edb5d62e3e8fe5e528d840d9382060b26fe2c9783c,raw/3dmodels/original/9/B07B4G46T9.glb
1374b052919d9c11d954473e808ac6ecb89e3377a6b6dd51351b027e84fa8cbf,raw/3dmodels/original/R/B07B4MTFQR.glb
137a60bb454c181d9246b2960eb468727a6b36a216bbc6361e3339b6d1c6c768,raw/3dmodels/original/2/B07TLDMQS2.glb
137c8db6fbf9714b1bda3d667ad148f83f4dc0da149e364d432326afadd1ca2e,raw/3dmodels/original/7/B07JKTRKJ7.glb
13ae84da6c26b3fb016ac57181e8513d8267441d61b5e49ec8dd9e4115ea52ea,raw/3dmodels/original/H/B01MT1NYLH.glb
13ae865b5393369bb61f36d41ac28f4a02ece4396c076bd043a178eceb1b0671,raw/3dmodels/original/6/B07NRQVY26.glb
13af2b31cb634466cf76477cdb1de618f9024f542a2329c995827dea55e12045,raw/3dmodels/original/4/B07THSWCJ4.glb
13b27c97f32e4f44e5a95df4e4a0173b49cb74572c8d07b8011e05d5fddb6c41,raw/3dmodels/original/L/B07VST144L.glb
13bf4fdb9fd048147c0102c86a6893d6b9037c82d890b6fdf1e07791bb24014d,raw/3dmodels/original/Y/B07HZ6YWZY.glb
13c55ed096e0328e6c153123ff6848166478932e7b5211d2f77ba72ac2bb346f,raw/3dmodels/original/L/B07Y3Q8JWL.glb
13c8fca7585d1b52a3481e318068973e112c330bc24a65fa130c135a24aa39de,raw/3dmodels/original/G/B07HZ58Q4G.glb
13cc92e65304c3bfc27ca4c33353094061639bfe67911da21bc41659b6b92e09,raw/3dmodels/original/F/B07LC9HXSF.glb
13fb81e1bd4a828eb4a0ae9a5cb91813b3808c36c6d819f375a3fae834e650b4,raw/3dmodels/original/J/B07HYYBHWJ.glb
1404ce152ebd7a70affd23c846f7b25d9019b6c8dcc1a50f87697d8d98d2b5d3,raw/3dmodels/original/K/B075X33RZK.glb
14075e03aa959e8f2ea38cc2918a76b783beb8cf24826013852820bda74157c3,raw/3dmodels/original/H/B07F3XLTRH.glb
140d2190b8a45772ba887faa40c787145cb001349a3c3da1fdba679358923f64,raw/3dmodels/original/X/B07QY2ZN7X.glb
141ab215bfd5c767d2670de649d166c32698a4945553b204a124e77b4a237575,raw/3dmodels/original/1/B0842HBF31.glb
1426caaf3a50c2555ab780b2f47e48c8e1601e764eba5269670b0626df2dded8,raw/3dmodels/original/Q/B072ZMHBKQ.glb
142fa1324bdb8882a9272b5fa5bd06e1f30bfaf6fd77668637e93043251e6bb0,raw/3dmodels/original/3/B07CB54MM3.glb
14328792107913a9e69844b22323b049d611f7840ae239be892dbf43d9b12ac1,raw/3dmodels/original/G/B074DZGRMG.glb
143804e685584d96399bb3384bcc5119c96c15f3d3a448682500757a3e6295d0,raw/3dmodels/original/4/B07QD6ZV84.glb
1441c3a8f5a5497cb9f66eab0f39766fd364e754d9eece35a2e18fba12e2b788,raw/3dmodels/original/2/B07YPLBD42.glb
1445b8190ff1f50176e4452c371a7ff80398648dd7bdd725dd58c59d3fcf5d14,raw/3dmodels/original/B/B07B4D46TB.glb
145ecb09c06111b0cefe59c7822b8412d3624b2bc812ef1a2abfdf10b7b5691e,raw/3dmodels/original/C/B07K95NLNC.glb
1471a17ba94c35e1fc9f7ddc1aa8c343d4ca644e5cff14a090abd77a672d7cfe,raw/3dmodels/original/8/B073G94FW8.glb
147ec1105e55476da809e03a36f6cc54db0a4d6f09b5c5725279d7b4cbedcb36,raw/3dmodels/original/7/B07QFB4HW7.glb
14837ec7d90009abce3f90aaaec23cd1cd4e6bbbd50cdf22a27cadb7078c8ab0,raw/3dmodels/original/K/B01LR5S6HK.glb
1485800c0452989bf9d3bb8112d515368f5db6cb962b31b42d9a93541964bbee,raw/3dmodels/original/R/B07DBF3TWR.glb
149d5081f44d9e95913dd7fdcb01ce062630da28578ae27fcd6bceca3acc0528,raw/3dmodels/original/D/B082TCDJCD.glb
14aac295a4240c6defdf61af96d6be5e29a72bc4358d355a3669225b46d8e32c,raw/3dmodels/original/R/B084KCSRNR.glb
14c000c3cedf4be0a00a452026e10893d4f36fd8d1a377b03f5f2e90194fa955,raw/3dmodels/original/B/B07DBDN79B.glb
14ea2c98a2bc0bae36d848596eb7028813415ae90e7598ed1dea233461d14ea2,raw/3dmodels/original/L/B07B4L5FPL.glb
14ed87a32b16a65c1af579aae474070d63ecc8ac376999ccbee763c83c268fab,raw/3dmodels/original/F/B07HSFJ2PF.glb
14f5fa25b17ca62484aa44ec24b9fec2d16d630254df4f5cd83bb90b9b71cee7,raw/3dmodels/original/H/B073G7WN3H.glb
14fb512d1edd87d6ec5f22ad9a245f12d735b082642a994ab6aa6d8b0bb81996,raw/3dmodels/original/H/B071DZHLXH.glb
14ff48cfef4156ae16293ca24443fa55b3cffd6e2e65bf987ec15a5ed764345f,raw/3dmodels/original/Q/B07G2RJ6HQ.glb
1510b8d74fb27149197328c8fb47a83898fb2150bca51ccd6e7e477a5ea71ae5,raw/3dmodels/original/T/B07BW8MJQT.glb
151771b5f24ec1dd9ff907da0c139baaa0d50deb2b705c181d631d9a44eca0aa,raw/3dmodels/original/H/B089L9L87H.glb
1545b1727c092ece4309751b237e770a29a4c3387a3e408fb8b37936a0f01f65,raw/3dmodels/original/H/B075X4N3JH.glb
1550e3219f6166f897b15fd1b1544bfbe27f04555fbac0098251556d7644a12d,raw/3dmodels/original/Q/B07HSJDMXQ.glb
156271cfbc67f22a0cfa4c1eca8379db1ff50d04e1675b11444258744f04e322,raw/3dmodels/original/M/B07J55BLDM.glb
1567a9955d862830188e0d11ee58b45ffe7f53a21ab6b2c285fd356987e55396,raw/3dmodels/original/4/B07JPGP464.glb
15788c6db3c45cc7bdac92937fa27a0b1f5ecba8480aa21caf348f2b05edbf0b,raw/3dmodels/original/8/B082QBBYD8.glb
158b4a30182ea3bbcb0018abc3922cbb982dcefeeed82d5151005a4aaedb6bd3,raw/3dmodels/original/R/B07DBHB67R.glb
1593ecb5689fe31682459b1be70e4a41f4c4bf2de26841736af08d56585985e7,raw/3dmodels/original/Q/B075YP3BHQ.glb
1595034693b6a2205f49fd2971837b2c50ec388d6f52f7efb5d76905e40e2d01,raw/3dmodels/original/3/B07B4L9BQ3.glb
15a0027280b052d7ac8461da1314ca69f0f3e702d9a9d0945ea97518562493b1,raw/3dmodels/original/G/B07HK3F2GG.glb
15a6f0f086b6938b02ac1a6c88fd29191f795402871e7f009504a63245a74f29,raw/3dmodels/original/M/B07BWLJR3M.glb
15b64333fd3e49f37472e644cbed57f74c84b234fe60dace67af04890fce3229,raw/3dmodels/original/T/B07B4W1Y9T.glb
15bbdf96bd85c0274c405746d8d43f6b9eef6dd6b78c5a37015c379b571f6a4e,raw/3dmodels/original/V/B07BWM2CSV.glb
15c2dc600277fd90855b4077e12ebbbcb5a4f0b1bb380136d5da6820a000400c,raw/3dmodels/original/D/B08DW8W85D.glb
15d30812ad3044c6d4e9643da7b279e717d95c36ca39152146a86d144c28e21d,raw/3dmodels/original/7/B07B4CZP57.glb
1601c8aad50aa6745c6cdc376a89f98861bb5b625eee3c13ddd9d34653fee369,raw/3dmodels/original/2/B075X4F3Z2.glb
1605732a9c537dd94563f9e880450a3553922fa79972b35adb3ce2187dc1ce9a,raw/3dmodels/original/Y/B084W2SXVY.glb
160bd9f6d383be44ef82e4d8b5075e638269478a2ed9bffb6211c1703107a8c7,raw/3dmodels/original/W/B07B4M68LW.glb
1619aea9a85b1dbe0f2aaee28866e73068415b47913721080f867d1033865d4c,raw/3dmodels/original/4/B075X4N4S4.glb
161f7e7a4678fa672cf01dffb636c8d3a3b8073e6693ca2504d6e9d3400691ca,raw/3dmodels/original/Q/B071V8DQVQ.glb
162f39c33f997a45bd5af528f31a19e42c28e5fb94a16154d2c18f45bbbcea81,raw/3dmodels/original/5/B07GFL6RF5.glb
16472e3a7bd8bb62ea5f3d70405d0878546b53f06c571a993c1139aadd49ddac,raw/3dmodels/original/Q/B07P8ST7JQ.glb
164bb5f475c2da9b24ebe00030da2ff9ac92a81921f1b5817eea860e71c4bcf9,raw/3dmodels/original/7/B07QFRSN37.glb
16555d3e55aa96255f4e0f03ba6fe71a6bab0c15822e5a7c42ff1df5c79c5d82,raw/3dmodels/original/V/B07B4MT2HV.glb
165e690b28c5092cd638d8ccef512ed9470d4dd7e0656d91e2f74b9e8ddf9161,raw/3dmodels/original/G/B07ZVLRCSG.glb
16768296063e2364e2ff91ea32f729261662a77a894c1cd9ebc2fca659560dec,raw/3dmodels/original/S/B01MDM0UWS.glb
167dbaf407991f85312981bec6b5dd5d97f98c0ff7de2131578bba1a1bcd4ec1,raw/3dmodels/original/M/B07N6RT9SM.glb
1682f8cc4123a1e5c3bb03a37aa370aeb3c54da9231f77cf3ac480ac799f024b,raw/3dmodels/original/3/B07B4D48S3.glb
1683ab7183a1eaa0c3df92abb4567b41c581effc45c6bfbd9cb83aaf9a9c5406,raw/3dmodels/original/Y/B07B4ML4BY.glb
169d37d803a32722e6965af91a9852a4db3aac084b2e6515959b38921f54d6c2,raw/3dmodels/original/W/B07QJLPJ2W.glb
16a0ac966ecbd48dcda642cd77da4595a6f657e8e35808624a38eee1dc628801,raw/3dmodels/original/S/B07BVHKPFS.glb
16b0b236b6d912fa61e0ed2109704e9420e3e29f8f943083bc9ebf3b78bd6fd7,raw/3dmodels/original/Y/B07QC85X8Y.glb
16b2b5be1186ed1e9c52e30911a601a9cf700b22015676e2a0173fd2e3ece2b0,raw/3dmodels/original/W/B07HSF15FW.glb
16c855c9ecaa07ca8ff072c7b781f82c9ecfe7e4a00bf995314afcf343d0d670,raw/3dmodels/original/T/B075QM2V9T.glb
16ca6556acd3f70ed5c037f0efa1b31a64a32aab0f02282c25555e70c8a00471,raw/3dmodels/original/Y/B07B4CXTRY.glb
16d17c6c8d29475ed9829719b491636e9a99e8e21286f8ab1f0aae9500a1e7cf,raw/3dmodels/original/J/B07B7HVRTJ.glb
16d731d855475eaf4dce00e19f4ba6359723e3802bc2de8387d19679ca6ac2e3,raw/3dmodels/original/H/B073GCWSTH.glb
16e1c97a169cbff7f79bce713fafcca20bd8c52aa2ac1b8d221a8757b6858fef,raw/3dmodels/original/B/B07J2R88YB.glb
16e65aaaf256aac5870122253d272113964121727e8b098327cdc655b16821d1,raw/3dmodels/original/Y/B07B4MGRHY.glb
170cd43cfbe5040f2a76b137033cb1f2cca5948793a025b3a3659228bc86c3ab,raw/3dmodels/original/B/B07B4YXWRB.glb
172fd54ab00b68c12b84b41ad3ce79d4a6dd859a2d1f75a6eb9d2ba5e78e0b5d,raw/3dmodels/original/2/B07GF5DCK2.glb
1746c15d72bd20e1ab044c6115d65d2e44cfe43dd90259cc60a0addd06d27d26,raw/3dmodels/original/Q/B075X5VCNQ.glb
17500a07f63c4187d41a44e1d45431ed90d57c17b9b925aff744d12c326f5d32,raw/3dmodels/original/R/B0792HCFJR.glb
1753dd17b679e8cf301565f576a5169a1f324eb3cf36e61680925feb89e0a97a,raw/3dmodels/original/Y/B07QFB5H6Y.glb
175e570111dfcf8dbbeedea5356496d4e4fdd0f9789930ee36b14eea0c254b1c,raw/3dmodels/original/X/B07QGWPJXX.glb
1761b3332b799c9e27e3fb5a14267fde517b3b6d5fe73b19164b82207ac67236,raw/3dmodels/original/T/B07QS8TBXT.glb
17a0d604c91e741fe2ea86cae57d287b2b6b9b4b62b6e8aded9ec4da9fe509ec,raw/3dmodels/original/2/B07DYV7WN2.glb
17b3b4474e547441010a7d69e2be32f4b836f0663654458d543918dacb9bcf9d,raw/3dmodels/original/D/B07QFRSDCD.glb
17b901f369dc998bb2ce9c168972ec227f5ae54e8bc455e1f792642951508ad9,raw/3dmodels/original/R/B07QJXW4JR.glb
17ba9def9bd13ca521a78b0291785c9dc909e33aa8f9aacec29d57eb36c723da,raw/3dmodels/original/L/B07B4MH3WL.glb
17c0b4d3dee772345879756eac5c75a9c4ae03bd06ef6551adea034d93ad9b93,raw/3dmodels/original/Q/B07P5LM39Q.glb
17c0c54c0760ce1a6aedbf46537823bd8cc2172445544e8ec57f70aee899cda6,raw/3dmodels/original/9/B07QBMQ729.glb
17de653ba8867c9e4ff373d4be53210be85194a7847c422e57f8e0f52db0fdeb,raw/3dmodels/original/4/B07P5LKZL4.glb
17e96f6186a6dafed371b8a6db2d487580f03212c1d418242a51b922e7533c9d,raw/3dmodels/original/7/B07HZ48ZV7.glb
17ed18018d1f978c58bdb32d8b20f810a239981b2840acbf2d305b93f4830c94,raw/3dmodels/original/V/B073ZNVMSV.glb
180ecd52aa5d1574cc7c7dd9ff1614114d99d183dab5767e89710f7a7af9767a,raw/3dmodels/original/6/B075X4F5J6.glb
18199d0e2ab456a4d4c3c7e257529111dd7b6bf6e1464f9a6840c106061b3570,raw/3dmodels/original/P/B07Q2PGH2P.glb
182aa3f2b5c39366331083cb3d30a364d36021fb1f3c72c81017f5bae9fad1a0,raw/3dmodels/original/V/B0824FBSPV.glb
183534a543fe4a608baa1c53b78ea794ca959114e3238a8c1732a17d973a9160,raw/3dmodels/original/J/B079TZ7JZJ.glb
18487d6935a5f957c87fef91e224122a63381242b247bb3b0b6a21ed52dafc7b,raw/3dmodels/original/L/B07M6WY74L.glb
185cab98243158bd9cff1363eaef34c3184b21b8086e736a3433203a6e29115a,raw/3dmodels/original/2/B07QGWM3G2.glb
1888d490f69c653332bcea2cd3a41c434fc06673c679a4412ddcf59e1533ac31,raw/3dmodels/original/S/B074DZ6NGS.glb
18c7eb7a6cfafa3d8e42edbebda5bafdcc5b99ea08e979f5cc91f56c2f87bb30,raw/3dmodels/original/D/B07TLDNVHD.glb
18d8f88f3f3b8fcef19db3f5223e9e7f0d2d7daf6289ab8c46127945d9b04588,raw/3dmodels/original/3/B07B4MQRH3.glb
18f27ba68b7e4a69211401dd2b255ad9913829a978c2dd7f8e8709123d899682,raw/3dmodels/original/8/B07TN1ZSX8.glb
1908b0fd53da8f19aebcc24f023c3268e6d380e1124eb5330626d00eee580d59,raw/3dmodels/original/F/B07B4Z3B7F.glb
190b2f560cc23b983df35bc7b4c3aa4836173037255ab11d6635e97b2f978336,raw/3dmodels/original/Y/B07RD76JZY.glb
1935e521a4ce72fef192f04a6c9b778b793ded179ca0af9ae0cdeaab35c544bf,raw/3dmodels/original/4/B07G2HBKB4.glb
19647720c7ed92f2e47a218e4d8e2cdafc9175971d5b6ccd99c11fb12299cfe1,raw/3dmodels/original/3/B07QFP4M23.glb
196796b5f7579e7419c8e31cbd738a76add14a51176b6f845eda0b374d517e80,raw/3dmodels/original/Z/B07QJWXMXZ.glb
1987817ad02dc3ef5759beaabf07fa567b4f95859ce67b0b62fdc393de05c8cb,raw/3dmodels/original/X/B083YFPZ7X.glb
19990b2cd911363054c70f90ee232ee4e34dfaa519d75897bb668cd92f53f82f,raw/3dmodels/original/H/B07HZ4918H.glb
199d47e3eaeb24141132dbb32ea8fbe2757a1e152e770269c0dd6f696fa1b297,raw/3dmodels/original/F/B07HPDQ1DF.glb
19b219ac85d9ea198baf64e4748829c387e827600217681074b07ce7f45fe828,raw/3dmodels/original/5/B07QC8CB15.glb
19b7ad948673e3b9d9c8d70ee4eec0967ebd6ec62fef0b0a9afb8e96f7f25fdf,raw/3dmodels/original/8/B07HPRKC38.glb
19b87e43d40af520ae0cafa8be94abbf23cc00fb449268ce9d46e014a0f60858,raw/3dmodels/original/X/B07FJP6X9X.glb
19b979ee7c23a4bf1dee3638d798702bda86eaac093196330cfba0c780f9dbe4,raw/3dmodels/original/N/B075X65R4N.glb
19c8e5b0f50bb39e81d9ed80f9f478d5aa7d69270152ca1ed7c03e196b7da391,raw/3dmodels/original/P/B07V38TBKP.glb
19d6dced522661ae95f4c34a6df1258177b95ad4206d18556f71e10a5c2e6bc3,raw/3dmodels/original/D/B0714QGLSD.glb
19f6db6f70249790b58932e920d7d482b4fde0e462c7dc9f0de5b2e122c34fc8,raw/3dmodels/original/P/B07P5LNM5P.glb
19fd2015e9cdd662ae01b2dbae0005f9435dae719a6abb612722680fc3db0c3b,raw/3dmodels/original/S/B071W5VJ7S.glb
1a1722cb5d05cde982b7b543e9c7a681ebb7b2dc79b08cbe230082f926d6c430,raw/3dmodels/original/1/B07B8NVHX1.glb
1a28fd12a4b42e05e5fa665d2c9399de86e0b60cb35836696fdbff005ec9c39d,raw/3dmodels/original/L/B07P8STHNL.glb
1a38aa14fc45d262f4420b9233a472f3e3f2c9b951fbb16e7097c648689420e3,raw/3dmodels/original/C/B084S12MYC.glb
1a4c3b390404c1663be28fb2591d0d2b91abf015d24c32c6cea8a30e96beb057,raw/3dmodels/original/A/B01LR5SAIA.glb
1a669e29863f355dfb13c8d2cbf7528a842607285e43f1bae7147f51bf884959,raw/3dmodels/original/Z/B075Z9CXYZ.glb
1a6bdfd6b04c37a5cab7b7bf79d5e0fb000f03fcc49b5b8b496719ea9a8b1889,raw/3dmodels/original/C/B07R15KDNC.glb
1a7f5168f2a46161b416a11721d1209bef0ef8b024219ff8c2685c93b2f88d37,raw/3dmodels/original/8/B07DBK7KF8.glb
1aa9ac11ea983f98c99709cd3ccb21f332a1785f44f5be04a2907639b7433a57,raw/3dmodels/original/G/B07C9W437G.glb
1aacad2d2f809ca9317721618fdc4c02946cfc59a6b098e7d45a8dc7de78b98b,raw/3dmodels/original/F/B07QGDQ1RF.glb
1acd45ad85b9c5314d0c32aaafb02ea7306ee9e7b3393b5e5c569ddff3bce0ed,raw/3dmodels/original/C/B075YMN1BC.glb
1ad112e8d4d7acd45318f4fe59028c748937708a71d37770938a830781c7a7db,raw/3dmodels/original/Q/B07P6PBR3Q.glb
1adb6ce72a519b74c6b0d772e914c9f6d06d154c0b1185247a363afb9832c6f1,raw/3dmodels/original/5/B084XMKQP5.glb
1add237298d0900328046ba3407c3ab2ce0b53667a912c19f3adcddc9e11c0aa,raw/3dmodels/original/9/B075X65R39.glb
1ae38989eb9a50b8400e7f310be264fc0a1247aaa2ee8175113a0bbc4aa52de7,raw/3dmodels/original/R/B075X4YDCR.glb
1ae6ad1a5e1207f590412fcd7272415e4b2653e33549996cfe1eaa5d8a87e472,raw/3dmodels/original/P/B075ZCLPHP.glb
1b02ca58c36b1e9c3bd1dd6f72c674dbb51cd301ac07931586142aa6789be961,raw/3dmodels/original/K/B07JLSNZ1K.glb
1b05027832fcc4c59092689ea969158ed508d7befdd0a755e2ba61456910b342,raw/3dmodels/original/H/B07HZ6SC9H.glb
1b0876dfb67b000c2cb310d887d644eec7f39c23aeb8f8c13b17cac755736bfe,raw/3dmodels/original/V/B07FFVJK1V.glb
1b08ba89729f4090e2619a3ea9ea752b4028e74175fc622d35bd0907051cffa9,raw/3dmodels/original/7/B07HSJRNF7.glb
1b1ea4663be88e008789ae0e4aa63bbdd44fc8576f9ebf820e7dbcb8160a5659,raw/3dmodels/original/5/B07DBDT445.glb
1b21407a5d236fea3fed9afd872197ac30045c5546bce6fa834be571ee92666e,raw/3dmodels/original/F/B0742FHDJF.glb
1b24ae046e26040bf9f0c78cae6777f7b87ecadd01d6a24a9a809ae4bb41c16c,raw/3dmodels/original/T/B07HSCNKCT.glb
1b270cd1afb123939c8428a5a181441e3c2ffeaa1c695e934d527eb08ed0f870,raw/3dmodels/original/6/B07DBB7FN6.glb
1b2b03a00234d1101679ecff434db679b4a9fdbe6e668ba999e7ae6ec96bdd3b,raw/3dmodels/original/W/B0717B4RRW.glb
1b31c557e70b59d2ea11e258934d6082a249f4eb87fe7aea6eb9d05cd2e78ee7,raw/3dmodels/original/M/B07LFP96JM.glb
1b5fa818bcfe01801b4077b60bb87988561baec6a0158ce3200e3ed26f8d62db,raw/3dmodels/original/X/B07YLZJC9X.glb
1b76977ca07dacbaaa1f1246f4d663d43d74c7e9364c7847ab322ae697d2dc97,raw/3dmodels/original/4/B07TFFF6V4.glb
1b7831e6b3d0b93401d7210b2854ac0a8e4a0aaf4925d818a53ae480a89d4548,raw/3dmodels/original/6/B082L1R2V6.glb
1b7fc278a71b080fdda0faebaa14627e6be5f5226cff80eb4aacc1df215ced7a,raw/3dmodels/original/3/B072FVHS93.glb
1b9aa89714d0bdcec4b59ae803cc9838c73856ea2c627d626052a0679bfb154e,raw/3dmodels/original/1/B072PZSJ41.glb
1baf427bf38ac7eb8f57cb644ee9ef9c5c6687a66f8b4df71461cd84fc4e785f,raw/3dmodels/original/1/B075X463M1.glb
1bb16b6a9d783cebf9dd1c504dec9af063fc8c03344d458d4f59b7ba5a121a3a,raw/3dmodels/original/V/B07QJ2232V.glb
1bbb88df83b16318cf68e2fffd8111f27d218cdbde35d6938bb4db692e234b57,raw/3dmodels/original/B/B07HK85S8B.glb
1be1fb77f6dc7460916d7cb8e97bde76e6a7768002b94672c383e20bc0add00f,raw/3dmodels/original/S/B075X43FBS.glb
1be26d748a59b3eee8c1f18cfea30e119fb61890e991f276a74877a39c5ca841,raw/3dmodels/original/S/B07QDNRFGS.glb
1be6b294f9aceea614217559e290394ea9f37ad1fec690bd0622d703597d4f15,raw/3dmodels/original/W/B07P5LKKMW.glb
1c0187956ebee7e8f6673f216d0e08201a2203b6702543dffb92fd4800912e47,raw/3dmodels/original/M/B07BWLMJJM.glb
1c21141490cc2f9291e99fd1c2efa910c277fa6e8916ae13a8c315c7adf6d386,raw/3dmodels/original/V/B075X4F56V.glb
1c28eb2bc26ca0dd22164263f8af63a0776c71fd34d147126d00700773c87660,raw/3dmodels/original/J/B07QC85X9J.glb
1c3ffae4fa495435a731388b85b7977228dd9d4fcea44c5e58b9bafb7c548dd1,raw/3dmodels/original/1/B07B4SCPH1.glb
1c41b40db4925f52a16c71c6d73345feef81653eec7df551876ab40f0bfd1ac1,raw/3dmodels/original/2/B07HGGJ1V2.glb
1c4f8d5eb8c5d06d83d621f43e0faf5bab2721f0d9297cc53e172eb821768e63,raw/3dmodels/original/Z/B07TZSDKDZ.glb
1c77f01eb217368064bcd7f5fb3a3c1a8021c3aae5df1dd2df7c5466cf8f42c5,raw/3dmodels/original/Y/B072ZMK68Y.glb
1c801066d99a6d2e4542c214533fccc210d699aaebcadd28276c0c111602aee8,raw/3dmodels/original/7/B07HZ4ZQS7.glb
1c84acb0176a6e2be78a6253059bfc6dac67edd27139755f7498bf9c16ae2c9a,raw/3dmodels/original/1/B07B7BDW51.glb
1c8f37edd71df98bebef307dbefee3eb114278180d562f0ed4bee91ed0ab8d23,raw/3dmodels/original/K/B075QFCJWK.glb
1c9a86c4deb2894964c7d7b45a1f155f072c7aa4beb49c96c8ea08dea2da4322,raw/3dmodels/original/6/B072635G66.glb
1c9c89512088490e674fb54870041029dcc2060f29e46703068218e4fac073c8,raw/3dmodels/original/Q/B07G2H9MSQ.glb
1ca825ee9dc67b0f25cc83b53f309a057682a35ec0d9fce81b6e6d909c284a3b,raw/3dmodels/original/K/B07TXPXJMK.glb
1cb04e1516cbfd90069b82d3757d70ded622853a792f0ac22f246afbe5b19322,raw/3dmodels/original/R/B07RKJCGXR.glb
1cbbcc62f0b94b0cdd030da27f2f6db23e900b8ac6bf7c42f6d13582668a8d76,raw/3dmodels/original/G/B07MJL48NG.glb
1cc6e19a55ac68222305e8f1c91d952115e31770e31dded90c671657d96726fe,raw/3dmodels/original/X/B075X65R3X.glb
1cd7881502c0b85b39ef2c8c5ca47405a5861583791ab2049ca4095ad80a7c07,raw/3dmodels/original/N/B07B7GXKCN.glb
1cdb119e549a46570d64952314cd3586fab61d5fbd629fc0626245bf7e522445,raw/3dmodels/original/2/B07QC76NM2.glb
1d05d5826fa548e625f85fa2b191ee4b95a7415c12759bf2818f6c3e17771dbf,raw/3dmodels/original/X/B07QC8C7YX.glb
1d18b32b1ab96ac801ec78a5c77c2c38b30980d67544e23b4bf7bce86aa8957d,raw/3dmodels/original/T/B07QK2JLCT.glb
1d21587cdba3ef314158d1a98cf1e882f89265333f08b54ada592548b648f373,raw/3dmodels/original/M/B07YNFQCWM.glb
1d45ded57d32436fb06b878f66ca8878e996543a9e0d997c14fbe88c67abc49e,raw/3dmodels/original/8/B075X4F578.glb
1d4b55e63f8baacd666b32398d8eef78303a6500682aa9bdb1b8cd0f79e5ac5b,raw/3dmodels/original/K/B07JM1K8VK.glb
1d83ee3d7ca5684ab7f623225ac1b4b00e0cdba02e2a230794dec3b299076916,raw/3dmodels/original/S/B07QWC7NYS.glb
1d88d9e6810171acc6cdb5c2e3616cdf8e9098cc01f5ff2894c3c22d70473395,raw/3dmodels/original/B/B073G94FRB.glb
1d8fa341ca79f80443bcfc57ee481a4cd67c18f5ff4c14729eb56e0731940871,raw/3dmodels/original/X/B07HZ1P1FX.glb
1dbf12bd0855d875ab6c16988dfcf3c3505944a519f39041db947323c23d5513,raw/3dmodels/original/5/B07HSKXF15.glb
1dd46c716587dfb0748593349cbd8e0d864ca945fa59dae4c7fd2dd4a6e265a6,raw/3dmodels/original/M/B076V9V7DM.glb
1dda2d86803f9f1895a9852b9200c3e30fd2315d0fd12fb4af9e4296cceda689,raw/3dmodels/original/8/B082VMDG18.glb
1de945ab5cc9af017158af404aa6086610a76e48b62f24f380656b5c927ca0ab,raw/3dmodels/original/H/B07QJ1YNWH.glb
1def5f20180915eb0b22c0406758b6092c738b92dbbef444a90c1df2d5f27d13,raw/3dmodels/original/4/B07JQKSDP4.glb
1df1a0c470cfa96d435f946a2703970dbb2f22c911c267ad7d9939d91ef5c1fd,raw/3dmodels/original/N/B07DYK2CMN.glb
1dfdab5fc1e79862593368cd2e2f74eccef0e51c84cc22df94983193ce781009,raw/3dmodels/original/F/B07DBGJ3TF.glb
1e020a4e93f9450a75c99669bc5f7fc01f2f6d544da991d0cfc4304b8e94940d,raw/3dmodels/original/R/B075X5T6BR.glb
1e0b93352d130c057967a16ab336cb62b7f07643e84e78b2e2090aac3b33f4bd,raw/3dmodels/original/Y/B07RMZ83ZY.glb
1e1cb6a0ecdf4580903e0304e24d45b088ec55d99cb3b395dba1a8a6b45aedac,raw/3dmodels/original/H/B07QFRV13H.glb
1e1e0262aaed7ad72546d67f8d79fdf9ca98c603f22f311cfa2d7ec121a285ea,raw/3dmodels/original/4/B07TVJ1HL4.glb
1e26a4fe5e8399564240c08dd437417d1bc60726590b34decb344148a91403a1,raw/3dmodels/original/D/B07K7NV58D.glb
1e2cba690488803b37aab406fe03d9208848dfd85181b9da2c216c481e6de149,raw/3dmodels/original/L/B07QJLYCCL.glb
1e3f38eab7030d1cdb8b2fa7c3da9a2c499b63a4433a387f9f3fc9cb254e61c2,raw/3dmodels/original/R/B073P484RR.glb
1e58a746480d07e5b417b1357ee1f59556f57236804f6c233686828492533da8,raw/3dmodels/original/Y/B082VL45XY.glb
1e5e5d0100a6d579e24cdc3e3f7841eb20293f33d8b23aa21faeb16d5b25b8cf,raw/3dmodels/original/D/B072Y4BH7D.glb
1e674a315a77aa0f5646e28a3124924442967fb6836b15a5741299b0acaf3790,raw/3dmodels/original/P/B07B4YVX7P.glb
1e681fa52c1b5285c076f104921a697392f127bc06a544d9a4e20423ca1c1943,raw/3dmodels/original/K/B075Z8628K.glb
1e74346a7eb052ffea3845de95cb150ffff286158005ced1e98ae26fef13ec6a,raw/3dmodels/original/3/B07JM6HFW3.glb
1e769555e43f05d10ac84adb1f4d0021d7a94d55a8930652d7e35d10aae7c0f6,raw/3dmodels/original/G/B07G2RG94G.glb
1e8232c9dc1488a92dc71d9aa4b75d624df59cdcdf8850583e46bf04dc2b42c2,raw/3dmodels/original/4/B085FJR494.glb
1e8809bcb6e0f0d77d63def97ee7e843e8e82e1125bb145da64508c4b0b32384,raw/3dmodels/original/C/B07HSCYS4C.glb
1ea4d1f64bf08df0f1cdf2115c37286d2dbb5e2094f362d82415edad46a0b4d6,raw/3dmodels/original/W/B07THSQFHW.glb
1ec4cdafcac532dc1d226f688feae7026d1f1aa5c07b8cc5a4198f7037ba1f67,raw/3dmodels/original/R/B07HSLG6WR.glb
1ec5b2de716d3e0cc228b86d7936d6b4b6d5936eab1d80d1959e699c664d8e3f,raw/3dmodels/original/N/B07JLGC7XN.glb
1ec697d1540020dd1888e0b04455a2c7b2b859032625471f4ae821f6bdd81816,raw/3dmodels/original/H/B07QF9X1LH.glb
1ed59cf5f85a11f6d0346a58406f8dd3d0b78ae03fe7192db5156c4dc599a4a2,raw/3dmodels/original/P/B07H8VCDWP.glb
1ed8fe572099e6f235931185a0c4a390e2c09fc8c9d76ecffec9d3f17243ac26,raw/3dmodels/original/6/B07MM47716.glb
1edd0fed6b2786d35271103ed2c64e27e8c2a87a3bac1bde617e74e2e1be55c0,raw/3dmodels/original/4/B075X4JJX4.glb
1ee2cb52d0caa66c392bb1843109a213c546b0af3fd0d31d6e8dd68abc7d05d6,raw/3dmodels/original/T/B07QGFYLKT.glb
1f002c4bf4cb81e676e6a92a8610eb84548e34443f4092f4a7188ee3f913ac37,raw/3dmodels/original/8/B07MJJWYS8.glb
1f16003bb19da388f7ec1d8a830c793be632eb67ab198f9060857df4b15ccca2,raw/3dmodels/original/J/B07C9YVDHJ.glb
1f27d6b72cfeb3b7f943860623af28e034363477fba640d967c693c50726bc36,raw/3dmodels/original/S/B07L8DMTMS.glb
1f2ae08b4f72ce503c4e9bbec4742c6e7527588f0337e6cc5f6df0d872208159,raw/3dmodels/original/5/B075X61W35.glb
1f33633854b9ec2796ac206924543fdbfd4da7371f179ee42214a9f9f583a9bc,raw/3dmodels/original/R/B07HZ58Q5R.glb
1f36db9343facffdb85877368667be4f156cc28b3542cdc6e560eb11c4e2d4e3,raw/3dmodels/original/7/B07XMRCXJ7.glb
1f4a86d4559c53af8c016a3bad3fab7f11c2328c6c415efa74bd20016d3a7ffc,raw/3dmodels/original/3/B0853Q3Z93.glb
1f5fd30a45d405239c3ce2b3dd2834951a6e2dca3445641bd82229674a170e31,raw/3dmodels/original/F/B073WHZKBF.glb
1f68ded2545b4937c34b3feb1991ce32fafb6bffe011ac62865f6016a61923ad,raw/3dmodels/original/T/B07H8P1N9T.glb
1f6bf2f81ae091807bee326ba01561f5badc789056354455dc77420f27fad50c,raw/3dmodels/original/Q/B07YPXCY4Q.glb
1f764e541ba8ba25585d46c8f0f0e2486f937a19dbb7930b80bb04fdfdede6d1,raw/3dmodels/original/S/B07NR3FZJS.glb
1f7be416389486556af63dbcfd2e17da59b7777b06091acb4cdc59502ec6bf9a,raw/3dmodels/original/1/B072JG3WK1.glb
1f8a64a4809eeaf02c7eb2635e3405fe22c69d5ac825ca2e849c3be213874a49,raw/3dmodels/original/P/B07B3XXD3P.glb
1f8b5cec52a5adc81f6a5f9febb5dff13df12209d09fba8604b2cc61935ec946,raw/3dmodels/original/G/B07WTFJGRG.glb
1fa2d0415aff8acc215d35277df150ff6c6d7c87e0db8847260c5d1bd1eb327e,raw/3dmodels/original/3/B071W5VJ93.glb
1fbfb311c693bb02ff120c157044f262451aa226d708b819b8c9ced1b2cb3bae,raw/3dmodels/original/4/B078JH73F4.glb
1fc83dfd0dd034e53bf39ba80b428c675237960a52a6497521945ef1e77a515b,raw/3dmodels/original/3/B075X4QMX3.glb
1feb7e6e566593c072060a508ca76a39274a0691b13928ad48e1153a181ea99f,raw/3dmodels/original/T/B07DBFQ4CT.glb
1ffa123752cf18b20194c3863bffee35e2fe4020aa594a1ea91fd3eb86a45ffb,raw/3dmodels/original/H/B075X2WP1H.glb
2021ca70ccd967e24a8b8cced546c5fe1ff7051869cbe7f3026745480b2c0b7a,raw/3dmodels/original/B/B084MXRPMB.glb
2022b6e60e3f33063b8e15b6aa0380f5612be5382ec3f3b537d29189a29b9fc8,raw/3dmodels/original/F/B07SRYMNXF.glb
20387d0e0bbbd59edc87ec04b88c681bfab0dcf1f227b201a2fe254a49cf7769,raw/3dmodels/original/W/B075X5VCPW.glb
207b814cdea16fb261874a6bb8633c114f61d481a296b7a5ae69067b65cd4724,raw/3dmodels/original/V/B07MHMR8FV.glb
208eedb16903becd69796ab8036ae6eaaf37f950d2230cea24058bcbfb568932,raw/3dmodels/original/H/B083YFP9DH.glb
20a77ba7ae81f0fed844626ce650b0e8595eefc48cba8c24b218d7bdc57eb271,raw/3dmodels/original/1/B072PX4GR1.glb
20c0b22be4b6c3a3e527df9a8b86b593a9df40c63113fbf85663073f4437bea9,raw/3dmodels/original/3/B07M6PKCM3.glb
20e238b60b09132bdfe4b850a44b61f33acb645b11c2fef076c5d2111d6b3718,raw/3dmodels/original/Y/B073G9JY6Y.glb
21080d7008d747d65b13ad42d87aeea08970f0d036e4bf29c6f4c65572bd35b9,raw/3dmodels/original/2/B075YP38J2.glb
210c2bc188ee53b37da5cb9da2377aa5a5515fac36ae58a6c3009c1d39818865,raw/3dmodels/original/Z/B075Z8627Z.glb
211140f1829fcccb87640e213496cd09de3c1b18c94aa1dca93d6feb8e275d9c,raw/3dmodels/original/B/B07B8445BB.glb
2115c2858dd2b5c664c60cb34aef970cc944d88739e2249277a41463d948a2a6,raw/3dmodels/original/8/B07TXPX4D8.glb
211a18b33f105e0c998a681728c55753f72d080c06adc7a3326767f864b64a24,raw/3dmodels/original/4/B075X4VWP4.glb
212d484cdae34aa84824516434c89370dd4ee8e16230d2401a12c32f09439bd4,raw/3dmodels/original/6/B07P9BC146.glb
2146612a24cd4f0d452e4531d39682a4a0effbea63b6acbe6e1b13cfee52861b,raw/3dmodels/original/K/B07B7NYQLK.glb
2151844654d343d55c2bfdfd5d74cd4fe6191d990a0e84525c83550d8d0054e9,raw/3dmodels/original/1/B07GFFQZQ1.glb
21544111823ae9c9a6e6cd37bcd9f6a1c70182e8f68615293d2c02caf01c9aff,raw/3dmodels/original/2/B072ZLCB32.glb
21766d63b0e6b7b961d810c34307c78b1128aa18a6911f807eb7b7e70d1cfdec,raw/3dmodels/original/M/B07HPGHMHM.glb
2189e7de152daad91943a8c0a990ea48dacc89bb23152feb7818a30a14ea2e3d,raw/3dmodels/original/6/B07B4MHTM6.glb
21bbb7c1b6ecb2cb77d097a8a0a805128ca9477a8c7bf068e1ba9e1cd2904f62,raw/3dmodels/original/C/B07BWJD1NC.glb
21bd0354649b2e1496176bbf8cee63e0f27da00d4a4a38c1fe492398bf8c8338,raw/3dmodels/original/K/B075X43FDK.glb
21c2e9cf27f9d0e0f9ca4949a736c5888d6616c22e7a5f32135885a3d50a2aa0,raw/3dmodels/original/V/B0853KPWJV.glb
21c71a2f52590bc06a16a4e17f15da0d64322a740d1e157c96d4b36701930350,raw/3dmodels/original/C/B07TF7YLJC.glb
21cce5ba407cae8e9d6cc74bd3fbd095df4982f20b525421b635bfb114552dc4,raw/3dmodels/original/L/B07MHMSDPL.glb
21ceb9b9ac061e34a58dc7d2907873232f76f7b997eb1c2d4015558274846499,raw/3dmodels/original/B/B071FMSSWB.glb
21de9d7d0bd654c8efcd7ef27ff53ae98e6dac54049e2e456d6da429e3300a38,raw/3dmodels/original/G/B07HSJX4TG.glb
21e0214e5ce84443da155b213ea1a43e6d7f9b8fe537e0aa8d25e2bc1d380701,raw/3dmodels/original/R/B07TVJ1HJR.glb
21e34d98f0abd975e4b6f7a2dd4f1ac59aa403464eadccfc681eb02274cbac27,raw/3dmodels/original/O/B016ID34BO.glb
21e6cb53c1b5aa7fb8570f95a09045c157e359062a3dfdba394c9483b667aee2,raw/3dmodels/original/4/B07Y5Y1264.glb
21e8b4f57098c3f31208c0c48322a47e4af6d1aebf08a23088820030834ca882,raw/3dmodels/original/M/B07TBGH48M.glb
21eb867722567fa76a7d95ba5567af1f737c4fd63d6acc08d1537cbea7a9f90d,raw/3dmodels/original/W/B07B4MMPSW.glb
21efcc3729ae021dd3b5787f6fb238249e54f0276e318a43afc659f22502e8d0,raw/3dmodels/original/4/B071FMSMD4.glb
2205aa6e72d0f99dd4515d7a6215fd5a228c77736821658cb2ae25bd92a1f46d,raw/3dmodels/original/K/B07ML7QBHK.glb
22090f2cb7d3ef6a57d7f59629712460221f0f94f8fb7e458d9b4d8bc84e9672,raw/3dmodels/original/L/B07DBG28WL.glb
2214a02c9e077c08e99889f22356eddfbc2b820bd651a6ffd71c8c3e98567605,raw/3dmodels/original/H/B0824FLS5H.glb
222f15ad740794b26760782215715ec18d0772dd0e75a627bf300b5fe121b888,raw/3dmodels/original/Y/B07HSHG86Y.glb
223d322f472ebaea6653280ebe9e6212d37347cab87a2750d58570441bd1cfbd,raw/3dmodels/original/J/B084T7DTNJ.glb
223fd0a357ec0738e190a03b906686feb2c7c0ff79df36106b01b1eacdb09b52,raw/3dmodels/original/N/B075Z9QB7N.glb
2243ae616dd989f92e3c0fbe1af8fb7c631b85a148d4887a9fa30477fb846e77,raw/3dmodels/original/8/B072FVHRZ8.glb
22466b5aa54f5f7e76dbbbe3d15f5efb84cca053ef586135cfb5c936c0566691,raw/3dmodels/original/Y/B07K7YMBNY.glb
2253377a6da2a2cc8727c933bdaf97d0a434b01e44c2762083caeea3a88a8d70,raw/3dmodels/original/7/B082QCSFK7.glb
22573a51a2031bba84f702e84616ab4d1771b76f18858af58ed883dd3713891c,raw/3dmodels/original/1/B07MQD2181.glb
225ced31b6459ec9ad27026235d6820324f1597c86cdfafc98b06078d6156984,raw/3dmodels/original/6/B0719STM26.glb
22698d3fd2f3fd81adc0642121a95c7eedea9ea21f288517274b06bf40e21ea1,raw/3dmodels/original/9/B075Z6YS29.glb
22782857d763c5bae6241949fc279b79cd3a2a44ed56b19ddff012cdef8de99b,raw/3dmodels/original/1/B07NR49JZ1.glb
22898192af49e8dee2d7cafb668f91b0882280c03e33f34e3f517457b49243a0,raw/3dmodels/original/N/B082VMDFXN.glb
229fa633a7e698f05d4aada85dfd1d78aadcdb85a64cdb9d979124a3e6072b4e,raw/3dmodels/original/2/B075X33SM2.glb
22a3e814093b61e1d46f528c0046748d73bf702b61c2d2161653ea825e837c80,raw/3dmodels/original/P/B07BWK59QP.glb
22a73dce72914d6e9270898390b7a1e18cf35817ccb88a7a7e0bf9b8020e030a,raw/3dmodels/original/8/B0735T6948.glb
22a8612b84fb64b0360406997832f74a5685f32cdfc697c9b9251a90edc405ca,raw/3dmodels/original/4/B07MF1S234.glb
22aa74ba465bb2abfac4dc3626586ac62bf7572ee3af6736e453f740d4308aa1,raw/3dmodels/original/7/B07QBQDGJ7.glb
22b06711f80f584adc10aa7d1bb0b94b15a2fa8855b034943c512ba5e0b80787,raw/3dmodels/original/J/B07YM1FZSJ.glb
22bf403a6f0ff2aefcba3ab6a6795ee470b5c7fb5ac7bf356cbd16561bd8861c,raw/3dmodels/original/S/B072PZC1KS.glb
22d761116a8af1d62b7244dbd1fd1908aea8b0dd0fdb80acc2c8d9c95cd0bd46,raw/3dmodels/original/1/B07QFRRLG1.glb
22e8d04519f8d384472b1f5a6504596f2b6929106a4224f7f5c1726132609216,raw/3dmodels/original/4/B075QDXWB4.glb
22fbbc8814ae4160779f36b092d0aa4449d4daf9825a5533a1d2cf62c494d996,raw/3dmodels/original/M/B075X65R5M.glb
23044d75abeed4d56d3660039da8108f50d00d28509069ebcb1325f50e73f027,raw/3dmodels/original/3/B07ZT3QBG3.glb
231abb01632032c3c9a4fb045a182b4cefc872d7de4ca48911d48b4532366473,raw/3dmodels/original/9/B075YMY1Z9.glb
231ce62c107b10b9e2cab71b013401932049bdf0049f2b252e006c2d70c6425f,raw/3dmodels/original/Y/B07B4L9P6Y.glb
2329e8289f0ad0ae3e7893505da2b18ee5e85c690c0710601fbab54b704629ab,raw/3dmodels/original/4/B07QW3JRT4.glb
232e4d9aec22a622f8a22592fbe714552c12903769475c452745a0c690ebf08c,raw/3dmodels/original/2/B07QGWNP22.glb
233166fc255aa21840ac36cee697eded41f9e92c5afb3d6e69145b3cc440700a,raw/3dmodels/original/B/B07HZ6X84B.glb
2357facdf51ed8920c4697b61225f79465d844ea1519462fc04145fcf52a8814,raw/3dmodels/original/1/B07QF9Y9D1.glb
23598559e76c3b959cdf1781f9791a758952621238f864fdccfdb885bfe185a8,raw/3dmodels/original/S/B075X4YDCS.glb
236c8051e7217b11b282dadf52571094d7359d11b4317270416bc0ab9bf73a90,raw/3dmodels/original/R/B07HZ1P1HR.glb
236dc2e8b89e7fa7c8142cdf4b42276401128520b287ea33cb9f833dfe207c93,raw/3dmodels/original/Z/B07BWMSLVZ.glb
237c2afa9cd6559a8f39bfd1410db2b992d7b9d66f7088a1ee727ab8673e1cc7,raw/3dmodels/original/8/B0853Q7C48.glb
238d08b9386fca6b7aa9adae929773d4f876d428c4b91bc9d14dfcc53f2ec36d,raw/3dmodels/original/3/B07QCQ35J3.glb
2399b629bcfde0d6ab52503fcdbb64ad7d0bb78b90c70d6bfcf86eb001e1a5df,raw/3dmodels/original/V/B07BWK58DV.glb
239c31b302f973adfa1fb2d4a63ca7be2a69a583334787ca711d6a8a05aed6cf,raw/3dmodels/original/D/B07WMRJ15D.glb
23a1a53441dcb7eac205825f485c29aed937dd99bd126d2be7f954ae0559a8d9,raw/3dmodels/original/B/B07DBDRMPB.glb
23a73e21492ae3794e9edd609f9f7f56079aab9d8fc082175d869b41700f1c15,raw/3dmodels/original/W/B07TN2S8TW.glb
23b16b4a10b25d40baa764b3a85f76800c5cfdcc93d028469d7c45ec8cfe1adf,raw/3dmodels/original/Z/B07JQX8L6Z.glb
23dfcbfed851b4cc615efcb1c00e901ab080bf2b9c681532202af81b60058960,raw/3dmodels/original/W/B07HSK9SVW.glb
23e861d2e4595d9a56f8aff7404726ec8a37497854aac58072e0d721993542c2,raw/3dmodels/original/2/B07QD6V6H2.glb
23ed02e4198ed65b26771e4c6de2e805a3d9bea41bd824574b8cacffc13e3939,raw/3dmodels/original/V/B07DBFSLFV.glb
23f3413dfa2c33ee0991631f8b2fcd36e34f3c17efcec306a591872d92830eb7,raw/3dmodels/original/9/B07QF9Y6Z9.glb
23f4a4e7f76704e7560518b9bc6b747c1f9df354c9d8eedbc50b86732ad3e88a,raw/3dmodels/original/D/B07QFRSM5D.glb
23f4d42337db4c4837ddc671eca372189f80684fc7cc9a9cb5c6656c51cab8c3,raw/3dmodels/original/W/B07PSYZ1RW.glb
2404dec1d586d6f557a30a79778dfd9196bc68b9873d1015fdf2cbf8b792c85e,raw/3dmodels/original/2/B079TXJV32.glb
241cb7a33aa7d3ed1cb1766f3bb509e971480b41a8e726a05acafa57a6cc2774,raw/3dmodels/original/D/B07R3X4RYD.glb
24203cdcfbe97c7e4b4f430047010666badc54ebe8271b2cb1d05e7b8359f3f2,raw/3dmodels/original/J/B07B4D4DXJ.glb
2434677c28e789bf43b42c6b5609149bbc3c2429d7f518364ce2c95fc7caacdf,raw/3dmodels/original/C/B0853VNSCC.glb
243a7c061f48150b75281d668ee26a11eea1394559113bdce1c4c175163f8207,raw/3dmodels/original/Q/B07DBDX48Q.glb
244fd613d4753a7ca70cd6f4c3f9429b0f722a4975da95c5cf6d8fa26bff3472,raw/3dmodels/original/2/B07MSXWTX2.glb
2453851d094d5775a1e9b3e1f80e4c29b2b8ad35833cbde56e06f227c771be66,raw/3dmodels/original/X/B075X4HZPX.glb
2465f0e4d570286590a18606f64cf46bc3e18e2a919d9f425db847434a219b75,raw/3dmodels/original/1/B075X33T21.glb
2468758daf1c77556b623c17a12d806fb134c5922347c4334c251b18d87a5933,raw/3dmodels/original/C/B07HZ7634C.glb
246d71e139189500d6bbf750760d3967de493d2ecba2685157299b01e5fd8d67,raw/3dmodels/original/3/B074DZ65J3.glb
24a7428a80aee43152dd9dd54010e7943cb0dd48935a3b15f8f8c0d78e0916ae,raw/3dmodels/original/1/B07J59D8V1.glb
24a9ce5f024bf1bce55254e22877389bf5de8dd5a97468cd5cf7396fd4640d64,raw/3dmodels/original/T/B075X4QMST.glb
24b33bc975f4aca9b8b127da2606852b1964f69c8dd9224c4f97b021ca15d7d6,raw/3dmodels/original/D/B07B4YC7LD.glb
24c182df48f1dffec4b6343346a5499b336f6af76ecd68e9692d535c30a32145,raw/3dmodels/original/S/B075X33SBS.glb
24c6470761655c5bc22bfb4d764c2f99a45268aca4e46792a513ac18877b832e,raw/3dmodels/original/K/B07DBFQF4K.glb
24c6ed5e4e3ef6fa64e3b633071f0d68cf7241039c3b2d34a4f4715259490348,raw/3dmodels/original/6/B07B4MSP96.glb
24d311350445b54191bc02754a64f501e31c0d8507ed102b5eec0253d87ebd7b,raw/3dmodels/original/1/B07QHL8W81.glb
24ec5c185b45181dc7512da3ce27b21e2f4964b2f695c7e9c9d97ad4b9755e44,raw/3dmodels/original/9/B07HPQFNC9.glb
2500981eaa36b1b5ad354c994d90b695ac42c950b8f31fabe78b9a22c69d310a,raw/3dmodels/original/P/B084W2SXXP.glb
2513916c1a172e6fdd8e43e8f3f0e570955c19ceeaa59ca6bc0cdb52107ff348,raw/3dmodels/original/D/B07B4W5T9D.glb
251d34ad581d2786b2096776017e8e111340577c31314ff5ceeee0a5770bb67a,raw/3dmodels/original/P/B07HPTBB7P.glb
25398e1031c519ffa1c0f3c90f6aa92052a25fcb317cdc645da7080dbb427ed6,raw/3dmodels/original/Q/B072Q1BNCQ.glb
25412180fa63846dd70f0d53c0c62a1757a7bb3b6963f1ed9f8fdc56f8b99ac3,raw/3dmodels/original/7/B075YV7SP7.glb
25422c5a88ec76495dfc696d448673a57f74d9c45c2d9efeb95658212f81e150,raw/3dmodels/original/C/B07JGPKZYC.glb
25488951d1de94b6e2690c7bad367e1b430aed16c6f5ef732114df46142a693d,raw/3dmodels/original/F/B07P5LMG2F.glb
25488e1087cd5703e6cd20206139be0ed9ce1504208d0f61ff7666c04dc99e0d,raw/3dmodels/original/9/B07PBZVP19.glb
256b60563cdaebebe14261277d5f72cb12acf2402be643008c2d33312f042813,raw/3dmodels/original/H/B075X33SBH.glb
259e30af08b5194c2282a6baf5925d73119896dd293a483e005e9ea0df8fcda2,raw/3dmodels/original/9/B07QJYGDZ9.glb
25b9bf44c04ce6645a074377fd03ad48402376aedb50dfb74c54a4580990bb5c,raw/3dmodels/original/2/B07HSLVMP2.glb
25c858bfd05cb90c928e4bfd3bc94a76630b20d1876be236f8efea95daccffe9,raw/3dmodels/original/D/B07QHYD4KD.glb
25cf7a858cd0c5e99d374bccaba3a9c5ee2cbd5be908f6296c4809bf11530a35,raw/3dmodels/original/5/B07HZ7TL95.glb
25d3783b624acd28f7de44e0f2f59003aaf2ed18a6c40439854e713c0618fa9a,raw/3dmodels/original/R/B082Q95CDR.glb
25d6bd1098e53a277c5613de5e38edde6f30de526c30f99681425e1ffa579f69,raw/3dmodels/original/G/B084L7SNDG.glb
25df783c90db48f3eecc6f3f8ee8c520eb26112ecc2b5f6dbef78f95f26e267c,raw/3dmodels/original/C/B07JLGBY2C.glb
25e26ce426aa55469c4298c623e63efd0ea91efaa1b4b8ee019c681f54ee6974,raw/3dmodels/original/8/B07B4W2MD8.glb
26016b27df69bc0e07901c2beb502ce0f5888a11f5edde2943c821915930e377,raw/3dmodels/original/J/B07HZ6GJ5J.glb
2605eae391f239ca65c58c3daf596c08fe6cb2a0cbee1738372a3b556b29b21a,raw/3dmodels/original/7/B07DBFM8T7.glb
263afe4c8709ef765ea8176556505a888f4dcd34f7f9aee03538d56dd25969de,raw/3dmodels/original/8/B07B4VSW78.glb
26434b9b6cea874798e9cb00350a8bcc7d49c8d8180848008857ddfee6f4709e,raw/3dmodels/original/Y/B07B519FLY.glb
2643beba6c75d4bdd9ef564ab2b81b727e2a21ae11b2452ddf87ada67bce2ab7,raw/3dmodels/original/D/B075YPTFVD.glb
264465d26672deb9353e98bd2c41a8b1ffdfd1eaa218c7262586485861a90c74,raw/3dmodels/original/5/B07QFP4T15.glb
266486d2daba23bc4f191cd15dbbf445ef4ac3fecc54deed1a410a9e026e9b14,raw/3dmodels/original/Z/B0853J3XKZ.glb
266fdf11663493d975f709f51d308569a8f4d2697cd60ac503bd6cbafbaa1afd,raw/3dmodels/original/R/B0861T22RR.glb
26884a93f502051b806ca05103b42dd4151a86f998a6bddeab777b3e0be2963a,raw/3dmodels/original/1/B07HZ6HH61.glb
26896971b37d174d7dc6b5369a78ed807b7c8e356828a9a1c24e0a6796c72e82,raw/3dmodels/original/P/B07VQSWMXP.glb
2695dcc1273b7548fb7071bc9858dc51e994ea9a6a568d6f927242c04c1f1c93,raw/3dmodels/original/X/B07GFW9GFX.glb
26a0060d2572dfa817d75c3e8f43f275380dc4035a72fec81973c295b1f51e30,raw/3dmodels/original/G/B07HSJJDWG.glb
26c4bb7474f88ae333a1f03f0c47084292a898536cdd4d6ad24f6467f8bb77a4,raw/3dmodels/original/M/B07B5126ZM.glb
27062b39e340ba26d623dfcc3b72947ecd08f71993858fc9da47ffebfed4abf4,raw/3dmodels/original/2/B075YNL272.glb
270756a08afe7ecb7b51a6f998fd914b7edbbec96736e3447611cf0fe5563ae5,raw/3dmodels/original/B/B0871D4XPB.glb
270f53222035def4688b95fdf884afff576b1306948c1af437ac6d50acea07c4,raw/3dmodels/original/9/B07HSK7YD9.glb
270f7606e51e7e8fb120cf9141a72527d569c9898d92ee6b22ba2004384b12ee,raw/3dmodels/original/C/B082VLZ7SC.glb
272dd52116955fd4d06795f9f0c81b1e3b983c49a43cf6cf59ba02b314c562e1,raw/3dmodels/original/Z/B07QK2JLGZ.glb
275b81cd01e829a9309ec8f57884c65d4f4ac5de5c38b135e40c5a0f24abd091,raw/3dmodels/original/T/B075YQ8Q3T.glb
2764d52a705202b6a397a2c2c72a95a07b58b2b59f94027e52f068ede20e409d,raw/3dmodels/original/6/B07YLZQ8W6.glb
2765d3471a38ad5f70f0c431104215520943d656d5687dee79926539d93fb7d3,raw/3dmodels/original/F/B084S16SRF.glb
2777de88a4ff22bc171d9fc1f72b1dd9cdd2e65003b972003f282521da0855b0,raw/3dmodels/original/L/B07HZ7PFVL.glb
2791dd1e9ef28842db790229bf07253141ce856aad83bcb8eda99fbcd58f9cd4,raw/3dmodels/original/M/B07PBZ3VCM.glb
27952b84cb9fa47ee085115a3f6320cdafffef1deab6f42cdf18125536083b6a,raw/3dmodels/original/9/B082QD61D9.glb
27abdb61e29205f22235ce5e23207f61a59107f20b79493398b53b7cea7014ca,raw/3dmodels/original/H/B07DM6YVJH.glb
27be761688533e96b2bf3aac2afdb741a58d439d7c7d24d8606321fe99dcbb96,raw/3dmodels/original/3/B07HZ65Q43.glb
27bea08b2d190fb6edddbe5e65956ecaf3206abfe1440c7474ac7beb8d7d27ff,raw/3dmodels/original/P/B07JQ4L86P.glb
27c961b7317391b5e3f0a068618c84b3a117ed2630b40351f376e2ce45157c18,raw/3dmodels/original/W/B07BWL245W.glb
2809e1d757bd673ebfe63c4aeda25afa1a1a29d37ae11e4513850a45fb36de29,raw/3dmodels/original/D/B07M6PKC6D.glb
2812eb13ce13535c3b70a70edbc237654059697649db0a86eaf07f91cbc468f9,raw/3dmodels/original/L/B075X33RZL.glb
281c0e8f1990d9040fa07a5c05b8ac7d1f7067e9a98ae29eec63b58b9fb4ebd0,raw/3dmodels/original/Q/B07B4MG9CQ.glb
28228c49f950850028caacb1875672db510b828ce85e1e99d076c99be12f53e9,raw/3dmodels/original/1/B07HKGHTC1.glb
282fd61f8941a15710e58084f081d49a259d793297fe67bce73e98cef6448b1b,raw/3dmodels/original/Q/B07K6S7QHQ.glb
2837f482e96b9c10ee935db5d590fc114d239495a2dd3d480382f6ad253aa3f9,raw/3dmodels/original/Z/B0842LL84Z.glb
285ed083b807b1ee4311f13a4fb87df53a415655b71173dd0611fc2d5c5010d5,raw/3dmodels/original/D/B07B4D4BWD.glb
28673405e32318755dbc3797062da1e418e5bf15e2284a3690da7188bde54935,raw/3dmodels/original/N/B07MDJXWGN.glb
28726f479832798f92a587eb4696ace8dad8091efc1c7e6f061f3d1300384708,raw/3dmodels/original/W/B07DBF3VHW.glb
2874e31c5dd5ec8126793157f47366e96174de6aeeef3bf8caa655a79126d8dc,raw/3dmodels/original/1/B07P8ST791.glb
28a90d236b1f832d79859de4521d44d9f6de5fc3710ecddcce48a7e212374295,raw/3dmodels/original/2/B07HZ6GF42.glb
28ac2f9d8121d8640f203642b5287525114d88242cf1c9c5ec206cccad28cdbb,raw/3dmodels/original/2/B07DBD3G32.glb
28bf5ed26d54f2b55d657d9f1ecc259a860fb03c252e2c4c572005337d4e9fa2,raw/3dmodels/original/P/B072PZKCMP.glb
28cd59e6965208a7d0779b1eac94604210d2c0f8f29695529676ad28d7be71dd,raw/3dmodels/original/T/B075Z8KXDT.glb
290ec8c166e9c47cfadb4d85ea65811d58a598e7c7207f12e66a158b39ef1f4c,raw/3dmodels/original/K/B07WQWGQJK.glb
29111e644319ec4751197343da5cd8f62ee9748ebcdd1dbcf0727545f485f99e,raw/3dmodels/original/8/B07DBJ1H18.glb
2911fd4aaa1158e15fdff4e41243af38aa9f65cfbafaa6fa11ae568e417593ef,raw/3dmodels/original/H/B07MHMGJMH.glb
2918627be34f1d2832920adac327e37af777458014ab0138235f5cfabf558c9e,raw/3dmodels/original/C/B07ML7J5HC.glb
2930ffa6c385e70a8236f3cf84208d9bd815f4530f318299110cda35076a576b,raw/3dmodels/original/L/B07TC2MBRL.glb
293d39b7387843d83e761e5640178a34cda516aa9c8ae017a2b9e1eeb0ec9389,raw/3dmodels/original/2/B07124WN22.glb
294b8784c793acf4703f00894a2fbf6cbba0b6fa8e5353674043a231a44535e0,raw/3dmodels/original/N/B075Z8KX9N.glb
29540982277ea4fd570582eed949bf3076003c6cb630f70413e940290196f092,raw/3dmodels/original/3/B0853KM5Q3.glb
2960af24f3f91736201347747a4e06c2b33e2b400458f57cedb080cf43042554,raw/3dmodels/original/J/B07B4M26ZJ.glb
2960cd09917960747ce6d337cf6ca82ef75c1bb349394185fe8ab8a51f2e751a,raw/3dmodels/original/V/B07QFRSJBV.glb
2974cd8fecddcbe76a17a344ed4b652ba22af874f310a24125ce5415cf2b4d1e,raw/3dmodels/original/1/B07B4MH5Q1.glb
2976db4fda45fccefe252207b9f24cbf49d016488f45ecc1eb9f6277fc756ba6,raw/3dmodels/original/9/B07TZ9BG49.glb
2990b05f78afd536a9d3ade23850994c3e0b84a170c02db67113a214f354cf62,raw/3dmodels/original/Q/B075YP32LQ.glb
29a9bbee386427a97134dac6521e15f42fe78e823b287fef017fdedeab7c4550,raw/3dmodels/original/X/B07JQX8DVX.glb
29d919e5dbdc19055fa0225fd5fd3630dbccb2d0b2338b2c3c41b90bfb959c1f,raw/3dmodels/original/D/B07QJXW4VD.glb
29dab3a563842fe158c8d41d34037639e605904d1d8128b27f18b4ddee526caa,raw/3dmodels/original/Z/B07H2BTCFZ.glb
29ed338e3ef5ed86b781c7fa841b98f082daba07f08b06e88a0c8937da81a54f,raw/3dmodels/original/B/B07B4GVPRB.glb
29ff82048463ff20dda74d4f546d3368c62d6fa4f12e7157801b9f918428bbf4,raw/3dmodels/original/9/B0853NR959.glb
29ff860b2f467769c72f7877dfc75201e79fe6adb1e359b0fe1ecc888b879a97,raw/3dmodels/original/3/B07QFRSC83.glb
2a0ffd2769e95d13385a4978035ddcb13e0ee4107b941e4e49b558741019910d,raw/3dmodels/original/M/B07MFYVLJM.glb
2a2c8ebfafe50b3b3ebf64a17605fb000982814aa9ff1f67d01295f90763d39a,raw/3dmodels/original/B/B082PCLKMB.glb
2a3009c1ad0faecf01e56b84799cd0a6919eb16f4fc92e2c0c26fd07eb36f33e,raw/3dmodels/original/B/B075QFCHLB.glb
2a3a34fba5125a8d37d17197025364886b969110a73b7e61d1a18d83521f6733,raw/3dmodels/original/Z/B07B4MDGJZ.glb
2a60fe95d558b1db25182309c7aa7c3d519fe6988c0889578b6f32b0f53d7d92,raw/3dmodels/original/J/B07THSVKCJ.glb
2a6e258aa2362a7a1d8fee04f12961ed6226edfab96c9b60679ca5c5a73f3114,raw/3dmodels/original/Z/B07JKTRSSZ.glb
2a71733db7f470ae050693cd05312fa13c2b37cd8ade88c32e75d8db4db19478,raw/3dmodels/original/7/B07K8F58D7.glb
2a75c13608fc2753b59b77ef40557bb3645ce5b1baeeac192571396a12f1fe35,raw/3dmodels/original/Z/B07H8V14CZ.glb
2aabb69c2df76c4096f69a7971e0954d5fd4bc90265c0a99c660d0aa2351b14f,raw/3dmodels/original/8/B07B4GZ698.glb
2ab52f36fab1e8ce02a99207f2ea462bdd7aea7126e0e33324b86e99b946072e,raw/3dmodels/original/D/B07B4W5WYD.glb
2abbfbd9264462526ad18ba6b7d26bd06083aeb25582a8e7a66267edc04f3326,raw/3dmodels/original/L/B07JM1K8VL.glb
2abc9923bba280d1690778e6bed123217c9182402abfadc6db530b9cc372a9f4,raw/3dmodels/original/J/B07K7RX2KJ.glb
2acee0e67c710aacc62088c35346f61c3d9c850c6c37c1a554ff40441bf83af3,raw/3dmodels/original/F/B07WBYQQ8F.glb
2acfa67fdb21a9ad1bbb8cf093d203c38d975f7de1cfb6a17c87a0684fafe516,raw/3dmodels/original/9/B07RMYWYN9.glb
2ada234b9e1352a7acc20bfea85676e373f27022c531a59130889712355518aa,raw/3dmodels/original/X/B07XMV34PX.glb
2addf8aa4e6b1332e32cdf4ccd9e58b0c7e64f973297f343f2b9f9055776d9ae,raw/3dmodels/original/2/B082VKXXN2.glb
2ae329d3fc7254425b61eb8a6d008399e31b89eb885d9fe31ffe788a2662a2ac,raw/3dmodels/original/K/B075X4PTKK.glb
2aeb4e161c460ecad5afa8f6af0eee733997204bd3a1e23c34855f0bd631085f,raw/3dmodels/original/R/B07DBFFHYR.glb
2afb06572496aac4ba0e1219f57385ed264c437dac9395480b52f6124c1cdc65,raw/3dmodels/original/T/B07HSHRZRT.glb
2b01cd9520a8427f440fbc2944ac5c803334578c4c1b808030603f03d308b170,raw/3dmodels/original/2/B072PZVYC2.glb
2b01f549c878b1afb5eb2e53c0aed202c9cce22099f6fbeb9df107310c90d4c3,raw/3dmodels/original/9/B082PCPQS9.glb
2b0b01eb1e91f5f0112dd2ee99510e75a7a1803fb6c93faad67b2acce75a5d08,raw/3dmodels/original/8/B07FYHGL58.glb
2b3e8f91c76b18aff6821b5c9f580188041d35f0980c1d6efadd7912f21c99ec,raw/3dmodels/original/D/B075X5HB1D.glb
2b55a0455ce647bfb3741e2e127b2044316e0e40d8f3eb51e0ba51509922de3b,raw/3dmodels/original/W/B075X543TW.glb
2b56e530a23f649dbc99567da9c711c4374717514a4de83f4b06f1ffabafcc95,raw/3dmodels/original/N/B084W2RZQN.glb
2b613e7744ac0b044268a8ddaab4fdb6b41b0db8f7736a0047e44c2c4616a883,raw/3dmodels/original/3/B07HZ9K9S3.glb
2b6555c3a9d574deef08dd2d853046c291c4a740551f0c9406d89cebeab21aab,raw/3dmodels/original/P/B07K7K7GLP.glb
2b6886b1d604126888789907b7557acf757969967583d222df6936595faf39cc,raw/3dmodels/original/4/B075X2WP64.glb
2b6df1a8b07470d5a3d137c15430faf37db2c168a72f3070f6921ee7d31f91c1,raw/3dmodels/original/H/B07B7B94GH.glb
2b73059a9f7741b0320f9ded3422fa4deca1e7fb6ff991cf0175912711b4cb64,raw/3dmodels/original/5/B07QCQ1J95.glb
2b750735b9ccd2a3b68e126da1ae69a20518f03510671ce3ebc087c9640e1347,raw/3dmodels/original/Y/B07B4YXRGY.glb
2b7bc97d8dee1f39a26aeaa4de8f886e53a1710d12c362e063c9ec19c2903d9d,raw/3dmodels/original/G/B07L6KM74G.glb
2bacac6ddaeb90961ceb4ac7ffb5b20ef970a221f833e66801f94f5dad7ce316,raw/3dmodels/original/V/B0748MS1RV.glb
2bf4efdc7e88125240448abc9a7a00d6555f8b7143c13ce79855fdfe64e5268d,raw/3dmodels/original/D/B07HGKV8JD.glb
2bffa984422ac18a8c1da865cec9847ad4422f29a12902ccdaa08b4f1627f403,raw/3dmodels/original/1/B07QFP4WL1.glb
2c0efc606744f0d3fa4aeb3e117276b8f86a08b82ac1ea98d48f2582c054f1f4,raw/3dmodels/original/9/B07M6PK8N9.glb
2c15afd961daff806f37d7d868e8e3b8492379455cf2ef93cd4137370df41282,raw/3dmodels/original/T/B07B7BDFPT.glb
2c2119b8869b2baa0121d692db002ba5334aa4e7df09aac27fa4241674c10fd8,raw/3dmodels/original/6/B072JT7WF6.glb
2c28abd6ba5e5c6987d601fa3be20c0283d0c25fc0f351578b42e51f47efcfda,raw/3dmodels/original/J/B071J7Q32J.glb
2c4db8d2846dd8645c66e1fab292e993080f6659120a2be61a1532f92fe9de09,raw/3dmodels/original/C/B07HZ5XRNC.glb
2c551da7894cd4d0ef7823f4216dc019eae07794262729c0d3c171747a89c70a,raw/3dmodels/original/F/B07B4Z6PXF.glb
2c57e8ce481ebc2a038451ca4c9cc360ada14dfd30862e2453d3f9f27c785c91,raw/3dmodels/original/X/B07B4GQ94X.glb
2c5a0ff2c884ebe81d3fd025ac3c37bc2ca6103eab0d2cc86edc067868a6ac0b,raw/3dmodels/original/Q/B07B4YNHPQ.glb
2c6278521012543e4c1985bc880a0fe7cd425c4520c9a78afe20791b1a9bd51c,raw/3dmodels/original/S/B07B4CZQDS.glb
2c7313efd6168aa71dabec9dff3512fa712d76abb36eb5f5db322f867b3b41a1,raw/3dmodels/original/J/B078JGRLCJ.glb
2c74d33ed688c8ab2da8d50e51866387e0aa5ba7f3e57f2de430f82af2acc09a,raw/3dmodels/original/G/B07QDNRFKG.glb
2c7a3f0038895731168e193c8047b668c42b39adcd85a1cdad8d718309a7581f,raw/3dmodels/original/B/B07PYKLXGB.glb
2c7b9e97bae12e527e6ad159d5718ead1ab58a6c8ec9a44ef674fd32af1f5209,raw/3dmodels/original/J/B07HP93VDJ.glb
2c824052ff5ea5e89fb8c22ca9656f0ff8c15b186589d860f220aadb1f61fa3a,raw/3dmodels/original/B/B07TQM977B.glb
2c881390fd2ca15ed0c15ba799660d1af0b9eeda51fae8962e4a47faef986deb,raw/3dmodels/original/Q/B085FK85FQ.glb
2c8b2e03dac1e4f7539f7fd95cf89a51e5f154de57bfa36f1185b27f16160e5d,raw/3dmodels/original/R/B07B7J84KR.glb
2c8cdd7546b9e995a18a820d6ce9a223084c7946c1971d626c380a783c34872d,raw/3dmodels/original/L/B07B8VJBCL.glb
2c92b3e73b8f763f77b366b3742a3638c2ad2e950fe024009cf595e9699b1e8b,raw/3dmodels/original/1/B075X4F3Z1.glb
2cbb2c6b0326852a125dec4a28f12e1d8c5a59e7ad170f178868cb82d5ebb074,raw/3dmodels/original/4/B07FK1HLZ4.glb
2cd68a91bdf7a5d0049ad2774bb1831512e3450a43abecc3b70c5f70ca047386,raw/3dmodels/original/3/B07HKCJPJ3.glb
2d17622cfe36c0184eb13675c46ae6cc8d7d33c5f81b673f5685c303eec9a8da,raw/3dmodels/original/B/B075X33RTB.glb
2d1c51c601c1f541bbef3c3645d6f28f601dd727a391106464da85583132956c,raw/3dmodels/original/G/B079VNL3CG.glb
2d2dad76e7892948894f063affda2c72dfd65647577b29ec460fee41bb3292e6,raw/3dmodels/original/9/B075X4J169.glb
2d3612de74c62e3cac941f230f88bd21fe9a86ba0185d130cc6e099f42b8ae55,raw/3dmodels/original/5/B07QHKPD35.glb
2d3772311d9381d6a4980a71ba7bb5433a211f27f1e68c747d974dfa24d867e5,raw/3dmodels/original/2/B07QBQF7Q2.glb
2d5581f080d1b89c080a4d773593407e1a8f869a1f39fc171312b1fdbe9b2ee8,raw/3dmodels/original/8/B07WQ4CWS8.glb
2d56925d986c1530e7e3296541c7bdaee08aac040e996b521bfdf3de70800a2c,raw/3dmodels/original/F/B076N53WVF.glb
2d6c5407199b8b5085ca338b46f01c12b4ff8c79d90da8fac33dcbda4d2f1023,raw/3dmodels/original/5/B07MHMJD25.glb
2d74aa57a9e4c63f6060d627d87a489ff51ba9eaacd19227b0b5d27f3eaac556,raw/3dmodels/original/K/B07PBZVNVK.glb
2d7c3672c81f90c59c4b416c222ebe4b431b45388be4c41196d6125ce98a0963,raw/3dmodels/original/N/B07B4SC9TN.glb
2d8472c561f22f2e8f7765db9545593ae7809e9ceb096eaa8291360eef17dccd,raw/3dmodels/original/2/B07QR6TB92.glb
2d872957aeb976dd75c733a0cac9b84bf808babc11d3c8edebae283186be940a,raw/3dmodels/original/L/B074VKVP9L.glb
2d87cd20d90dc1c4f6c08a6bf91c507e55c89b8bad276f42a1e4bf00af03874b,raw/3dmodels/original/2/B07B4FW792.glb
2d8e8c8054bc632946b86c57e47496ff372ec192ede7a9b5197b1d0b1dca83eb,raw/3dmodels/original/7/B07B4YNHS7.glb
2da37703215e6668cdbe78fd7cf6c8d9f185bc9a6a05b3b74cab6b9ed69a6d0c,raw/3dmodels/original/X/B075Z93NKX.glb
2dbbf0083de92ed96683239b47be8560e2a30194db2410e51c1869eb3b60dfae,raw/3dmodels/original/Y/B07DBDX15Y.glb
2dc5b3a5edd6589a374920d635e4c7ebb887b03f8b29fb5fd15b0576e1b777d6,raw/3dmodels/original/5/B075YMWRX5.glb
2dd2630580cf23992488db0948a7eaeb423aeeffb99c9de71fd8cd5c184b52ba,raw/3dmodels/original/G/B07HSNFJNG.glb
2ddbea3654cafdcdaa7ba605eabdc9f7f717ca134903b2a5561893cc262ceca3,raw/3dmodels/original/T/B07TF7Y3CT.glb
2ddfd43cce6a7ad57128b7968acdef58c531daf6465fcea5a8a3d6badb856d96,raw/3dmodels/original/7/B0828FBDV7.glb
2de1f2664259c997ea0092326b1c499c5318c7a62141702448f96e2d5aa2ebf5,raw/3dmodels/original/8/B07374M818.glb
2de335479cb88d24b77325cd3a15653c8fa77c04e1d322eb10fb6bfd7f38c389,raw/3dmodels/original/1/B07MNBYN11.glb
2de486af5c2f3c8edb09c21bc3dbcb9ba53f32fe20b77f115926d47512ff32dd,raw/3dmodels/original/J/B0719WQGYJ.glb
2df673b147d1508d205fdd2769609f3c9c5782cf7c10a8756511a9088f72d2d1,raw/3dmodels/original/H/B07B4G5R5H.glb
2e15d155d59fc60a5244d7a63a1940276f92e49753d289df3089ea7de057e8cf,raw/3dmodels/original/H/B07V24ZSFH.glb
2e3c4afedd89ee6dbb049194502f34ddfde16622892b6ca024906453c2904fc8,raw/3dmodels/original/3/B07P5LMCZ3.glb
2e4e77abd2ad1ef6e8d5279b664fcf0bc3ea0e0624804557c1108065c01e4267,raw/3dmodels/original/A/B002CM3J2A.glb
2e5e035df3cce84511b3dd58bb8440602972eaf95f628de181a4d842ee74b1ea,raw/3dmodels/original/5/B07DVVKD85.glb
2e90fbb1394c71f106f8c54f532434a8b934063cc6225fe923228492b8a60267,raw/3dmodels/original/J/B07B4CZRMJ.glb
2e95fc5d8b86c1048ef2df2e82420249a41e7b4e140bd0ef4dee80c567c3c0e0,raw/3dmodels/original/H/B075QDZJ4H.glb
2eb061f7f7928e2ca3cf5f91020e294083c7af7819ad4e28acce24d7926369b7,raw/3dmodels/original/X/B07GDMC6LX.glb
2ec0e55a7b4a42a5cccfe012e21b3d150bc404cac2672f84bda3d8839bbd40fb,raw/3dmodels/original/5/B07MBFDRY5.glb
2ec916c5c94de70b192855fb9062433095322936ff687d18248b57c8d476f895,raw/3dmodels/original/9/B07HZ5XRP9.glb
2ed08ce5f962485b99b751e18110f8c23e2b4f64b7337035f42ca8a778cc7ad0,raw/3dmodels/original/9/B082QDDJV9.glb
2ed57fb958a9de4d7109a5cd97ce9ba72877102d1c9f64d08034997e4d7d47fa,raw/3dmodels/original/T/B07GFFPK5T.glb
2ee3d09f1bb5efd3183b0b2956a7c258a1655c212207c2c16d119fe6cffd1676,raw/3dmodels/original/M/B07GZY278M.glb
2efc59c6785f0a8111a927679786848c7b2bd7b8606c5960eb738c1ab9c02ae6,raw/3dmodels/original/9/B07BWK59G9.glb
2f0b92d0d5114d04d2d7df7aa57651cbf83933d60dc2e8968a75a6b8f606f1f5,raw/3dmodels/original/V/B071J7Q32V.glb
2f1c0bf6529242d6c36bd874c7aafff051754b0265c46925d10c7a206d486b53,raw/3dmodels/original/5/B075X5NBB5.glb
2f220d5e3d10069bd1e44cb2fbfb2b6ff12da3907cb82929991e7308dc935b11,raw/3dmodels/original/T/B07QBMQ75T.glb
2f336c92abc7719c91822c5b8e4f8a7647a3655c93b4e99dcda212273dc52873,raw/3dmodels/original/4/B00I0VTOO4.glb
2f382be4e7d09b71debde4c71ebaac933d6d2cc8823c0502aa776390d4cdac11,raw/3dmodels/original/D/B07S4CDHRD.glb
2f45c8fc8ceab2deb69e5027671548051dc12de83a83866d40e5d3da21dcb506,raw/3dmodels/original/3/B075YP3C53.glb
2f67719f5f6835de9df02ca3cc75904efda986cd2d5702457964342e41a3fae5,raw/3dmodels/original/6/B07YLYRSB6.glb
2f8026c8f461833cf4534ed86d97c96d17f98c7d993e714f0338caf3310bde38,raw/3dmodels/original/N/B07JPGP3XN.glb
2f92ee035b01dd052d0f1fdfe605439623a6e1f41ce32b341e675dd71dce356f,raw/3dmodels/original/P/B082QCPZDP.glb
2f95b3ddcc66279b76b376883e094f8e7634e6051e8fe09e82af6d8ed0599181,raw/3dmodels/original/4/B07P8STB84.glb
2f9b54c1447f31fee77c1a5b7877fe84ab9fd0c6273f959d89240a16e061281b,raw/3dmodels/original/Y/B082VLZZ3Y.glb
2fb91636d493a2c3e9571f222a25cb4614d597ce05131bf184a95b9a1edc1a03,raw/3dmodels/original/3/B07JL5Q123.glb
2fe0318411617707d450645744ae727afc399768975c395686c56487b65bc040,raw/3dmodels/original/I/B01M4OYBOI.glb
2fe200859a5b165fccee3e2f5969dc8bfdbd949985e5759e123bcb99a041527c,raw/3dmodels/original/G/B07MJJWXFG.glb
2fe6620783da9d9237daee85f733c0d37254a47071cb1b182cfa8672c156a0ec,raw/3dmodels/original/P/B07QFB1L2P.glb
2ff337f9cff76b56b9614e90accbe5fbb8c57671a3f2c426ecfaa523465b2b25,raw/3dmodels/original/8/B07D4FFWC8.glb
3000bb8a29f453d98f03b55f01435c24927744a915bc7bd30d173a0e184d9727,raw/3dmodels/original/2/B0746KJVP2.glb
301b56685f9520b20ee9f31bd9884d9b7a3f11fea31b7329d6ac1727ed01ad0f,raw/3dmodels/original/V/B0853PKBRV.glb
3021bce71fa50e39057ff3388b45761aff9a40609a9773fcb9d54de8bdc94016,raw/3dmodels/original/Y/B0746HFVWY.glb
3037d739785971d51fc543095917ab3b92bb49b9f1640355c23a479ec4aa54fc,raw/3dmodels/original/7/B075X4QMW7.glb
304755cb78196c515827867f3325f43eb5b626b13d8d00c29eea8199d1b33626,raw/3dmodels/original/M/B07H8K1FDM.glb
3050c0449a733d40fcd33d8acb5e3ff36e2b371e811d626d59a5f9b73174ac1f,raw/3dmodels/original/9/B07K7K8YF9.glb
305ba652c15fe20bff36dece5261b65c9b1ff32c8ecf6ebbbd91fbcbf01e0fe7,raw/3dmodels/original/B/B085552QQB.glb
30719706b03affb75b416beac6b37b88f9517f9bcc08a6a89a9cabab0bd20453,raw/3dmodels/original/T/B075ZBVZST.glb
307629e64b936fca06d47ab2d1a3dc6775884920d754b658419b0f6a90b3d991,raw/3dmodels/original/6/B075X4VMC6.glb
307d4944e139b0fee11bf9d7dc3c79da436d5ce389ab39eaa3881c772517390e,raw/3dmodels/original/2/B07H8PQFR2.glb
3093f9cbf9ab5f2980b0709c697735d13a5ba28828af77f4f0f08afe00f63dae,raw/3dmodels/original/F/B07H8JN9QF.glb
3097077130b74831cb66990db072d695fba6823aae52166e43cc7c604b4f1552,raw/3dmodels/original/7/B07R3CYQ37.glb
3097f7e4f5c39182a05b0ac162dab2bfc4793cb90c4b6cdcb91d9f3e8e55c4f0,raw/3dmodels/original/G/B075X2WNWG.glb
3099948693f6f0082040c9777c3b3e14e76e413865c97d21742f14fc39a1dd24,raw/3dmodels/original/B/B07M7MN85B.glb
30b7948fd77ad0682a6e58a63bf9a4769b3f15c18a9ab4f4dfd7da07a1ff29ab,raw/3dmodels/original/F/B07B7G4VYF.glb
30bacb3d3a26715ccb0335976e825ac483d4af1ce2fe23859f23ced81fbd0b08,raw/3dmodels/original/L/B071FJR46L.glb
30dfcf38457ad84de7b5d235e96473fc6370d1ae1a252ec6d37fb2c73c068bab,raw/3dmodels/original/2/B086JK7W72.glb
30f5aa8d485e2a883b623ccd669d1846063f8347bdf8ff2ea199cd8c966c7e99,raw/3dmodels/original/M/B07QFRSJDM.glb
3120a276d2f23ca3432577af4976b960f122384ed195e545a22e24c56f34a035,raw/3dmodels/original/S/B07HSKKD1S.glb
312bf7cb31b9b86d41ea1c51d7a07ec446ab408a713172cbcedb1ac585e06348,raw/3dmodels/original/Y/B07B4SCPMY.glb
31325c24cc3aeb7db9f3c187d2f3ba9b5ce06fedeb9d837a735c9c6c4e7711ae,raw/3dmodels/original/P/B07JLZJ94P.glb
31369342348f9520401cd1fa88ecfd83ca4f8d65d3190d885acca34e5dbe8a91,raw/3dmodels/original/N/B07QGWNS6N.glb
31386a428d0af17d3ce3022b9aa72b0830ce4702c48fede1359fac5996dddfc9,raw/3dmodels/original/P/B075X4F5DP.glb
3147a61b9894650bb419aacb7f027826854dd8174452d638579a1eb3c4be2c2a,raw/3dmodels/original/H/B07HZ7TKQH.glb
3154dc335f4ef87a3a6a0a32d8b7935c62b4f7a3009f6ec53b5ca245b887cf83,raw/3dmodels/original/7/B07B4ZFD47.glb
315720fea9f7a778f786a9776ae6d6fac15d0f897a803e9d7481a82670150bd5,raw/3dmodels/original/W/B07B82PXCW.glb
3163f47fef02870fb8275a1d21e831c2890f013872fb918a1ec895c5892f243d,raw/3dmodels/original/S/B07HSDXZXS.glb
316e07f8567d0e609d4a8730c0cad950b3664ae60a38ca35ff0ee90b7e250ad0,raw/3dmodels/original/M/B07QBMQC7M.glb
316f9e822bced6c7f138b411f41b0a8c49a1baacb0d45c9b5f998bd550fec2c9,raw/3dmodels/original/K/B07JY3NNPK.glb
3174556ba3317a150cc077e89c984716556e938aa74133fbb1c90c0f3833303f,raw/3dmodels/original/S/B07K6RH9HS.glb
317f99cdd22c8e5961eb4f181f62071d1dfc2dcb1020ff4ef258b668f3eabbab,raw/3dmodels/original/8/B075QMHYV8.glb
3181d24f453948a80fa7df3156bcedf1a7c5a243aee6652cde2241f4d22bd47f,raw/3dmodels/original/N/B07374VCVN.glb
3182bb3899c4bd8be6ff2ddc6f70f3ee475280c46f66d7cb7750c66e27682636,raw/3dmodels/original/3/B07K7NQR23.glb
3183e7b2a2f04687e6596eae36c5e742e0e477f2b8f663a9b1c33451539770b4,raw/3dmodels/original/7/B07BWJCPP7.glb
318478b7304d22ef56b46cc6620576224159273b24e3a91ec0b2161cf713f121,raw/3dmodels/original/B/B07JG45F5B.glb
3194ea273e38d27e548be701cc4be96d3d240880c25e19950a063d3c6539562e,raw/3dmodels/original/M/B07DBGJ5PM.glb
3195d83a9083e9dfe61391c93daaa27bc181ccf89e61fcd4bcd2f79f35a0dc3d,raw/3dmodels/original/Z/B07H8SQ2NZ.glb
319798aa14caae4521af35ef6adb0f2cdba51908f5a440f1b770631a1ef3fc56,raw/3dmodels/original/R/B07DBGPVKR.glb
3197a0efbccdef40050c09cf9acbf4d328b697f8331d54d6ec86387a21e1e3fc,raw/3dmodels/original/2/B07JKJP5N2.glb
31a27ffe50f893335c3a4916b0bdafa5962429411fb9f540c8121d5f65338ff0,raw/3dmodels/original/4/B07HGKCRT4.glb
31ae13b06b07e17de95cf00d9bd10d820f5552679dcd480b0eb228cc0b9fa5ef,raw/3dmodels/original/N/B075YN3GVN.glb
31bd697d0221054e99b53ae5955b012e3b42fbdda75dc5b35aa33c6ac5b5332e,raw/3dmodels/original/G/B07HGK77RG.glb
31ce7afea405a6918a9104e5c45b1c5a6a7a2763acc16521b2d0413e223ba5fb,raw/3dmodels/original/V/B082VL4TRV.glb
31e51d1243000d34c2a06ae268739837a62cd7e57fdd37a93647b22b6cd4d27b,raw/3dmodels/original/S/B075X4F5NS.glb
31f9744db25ee0f006200f042643e944a5b2680761f7230d51c2a7533928f5dc,raw/3dmodels/original/J/B07THRFVKJ.glb
31fc26419be124817131497889c8965c80f0fe4912134582c744f24e7171676c,raw/3dmodels/original/L/B082VLP26L.glb
31fc4f348e381f1842c7229097a71f9e989b504d0d6f035134671556ed3d9c63,raw/3dmodels/original/T/B07BWJD1WT.glb
3207f6655e57d188fa5707a0df0aacecce4095c23098db79f95a215f8f7faf88,raw/3dmodels/original/Y/B07HSH9W9Y.glb
320929b29b0d895b2fcb6e52a0d1293c7cd65d3047862b686bcf1f6506edf6d6,raw/3dmodels/original/5/B07B8445B5.glb
3209a9132c8ebd7cfe2292571154c207065a68be368e6fe515134881dcdbc2ce,raw/3dmodels/original/J/B07DBCYRJJ.glb
320c91a3cc9a6735926e9cd7edb2fcdae79fdddd67aec33b36034f388fd8ed7e,raw/3dmodels/original/K/B07HYYBHNK.glb
321af89b65d490eecf802ed049370e5e4a9e9958e05e3dca61dece1af065d1b9,raw/3dmodels/original/F/B075Z9NW3F.glb
3228add15579919642847a647acff84dc9b772715cc22f22c4fd542adb095e4c,raw/3dmodels/original/B/B0853KR33B.glb
3231c95428d676a61d7a7fda36ae83279145df986e81fa20cf95adee0b370e19,raw/3dmodels/original/N/B07DBG9JNN.glb
325bf42375b808fc48268d4cfd811f968ed505556cf311f6ebce653fc10b3261,raw/3dmodels/original/G/B07TZ9BMJG.glb
3264a44077c6109c3ed2b07bbdf519bf4e8b12d74ec266e8814948583218a895,raw/3dmodels/original/J/B075X61WKJ.glb
3282536c4eb637ba9b196c3e88b54791b7d5b218ee6af29fe1c37c0901262560,raw/3dmodels/original/R/B07P5LLX4R.glb
3286467fb5851e9013e21ddfb9b5df862c5d2a62aea4540dae0934dbb053b5ce,raw/3dmodels/original/J/B07SMJY2BJ.glb
329d5d1ce5771d1a450c0e8c389d403b29352730835c8d3a4ec11cb50a045e71,raw/3dmodels/original/W/B082VLYF5W.glb
32ad1cdef90a36e082194982d85110797602f2920ca8b62f2f37c38985eed7e7,raw/3dmodels/original/J/B07QBQCG6J.glb
32adbda6388b6aee1fd4a949cc888f6ea739123a7ae5629ffedda784236a59cf,raw/3dmodels/original/5/B072JG3W45.glb
32b54f5d578496af425806023236530905de6a62314a5e1f30289dbb7a22b8a2,raw/3dmodels/original/G/B07F2M2VGG.glb
32b6c7fcc2179048715255465fe57759cecccb7abbbcb5829e7e8c991d029ea1,raw/3dmodels/original/5/B08554L385.glb
32b96c0954663782c1d84a2441caa47c4ee8b66fe3c1fa6af1f5db08c72f4212,raw/3dmodels/original/M/B071J7Q3JM.glb
32c393200760e5725f540f15528dfcf70e801bb54ab502df6852f3bafd5b610e,raw/3dmodels/original/N/B07H93GTMN.glb
32c57f8f6fa810ffc1ae469d7626916cf389dc6744f0a241515538a0f6868b7c,raw/3dmodels/original/9/B0857JW1B9.glb
32c7a1589a66ea4b3d01c12760ee34805a6054cb7ea080785104cac646e183d6,raw/3dmodels/original/S/B0735TZDBS.glb
32cb3c20045c3a2250728923ce136b6ec89bfb1de7b2ff316f3f32aedc281f22,raw/3dmodels/original/H/B07HSBJ5CH.glb
32cdf386833527ad55910421ce58a1428435cd308c31f8c2d8355366a0b1eacd,raw/3dmodels/original/G/B07HZ4NG1G.glb
32d20120dfc9bbd0b20af24e4d6106e4a5eb82aac232bdfb8cda9581ad61b517,raw/3dmodels/original/8/B07B84H7G8.glb
32f8248b405beaf5150f7e79dfcfa908aed477b8a5d37e9b49bbf9c37bb7a541,raw/3dmodels/original/W/B07B4SC3GW.glb
32f9067459c52f4d7fa68991516d514e07f69dbab098c45258f6356d4adad23c,raw/3dmodels/original/T/B0853VN8BT.glb
32fa7eeab6b9bad69a33e3952ce48564db68616a70452b010843d84d385271e1,raw/3dmodels/original/T/B07B4DB65T.glb
331a66a7c58552cb020a3dec6921db997ed78c030c45844eb26cc16600259b9e,raw/3dmodels/original/P/B07HYY8Z7P.glb
3326f974197849c390310d0219875f82702b7b4638b483904e6978c079f90657,raw/3dmodels/original/D/B0842L95PD.glb
332dfa1881153d88efd0e8e9b5a26a43c3d17a17d668cda6f83dc1fb4c5c37ac,raw/3dmodels/original/9/B07HSF5CK9.glb
3331c14b34ab1df905446d66f864b2029e7705706da169c3f71737d98fa43f9c,raw/3dmodels/original/8/B07P5LM3Q8.glb
3332b0a852ce320c9f487d9060f1b1025cedb424210f62a3630c54c10600c97a,raw/3dmodels/original/B/B07HSF3Y4B.glb
334121e42c45c2119c4eea527337908cd82ae447eb7ed82eeb0d70e0269ff8d1,raw/3dmodels/original/C/B07HKFXCNC.glb
3345c820e18064ba20b3a34202329f7d4b14f2d733e59b3b406e88334609f7cb,raw/3dmodels/original/2/B07JQKSDN2.glb
33475dda0881e166cd3d5d08295d951a2237a8f4dc1b6afdd352274c571fcc9e,raw/3dmodels/original/G/B07B4W1YCG.glb
3353bad98669c286dcf277f4b8ffa8af5a67dbb2ef36e5ff258982805f84ceac,raw/3dmodels/original/K/B07HSKXDTK.glb
3369354281ce4fe0b9c2cc2d06c0b453a5b3aa1b28c657964b123414f0434442,raw/3dmodels/original/8/B07B77VXN8.glb
3369abde10f4570d1dea98d2a971651e4fa8acb0e8c8b862322975ac812d7b05,raw/3dmodels/original/J/B0735X2M1J.glb
33936b16663f38b0b32cd5716b320dc5b537a202c1523586a04556d868eb972a,raw/3dmodels/original/T/B07RGR6XYT.glb
33a17cc5fd946faf77595c84eede2f556da071b6a67103ee79128f3325cec823,raw/3dmodels/original/1/B07TF7Y3C1.glb
33aa4a7e34b9f23d17fb9f679b55b7b1907faaff153c716bc2440f7f0e838afa,raw/3dmodels/original/K/B07QVC3SLK.glb
33b595075032ab0c49c01e5951378401dee79a5320cc779d1ae3661b2f62da1f,raw/3dmodels/original/D/B01MQJV7ID.glb
33c6124b71b91aab89a98ebbc23c2beb19b84cf53b7351ce9546039f36270422,raw/3dmodels/original/V/B07QFP4ZSV.glb
33cd58fa3e7e5119b6d14ee8e364dc84b375322e9dad308a5f6ef01848899e38,raw/3dmodels/original/T/B084W2X38T.glb
33d62070f6d671abbee0fb8114ee72297fe36e6922f8a0fd8082fa5fa73f41a7,raw/3dmodels/original/F/B07BWK59TF.glb
340061ab9928ed76ecc8e019391bc02330cf73ba7315977ee43645a773430bb9,raw/3dmodels/original/H/B07QHL59FH.glb
34007ed1832c7d8c287d08e8f00bb245b0deff770b2185b2e33be024e8060a13,raw/3dmodels/original/8/B07JM6GHC8.glb
3411680b30767b82f9e0e785866b3beb15ebab8510c749261055f6caa35972e6,raw/3dmodels/original/G/B07DBHPK2G.glb
3418bd79241d82d9d7f8697bc72eee8d3e68d6c9ad610cc459afa09d50ed80e3,raw/3dmodels/original/P/B07HKF5F8P.glb
342b31febe63e7b17dc8096be8e5c5ab7b5c2375866158b635d7b7d49b35feb1,raw/3dmodels/original/Y/B083YF78RY.glb
342b6a8ad6e26d460aa982bd32edb7fcbee38af350a43b9ab2deec7de9c4f7f1,raw/3dmodels/original/9/B075X5HBJ9.glb
343b1dae752e10bd426530549f80a7cbc5069b36cfe16f82514adf6c1107a907,raw/3dmodels/original/K/B07QDL48NK.glb
343c510ec80797128255700b6e102abcd37ec3a927009651be61ec23de51367e,raw/3dmodels/original/K/B07B4W5S3K.glb
343fc91a3cb4c6062f8d9b514b80421fd7905e6361cbb915c6abef2975e6e34d,raw/3dmodels/original/J/B082VFPXGJ.glb
344bd9514f374c62e81f1e957b7064b9be719f92647a1a17301d2037e5324bdc,raw/3dmodels/original/P/B07QGSZ3FP.glb
3457449c21ec99251a959ebfdf037eed28192ea0b2ff3faded028aa1b73df564,raw/3dmodels/original/4/B07QFRS7Y4.glb
3467c33d062160728cc7c7962413a5d233f1465077d5afcfd9cc8a5ca9306399,raw/3dmodels/original/W/B07HSJX7YW.glb
347756a92c00cff8fd101af6dedc7211966f2aae97b66b86dad634282019f5dc,raw/3dmodels/original/K/B0719WQ4GK.glb
347cf4f51baa69ca762e83b07b37b8969d9fa1026e25e750f395012098018ec2,raw/3dmodels/original/V/B07JPLHFLV.glb
347f21847c70cec9db8671f34774247d12d7814c38df03eb068c53c22d48156a,raw/3dmodels/original/L/B07B4MM4PL.glb
3497259b78409064d6f72e29c2faa733c43ccb38ae9f8fa0a6b63f269d9948a7,raw/3dmodels/original/G/B07DBG898G.glb
349a691106a7d511c16e6e319f0ad18a9853fd27f197cc07c8ff5da2121311cf,raw/3dmodels/original/2/B07BWJCPX2.glb
349aa8e3bf82e84cc704c9f09e29c734c5ca65ce6b7270a7c3f4e94a926d1e32,raw/3dmodels/original/N/B075X2LKMN.glb
349c8fb58bad71de3bf1b1e3a0b3ead6beb8476180dc245ca11ee46510a43ef5,raw/3dmodels/original/F/B07VMLFYTF.glb
349d23fa729f9f3f835095fe2498399b71807ea4d8baae10b4291811b3908476,raw/3dmodels/original/G/B07B4M2N7G.glb
34b19d4d84ef6da96543cf1c860f011b01483a6285275503d0a8937170776c6c,raw/3dmodels/original/1/B07MGL8651.glb
34b20416fec88ea0c6f615bb6fe4b82dacc7342dc815258b9f7a033b4179b350,raw/3dmodels/original/P/B07HSBJDQP.glb
34b6b097db371ed34740afe9a22092b8eb12cb413ef222c12759ad9743f9828a,raw/3dmodels/original/T/B07QJWXMST.glb
34b883f58567c55302443c1375049dae8d2503a06bfdfcf7e8fa6330822dcec6,raw/3dmodels/original/J/B082VML3QJ.glb
34df2e1c8729f8daaaae26f32e5dd406537e47902cc7115deb6cfc9d0ea74674,raw/3dmodels/original/5/B075X3S2X5.glb
34e87cbe630d3ec7090c6e878c3d591f344a4d545f1056c3b2077cd5fe6cb285,raw/3dmodels/original/8/B07Y3QQXY8.glb
352d13e2a41bc68da722f745ef5f86713786b4fb28c4ad7d8a9acdd877bb7ed8,raw/3dmodels/original/C/B07M6PHM8C.glb
354b4fc39491342612371dbe93a595328ac860e8f3a1ce91c9d585395ef35d5d,raw/3dmodels/original/K/B0842LM2DK.glb
355b9c046ffc5aa5b19a9cd0c8e24f1fa231f7b654095b1df0be0fdcca6f9ff9,raw/3dmodels/original/7/B074KMVVK7.glb
356f2a1193768972c8af274fb69518fb72323e5f81d8e203642c08a4981b66ea,raw/3dmodels/original/2/B084W2WJJ2.glb
3577a015d02aad6d061e1734a9e9c51d517bc3473de2b8bd9d013ab9590d7d52,raw/3dmodels/original/8/B075X4HZY8.glb
35b394c52c03f412983acb38bb81bdfa18c5ece11abdaae635efdbd45354bb4a,raw/3dmodels/original/Y/B07B4YXWNY.glb
35b555b2cf3fd2f7a7f1569acb379d7e9d413ddecebd218beed552a619387fb9,raw/3dmodels/original/B/B082VLYP6B.glb
35bc489c445177ffe0df016d6da6587677af9d867cc56a784c17ee745c9e70a5,raw/3dmodels/original/8/B07QDL4228.glb
35e0907f5659c85bf07ad9fd7fdfd6d7772af8926d773565b60487dce2fd2170,raw/3dmodels/original/K/B084W2X98K.glb
35f8046394b43eea0650768c9a7997574eee6e953a8a07371116aa4f8bc58131,raw/3dmodels/original/H/B07PMK78YH.glb
35fb5fd8705b645f656c31c46eb896d687e8e79658d9369a4006b91cbffef299,raw/3dmodels/original/J/B07P5LNMMJ.glb
3601b95fa25de0ba749fc2dd72aec36aee6006efa0d0648c9b474867215a910a,raw/3dmodels/original/H/B0856G288H.glb
3605501b249123fa1acdfe8997b3fdd3debbb3179cc76a1a4916ae2d4bfa4497,raw/3dmodels/original/8/B07B4FZGW8.glb
3626d692bbec5e921231c35795edfa5941b2453e2108e464b712e8979f9107e9,raw/3dmodels/original/1/B075YNQ7R1.glb
36335c05bfa8fa049af442d5030ac5a29c393c7a0337477850df4ad451211721,raw/3dmodels/original/J/B072C8PZ2J.glb
3648f592a7f701051a177cdbedd426fc750aedcc3ea9e060098abde1142b9567,raw/3dmodels/original/N/B07BWKFN7N.glb
3668b77cfc2d76a22adf6bf77f87de751bf913bebd094a32990e167ffc9da06f,raw/3dmodels/original/8/B07JQX8DV8.glb
36791b24eeb5ec8cae620dd7146e1f8820595733dd2d2129dce60806332451cf,raw/3dmodels/original/L/B082VLDSGL.glb
3681b10384e68b97a55fa11fbb4d0a18bd670909737d1c19593f07df7b92293b,raw/3dmodels/original/Z/B07K7LVRMZ.glb
368759f77b2c57e3cca904625b71fb25bf2fe1f5d7edce763ddeb45a6c0b1eef,raw/3dmodels/original/5/B075X4QFD5.glb
368c5caa12c72deb058e7546c3694d162132d3ecf3eca732dc2342cbcfba6274,raw/3dmodels/original/B/B082Q97M5B.glb
3691e645b3b0509907f1116155c585cdab5cffa6ed10603d765f05eceae5b9d0,raw/3dmodels/original/Y/B07QGWM3CY.glb
36b230d86b3c5eca8392322b69de43c6d7e20618ce12c206c05730c6a406d247,raw/3dmodels/original/N/B075HXLWTN.glb
36cf2b7c8d984eb2041f76f54b06d71fc9099c66902afb15694b74b67f77ce52,raw/3dmodels/original/G/B07B515FRG.glb
36d4cc1eb5ed3b73995b97e77b14f62683208e91375f74caa90c4f76617c7fa9,raw/3dmodels/original/C/B07DBGPV4C.glb
36f2e6f89d35b9bac3e75f6408e9b831bf5318d14609b85190fb31b8cec018aa,raw/3dmodels/original/W/B084T7P7HW.glb
373adf59dd9e60e5c46d97d48833960df0369b155e7a1afaac66522c9dd2eb53,raw/3dmodels/original/4/B07B4Z9Q14.glb
37560748aaf9897ad7adb318bbf7097d0c0d9477c60412c91568567cf7afb529,raw/3dmodels/original/3/B07DBCMTD3.glb
375d99aa0cb09dcaeeafc0c6382e03cbff14b651be1b724133fb4d7c73a1d81a,raw/3dmodels/original/R/B072PZK12R.glb
37602d0b35bcf4eab97b60d9282d6b6c93f2e9efee90f4d619ddb4545b246a4e,raw/3dmodels/original/Z/B075HWDT2Z.glb
378034b4293d0a9070d667059fa12d1145471e6e34190845087bce248f3a1a0d,raw/3dmodels/original/3/B07F3XM8M3.glb
378827fcb157d883a8e166d2fb9bfdc9384bfd49bad47290cf4770a34d91b2ad,raw/3dmodels/original/Q/B07B4ZXKFQ.glb
378d046335a2e5ce0ceb38c13cebf3c5eb4d5c594184c3a910cc29f1cf4185bf,raw/3dmodels/original/5/B07CF75N65.glb
37a16fd488ca6e0b8f704c6550d959e0ecdecd0babd09b08ef38dd965be8b21b,raw/3dmodels/original/M/B073G6T3GM.glb
37a9fc87f1616c569cadc0653189fcfeb6ca6192fa709a3e8be452d207284ce3,raw/3dmodels/original/T/B07M66SYGT.glb
37abdd0c6396db06ff1151e020fd398c5390ac3143153f3046597a85f826715a,raw/3dmodels/original/4/B07B4YC7P4.glb
37b81963cc9fcf164e6a5f20fdca5703d5aee8c6295e12e98723aae32eb2ae3b,raw/3dmodels/original/4/B07BL1NYC4.glb
37c04662a848432f2ae6784a7fe7ddc81ea7d55046406ad1c827aaf2f138d01f,raw/3dmodels/original/2/B07TN1X4D2.glb
37ccc4a88bfa4ca333fbf1b1c4bd8fa24dd9ec173cecad1128e19c32f551df25,raw/3dmodels/original/H/B07B4ZFC5H.glb
37cd866f6fca514cb8f0a8545714dfe3ad7410636f2aae0bec682b584a35b4ab,raw/3dmodels/original/2/B07BW8MJR2.glb
37d57bb09f1054da1b6ee19beecb2c79a32638516bf9d94e1b19b9cd0e3641d0,raw/3dmodels/original/R/B084QWW4LR.glb
37dea44f57bf9ab2788b50810a7ad3ff4761c8c2df7968e57daaf360538cc133,raw/3dmodels/original/J/B07SG5G5JJ.glb
37e954335fb3aba6f15a668a4555c886c1a1e75d53d5ff82a6779c98aaf8e2d8,raw/3dmodels/original/L/B075X4JB1L.glb
380b1346215d5019d95c2d997f4c1b36d5f0c1491ede05182961a82cbf50aabe,raw/3dmodels/original/T/B07HKGHTGT.glb
38115459ee8eb02f473cd1799b7bbdc3577f9621231d47ea91aab63fc91e690c,raw/3dmodels/original/X/B07B7DFR8X.glb
383ba5facdc614230df1d2c4f5ae4aad71050966f20a0ecd06ecf8bc372e2c51,raw/3dmodels/original/Z/B07HGGVRCZ.glb
3842d1a1c06c94b62cd94cee777f55b8559058b76e6a35d150ce44e42a29103c,raw/3dmodels/original/M/B07HSK2H7M.glb
384ec2dfe4f0cd5c406f8573b56feb15d89699d559e654fe1583b16dc30f6cde,raw/3dmodels/original/P/B0728NW8FP.glb
385706207c845c216a4ce91050fdec51e761848b2e6dc9b2f7a168fd36aa398b,raw/3dmodels/original/1/B083YFL9K1.glb
385a35b951605b0e22143bb26e9da33fd149e4b02ff93ba151cf5f1c9165a4f1,raw/3dmodels/original/6/B07JLSSWM6.glb
3868e6838b74c04b98558dc4a7c573e210a387ab9b379a737181d5083f35ded5,raw/3dmodels/original/J/B075X4JJPJ.glb
387ea5bac5daf2bb1d9f7441bca8537840caf1ea39d6f80e371857a4cf845d67,raw/3dmodels/original/F/B07PZCRS6F.glb
38816a650cfd2dbb830aac4c0225f20c127c0880aeeeaf0c690d69b412c13e2d,raw/3dmodels/original/3/B085FGSHR3.glb
389248a902b494c2686862eeb20911a0680c25cbb150e37f53e07b64e41f74c4,raw/3dmodels/original/Z/B07ML7P8ZZ.glb
38976d590cfa7286fca7623e0d7a321101f276437a740d0ef65afc2f073a9038,raw/3dmodels/original/S/B07QBMQC8S.glb
38a5b1fb4fff69c983426368470e7c3ed5ce2ab4a76f3c6d50c3477762fc31f8,raw/3dmodels/original/M/B071FMSY5M.glb
38b071ff697c3b91eb2902c616963eabd85c840c70a0f25cd08853f7504b04e1,raw/3dmodels/original/1/B07DBDPM51.glb
38bd5dfeefa4b0020dea1c28ca02d16c68e2461948d7d32dd47816c5d9503d39,raw/3dmodels/original/N/B07JD7RFRN.glb
38c61e1fcd9d5d91bdcca3685c073c4346de6563346f86221eb95b077b2522c7,raw/3dmodels/original/K/B075X5TN2K.glb
38ca9be8283163811a25f2fe23a3c5fa94f274ae564302fe330c91fee470529f,raw/3dmodels/original/3/B07G2RHL73.glb
38cb25bc31428ae63e6d569ea2bc9f61859f175ee061a8455d8c9a9401878ea0,raw/3dmodels/original/B/B07B4MSS4B.glb
38d481ef809ec2e7e2e55f340585bea098ce05edc4660cc851c3b21da7eb3ed3,raw/3dmodels/original/G/B082XD1PKG.glb
38dade1e8a0033d04d17d541c11eb90447e67586ac8b40c6f95a78d513541b34,raw/3dmodels/original/Q/B07B4NW6ZQ.glb
38dba59e2e4aefd83e3b984e2fc48a487c85cb9c2b4e10abdb9efae3772af60b,raw/3dmodels/original/P/B07QZJRFXP.glb
38ed666725538b87ccf4232b7e5a60960ff8d385b3e77d7218fe9e62eac73a21,raw/3dmodels/original/N/B07ML7J5GN.glb
38f9df1d2b3269833618f1be3ae41aab58a2bd9c5504ee078a45c84470d29259,raw/3dmodels/original/Q/B0842LQJYQ.glb
3902373be4986551a956a19a48f68cb8ad8a90da130177ce4ea670efd39109fa,raw/3dmodels/original/A/B01E3R7GWA.glb
3915965222b4732c603d8c468f58c09453355306ae9dd9f596231e5c0204755e,raw/3dmodels/original/4/B07BLB6644.glb
39271980d4ffc283006f7a9dd9d6f7934ebb55ad320e889409732dca2a0a6331,raw/3dmodels/original/K/B0853L1BMK.glb
392b3d715090f2c1ca3586641cc76fa337f26879da3365578bb2969b000b8964,raw/3dmodels/original/2/B07HZ6BJZ2.glb
392e2cbd66e184ee00d997fa2af8bd436307c8772ae577ba5c004b3331fce842,raw/3dmodels/original/Z/B07HK68BTZ.glb
392e6230f780dc69a9034fdd776b596b647092589a8899e34c4e768a68578101,raw/3dmodels/original/N/B07MQF8QFN.glb
3950ccf8550b68fa3adf500eefdb92b076e88e69f634d92884f9cc2c3a1534e5,raw/3dmodels/original/S/B07QGWM36S.glb
39518c3cebf50fca460c291e2dff812966cab55f4a3f7992283f4617893a9615,raw/3dmodels/original/7/B07B4XK5V7.glb
39555a3249b2568cdd6557f744b75e772369d3b3c8df27e8a46272a0e474deb7,raw/3dmodels/original/3/B0728KSP33.glb
3956161e5ae5af7c9f1429ca6a4e59fb6da50581967dddc10822f2942f5b1413,raw/3dmodels/original/M/B07JYN8DBM.glb
39589e29c90f111a5d694f52d0605246f3d548f5795981a881bec3d0bede4fe4,raw/3dmodels/original/H/B0856FQQKH.glb
397c9a4f6772ae55471fc6c3be80b17e06c06640ce23f78c085373deed469a51,raw/3dmodels/original/B/B07BKK336B.glb
39978b1ecc02b07f474c458d5c282e88d591ba28e78f1ed98d8e3447b4253475,raw/3dmodels/original/M/B06WVPB4TM.glb
399fbb382c54da2a02769f8b218fbb4c542fa93ebae802c84003af2af4d8e97b,raw/3dmodels/original/F/B07QGWLB9F.glb
39a3a16622ed65197600b00887b397e339417f40de8680cd4a4bf146c53b01a3,raw/3dmodels/original/6/B07B4MRP16.glb
39c10b9311da978c7be5c23f8cdea5031bcadf85b7ae27832c86c645b0be0692,raw/3dmodels/original/N/B071V85DLN.glb
39c67f5c20e4dd0dbc335a2c7533c1f473e943a8ff0ee015b3d95cd0df1b9e37,raw/3dmodels/original/Y/B0831Q8SVY.glb
39dcd358885105caa0518dd5ecce7bf36c9975fe53160469caa13890aaf0a952,raw/3dmodels/original/F/B07QGSZ35F.glb
39e57b2481a3cc72c10bb14863b8b65e2bbde6151ff0ee19384343e1a41d0cdc,raw/3dmodels/original/2/B075YP38V2.glb
39e783a5e474a07acfbe01b189b07745ee48ad8479512991256fd7309ac38c09,raw/3dmodels/original/C/B0831XJQMC.glb
39e98552efd4a60fe7dd7edfa7d19172943701b45d9eb5c63c34a57254949306,raw/3dmodels/original/F/B075QDTYDF.glb
39f971707488b2cff96847db7505e6a144662110b24fc3465ae8ed21ea633e4e,raw/3dmodels/original/9/B075X5HB29.glb
3a152ce79c577d26d68cc0b18f20103f4f427710a713810d4a4a97f3bd0d1ff8,raw/3dmodels/original/K/B07HK3RNQK.glb
3a25574598ff1713a1ad75fe3612a0b6d682fb19e85935e8d01168eb9490a7f9,raw/3dmodels/original/J/B073P3562J.glb
3a3be3fce7b7e23552d2fd3c77cb1d34bcf55726f1e6b3c34f837fbc6a696874,raw/3dmodels/original/9/B07RVBPWG9.glb
3a4390022ec12599c502d97f6a67b85afff87f3c0b4b020b6a4f0d52028b841e,raw/3dmodels/original/1/B07JLSSTN1.glb
3a4b894334d4e6da9a6f224ae70fa126e0bfdfbd9d17ef463f72dc29c33c708f,raw/3dmodels/original/3/B083YG3JN3.glb
3a656aededbd31611155bf56c6c79f531b5eccd649337758fb75e8c94319d4d4,raw/3dmodels/original/8/B071W5VJ98.glb
3a6894de3eae2d8a909dd7a0ce06a0a20be6644057c332e9b8cdfb891432cafe,raw/3dmodels/original/C/B07RD7627C.glb
3a71c758bcbc4c08c45e85e7981c46c2c006cfae0daf59c53c4b31d7f99791b5,raw/3dmodels/original/3/B0853VPXF3.glb
3a824900c006393ca67c4ca52cfc9b284671317616f482d682e17aba6e7e2284,raw/3dmodels/original/8/B07DBDWXM8.glb
3a899a9a5db02ab226bd7a7d5cd640c30147bfce05a2e12ddc862a73c54ca658,raw/3dmodels/original/1/B07B4MJZN1.glb
3a9126c680dd1cdb3cede5bb4d972098129a1e50e45ae81420ccdc24b8d5fe2c,raw/3dmodels/original/D/B07BWK59KD.glb
3a9b9e286168ee5e4c6edd5fec63df8516aa57864021c15725a8c35aa19cc230,raw/3dmodels/original/Y/B07QK2JK3Y.glb
3aa0d97befc47c8674b2872815c294ca3b803fddb754a99a6932a1ce9b461536,raw/3dmodels/original/7/B07Y3Q62Y7.glb
3ab34577f89ddb115870cb273d307f56de3891c2aef09172488888d3e739c4ce,raw/3dmodels/original/G/B07HSK7Y5G.glb
3afba3242982411cde6af4a8b945c534b8e9ee1e29978efcb77773071b79d477,raw/3dmodels/original/C/B07TD48G5C.glb
3b0bd589af5c00cbe0e7ccbd6cd6a33d4ca520b17257d2e3d0429546469ceb33,raw/3dmodels/original/9/B07B4ZPH19.glb
3b1d6b5662e1718139099ccac074c2fd976ff0eb5556637939cfcc0f0055117f,raw/3dmodels/original/V/B084S6R7MV.glb
3b2ee1491a7e8cc985a0b7994b441498cf83950a25ba639ce5d2d70aac928042,raw/3dmodels/original/P/B07B4MGRBP.glb
3b36974c2f50c510419053de83dffc2aae938f135d58ec9b827b21a6b2b549cb,raw/3dmodels/original/X/B082VLRCBX.glb
3b43d7c18d4d9ff4db322710e92e6a4b99ed2a7018b5276916794504037138c6,raw/3dmodels/original/T/B07QXB9VPT.glb
3b498d3679ecc0c17a3a1ef989e5b7210b38b0ca3d644d81cdeffc04e2fed00a,raw/3dmodels/original/T/B07P8STJ2T.glb
3b4b37efffd46d94480081c4478f4a310565545cf19f1af94da514565c798fea,raw/3dmodels/original/J/B0735VV7ZJ.glb
3b6fa7221a2457209860f19eb10223540068b83dd5c85d4f646c8508dd383b13,raw/3dmodels/original/Y/B07B4DBBPY.glb
3b87d225a4dbcea16e588a7ff0638b2670b9c89307536fa856c7c6f4e64095ac,raw/3dmodels/original/W/B07B4Z6Q2W.glb
3b9e99411f7ef8c86d5303817cdb12234d8b7264c973b99fad01d218914ff5f4,raw/3dmodels/original/J/B079TXCC1J.glb
3ba7fa90ed83bf9d4b604b93d2f9a74eb972c5699fc0c6e692f7c396eeaf2e31,raw/3dmodels/original/F/B07H8SK66F.glb
3bc7834d08f89e6198b8f07f4d7bd17a2bc5389f33bffc6c1790d0d291cc58bd,raw/3dmodels/original/9/B07QCQ37F9.glb
3bd73a6fbd2d96d6f3d7c1d51230f52b513b1201ed95c15aff91b619e6fdd317,raw/3dmodels/original/4/B07B7BDFQ4.glb
3bdcfeaa1a125a972acd6c4cb1030f7ad20f3970a00e1c1b0e519ab87da3acdc,raw/3dmodels/original/T/B07M6PK8LT.glb
3bde28e291a1e033301dd703a928f1023c78b374efda11f34edeb358c06d4e77,raw/3dmodels/original/6/B085FHVGW6.glb
3be446a77b8103af16fad66912b49574f5fc5b1774c68ad4dbf9e8636e016a4a,raw/3dmodels/original/R/B07B7B8KNR.glb
3beab948b94f2f9e1dc1f637953689c0813158b749e658680df40618c623a554,raw/3dmodels/original/P/B07DC15YRP.glb
3bf35505e175b5ecb81cf6864ef3225eda7b87f63f893734f9d6af9528a685e2,raw/3dmodels/original/4/B07P7NTK44.glb
3bf6da49ce6171bc0d75825631efaafce54805bdf904631c1afab9aee48e04c8,raw/3dmodels/original/8/B07B8NZQ68.glb
3bfa28ecc5609091a1bf0f809fbc9395e7ce845a27755a5204fd45253c7cf874,raw/3dmodels/original/L/B07L6KM9YL.glb
3c3003b147979996db279a4524d59547f23d42878b0092c3faae01e4af77eb1d,raw/3dmodels/original/K/B07JLZC7FK.glb
3c3c4700f658ae305d0c2eedaa0e7b2b225e5d58106ab5e6e9bc0001966152bf,raw/3dmodels/original/L/B084W368ML.glb
3c47ed0fb745af81567af42d845f203662dbf9d2d6eb45b49d70ff0f2a2e242f,raw/3dmodels/original/R/B0746DPMTR.glb
3c5ecf6c72e8688528c495df9dfa25e7aa9454f1ecf9b11407a5503979a9606c,raw/3dmodels/original/Z/B084W2RH8Z.glb
3c6b78bc37f76136099176c35f8360117b8a7f19d4771c713388e2b32be9bcfd,raw/3dmodels/original/9/B075X33SR9.glb
3c7256d8de1ba070e0febb0a5fcf3ec0ee78cb960b803d52062d4bc5b7492139,raw/3dmodels/original/8/B01D7P5NI8.glb
3c9486009ff3e2791edf3d27529f0783997a20333be0287213cf218f73b69817,raw/3dmodels/original/Y/B07D4FS7GY.glb
3c9787b5ea5a94f7469bfb85daf4cb0682c357978db448a3a01fe264ee75ca96,raw/3dmodels/original/4/B07PC1FXK4.glb
3c9ebe286d70f61bda5ab1c569e68f1e69cc0b35913ead331f423a2f3bd79b68,raw/3dmodels/original/P/B07TTY3FYP.glb
3ca56aabd4457490b38f2a3dc372041743635f03cdfc46fa14b393c34ad6151c,raw/3dmodels/original/Q/B07RP1N7YQ.glb
3cc2b25eddd8a5cd82ad31b595fa7bef8d2171b58945e8a5401f1f2d2c8e6035,raw/3dmodels/original/D/B07DBJXG8D.glb
3d0001571423c82ae674f443b10efaecde61c3eb2bc6b9841d3047d28f3d5dfe,raw/3dmodels/original/P/B07HZ5RM1P.glb
3d04e68f33090d498aa1b294da0633870b9b9d6fd07e6e02e6d626d99a98f416,raw/3dmodels/original/S/B073GBFBTS.glb
3d2684741b144cf68d00aad518533efa41ad2103bb2dc46ad5b04186a6a2f65e,raw/3dmodels/original/7/B07DBHC337.glb
3d302d84a096ccfb852fe9fce62ba669bf6055ef63f277e0d0540f128435b7bb,raw/3dmodels/original/3/B07QF8RBJ3.glb
3d3e1ae355a1daf49546b4541a66add8ca0ded844cc991f1f1d1558b1040c443,raw/3dmodels/original/J/B07RWCW3MJ.glb
3d4bb0c33b7b4448a1d4cbc1f35ec66b5e10c8c873637cde33c5d86e7cdf5afe,raw/3dmodels/original/Y/B07TXPYLVY.glb
3d5890ac50f4fbac13de7c15e6e5286cb9209e2bf486b277352da63411252c71,raw/3dmodels/original/3/B07B4YXNR3.glb
3d5b8a47bf0258fa286d0d78add1e8404dd5eaaeed973a4a9c03188acc378a84,raw/3dmodels/original/4/B07M7NSYC4.glb
3d6d895375d47b980b38f80d877b7eaf405fcb8017dba636992c516c85e785cc,raw/3dmodels/original/1/B07TY5QHX1.glb
3d7040f1d6e12c50b47155db4f3df736ce9eadebfbe294df9133d3cd85449d84,raw/3dmodels/original/8/B07HZ6X818.glb
3d8be9cb2eb4ca2ed8828ad3a1ee5af8a6549a55622175be4f6fba5d822ab210,raw/3dmodels/original/C/B072PZVY6C.glb
3d944b739f4c2b673000bd8b0cdff908275400c4cdc4fc4ae1645134bd05fbf0,raw/3dmodels/original/6/B075X61W96.glb
3dd89ae3a33399b3742283688cd17a85a0c1b31ed4b89dca59c3c2361c8362a7,raw/3dmodels/original/W/B075QK52HW.glb
3de04242a1a76a44f97eecb41f810f5dd7eed17e451f657a3f391f1a277252c0,raw/3dmodels/original/1/B082VL7BQ1.glb
3de48867b76a6c22e2c802223af6518a953ab7f0f02af6161140d7dfc6b104a0,raw/3dmodels/original/Y/B07HSJYKXY.glb
3dea2f7a2050c1d638e808a4f616228406553125a80594eee523f258d4f28af4,raw/3dmodels/original/3/B07MCBKT23.glb
3dedb7585713261326e6a0ec1774058621b4e94b4aeae98e1f50435f0d4855f6,raw/3dmodels/original/S/B082JHBD9S.glb
3def8fc4fcaf81bd78fff06aa0f4b5a6dd9f2a454d8c4514cee9c50f43ecd4f2,raw/3dmodels/original/P/B07B4DB68P.glb
3df6bb934421ff623e23aa371561235d907a0681025f5f77d8a54b6de16384f4,raw/3dmodels/original/2/B075HR7LD2.glb
3e179bad513d45e913376c964ba256636f6459d01b423e7baf7a7b02ec7115f7,raw/3dmodels/original/U/B003DQ5B2U.glb
3e1cf0da65785e5c69bb67b8511d460d38ea30f32150b9f9cd1e9cd0c4defff1,raw/3dmodels/original/V/B07H8JN9NV.glb
3e264963b532b8216992bb35d829309169998a943a070f31bdb2f5aa27eab798,raw/3dmodels/original/B/B07JK8GLJB.glb
3e30deb1fbb74ca48e3458919c8b1346ea3676a09bc7489217a3b8ba6ebf7e03,raw/3dmodels/original/W/B071FJR4FW.glb
3e3861ca88fa1f12a39bf48c9d6e88ec50c9f439a65eda4f0d6b857a4b3bacd8,raw/3dmodels/original/1/B072FVHRZ1.glb
3e4b39b076947910b5355eb6933aa94041c4e2a7be16836e56298dc7ef655acf,raw/3dmodels/original/Y/B0723H8HJY.glb
3e51363545ec1b1f626981c6c8f1ebb24a668ab7ae8d43a389a5c4cd0d78d809,raw/3dmodels/original/J/B082Q9C9YJ.glb
3e58d9b03e9945822aa20e5b3b9ce24718ec15bb240f547beefafe603fb75402,raw/3dmodels/original/Q/B07DBHBCXQ.glb
3e5f7b5f5df8d82974318f4d179c2713fa9a99361590acd2bec65c1f1f2f0a51,raw/3dmodels/original/9/B07B4W5TM9.glb
3e842c948b1e448cfec85d2084496e42feb632eed5653515fffc9d359313c589,raw/3dmodels/original/8/B07B4YXNR8.glb
3e877ba838c75e3d0af1781e0edc25a985fb38a6673190bf1afb895f3d05b433,raw/3dmodels/original/F/B079X4CP3F.glb
3ea7b1895a52d734b9f3e53cf2f1cfb7301c72ef525ed34d93cfb94164eaa60b,raw/3dmodels/original/Y/B07B4MFQGY.glb
3ecac3ca9566efddbf0dd2103d3502e6d9620903e1722590dbacfff428cea67a,raw/3dmodels/original/8/B07QJYKQ98.glb
3ed143c0fda880648d52fc6b87f626fd5d6e84f263269b1e93a0700b6ed6b1a0,raw/3dmodels/original/M/B07R3TWDTM.glb
3ed17f86990afc753b843ad423c2d83d7acb98b99bbf507adbf52c7d3f001963,raw/3dmodels/original/5/B07B4ZPGV5.glb
3ee4f53f7999197a71e0395546500453efa4947e0111be384ae5a8474d3a72db,raw/3dmodels/original/G/B07B4MD59G.glb
3f2c235a06b56f3535045567996265a16905d079a50cea2b3f237906449b4d86,raw/3dmodels/original/C/B01HEZJ3EC.glb
3f2c9c247817a9bc9059cbb11c9b74b04e00cb04d8ad080efc2892e760748edf,raw/3dmodels/original/P/B075X2FW7P.glb
3f330de28c7f2c97f884cf53ed74871c6b8bafbafa15e2c9c5102a45a54016eb,raw/3dmodels/original/1/B07SPYD8F1.glb
3f45107c299b29205a27743a1ba38d1bd132053c022b7810d6f59a64edf21a15,raw/3dmodels/original/7/B0853JGLT7.glb
3f58769c1026c6280b259db37ca94327642b495a4eda523a41e8ff4c1673ccdc,raw/3dmodels/original/5/B07HZ6SBM5.glb
3f610978ba1432d38679defc04c9ef40a0a25b14f6ff91e884c535441854b4cb,raw/3dmodels/original/X/B07DBHC39X.glb
3f6bbf732e862a19281af29b7255637110923a4df2afad77273070c265b1fa40,raw/3dmodels/original/L/B07K7K25ZL.glb
3f8c97f18eafce8302071c6179097c26043396fb97fe34a59f9758ad49e5cb4a,raw/3dmodels/original/6/B0842HCSF6.glb
3f965fedfad20cd551905a4b60ac59ed1c89b26645237460ea9cb12f20a4c7c1,raw/3dmodels/original/C/B07BWJCPTC.glb
3f9e2415f1be6fcb183963eb4ff2c14aa9881d0eae17975554362a9aa6092f13,raw/3dmodels/original/C/B07B4ZFD1C.glb
3fa2c7f82b457082d59f74b1b4d47225eb53cdb15de7b6287362120d14acd187,raw/3dmodels/original/S/B07JQX8LKS.glb
3fa73dc8a2a36e10d49c72bf063936b1e6de736c1035e58013db38b75b943d92,raw/3dmodels/original/D/B075X33RYD.glb
3fb4f715acd614c92df05b7102b5ec4598f760491b86177bdf7d889397fb9d72,raw/3dmodels/original/4/B07V5WKJM4.glb
3fb674f6b6ccd03527bcf9cacf9368417fd19e892b3e70d74a7092a2e2804422,raw/3dmodels/original/C/B07L6C51SC.glb
3fbc627adc0fe0c806d89375244e68af10f5e10515f263c0b19f35c2eaeebdae,raw/3dmodels/original/Y/B0831Y1G6Y.glb
3fc4ee49b66e0f6c0b86f51620a27f7bf9467ee7c5b02dcab715d3beffc7e918,raw/3dmodels/original/6/B071S5RLR6.glb
3fccc89ca6b60d2a73b076b40e02601ccadceaa456754ad6a1863c88a2d60caa,raw/3dmodels/original/B/B07QBMQH5B.glb
3ff0369f480a8ab6af9d920e4ba2867c62179c96cffa516326e010a1c18914a2,raw/3dmodels/original/W/B07JZ7RK6W.glb
3ffa1dc501e443fd4da0728f75612c1c3825a9d22ae62f8ca5c93e8238ae4c05,raw/3dmodels/original/R/B07B4D46YR.glb
4014b488adc5810a0ad3f0c2bb324b1a5a42a0bea4a5ca27f5e6acdf8fa42b03,raw/3dmodels/original/T/B075X4PRVT.glb
40168f3215ba2d8edaf6c057a098198bb25c5f4d8fcdcb58d467801783e1d941,raw/3dmodels/original/R/B07BL5WPHR.glb
404209630904ebd9e439d883a2712e07cf1b5aa059476aa4fb143d63bb1cefad,raw/3dmodels/original/C/B073WGMTCC.glb
4050f740d521bd3a9c712eddceabee16e11980408151d549b111a56026ff5b99,raw/3dmodels/original/B/B07TXPXJTB.glb
406bba29d05502d599dcf849d2d051b166b50cd72e9220286c6daec497dcf66e,raw/3dmodels/original/R/B079KLHJWR.glb
406ce529ccefa181f40a3e3d77db58a04e64607ed81caaaeabf68ec94dba294a,raw/3dmodels/original/4/B07DBFCXW4.glb
406ff8b21d09706eb689ae39745e1da09d023b4b4456c33de3a48676fbc042f6,raw/3dmodels/original/N/B07DBG4PKN.glb
4085da6d8258239da7236143d2d81cf1282191e4065f8abc1e277b7165c44e67,raw/3dmodels/original/5/B07B7JY9C5.glb
4087174a045f1b77fe8b429d02d188967d22f02d3e7bfe0f713faf8b2ea69d3f,raw/3dmodels/original/4/B084T7ML94.glb
408adad7f6e46c93f7b6824ba09c14e44b5a1842cd93886eb0f784353c0fcf9b,raw/3dmodels/original/7/B07QBMQH47.glb
40966b716416de56c07c8dfa08c2761a7e620ff7c48b6401e80e8cf347a2b02f,raw/3dmodels/original/Q/B075HWBL9Q.glb
40a987d6e03e517deea3cb717cb103e67a99164d9f5c8b7280ec7d44b398df40,raw/3dmodels/original/8/B0735XMSZ8.glb
40b1f642b83a6a4d5a66c8be1bd1589c79a3d62f7c20c4d95f3c3cfff7223a05,raw/3dmodels/original/R/B082QBBY7R.glb
40b42d028c2131fb4159ddb8609e541704d213b9c4468034ebd2b1caa31bc51f,raw/3dmodels/original/7/B07HZ1LZW7.glb
40b8e44fb4454f804daa4a4aee3c5efa775133ab87669eb916d5490623154880,raw/3dmodels/original/K/B07QK2JK4K.glb
40b8fe413f2da5fea9a0b54a38e2b650d4e1e0d3d715d6dec38181f5268aa7b0,raw/3dmodels/original/N/B07MWFGH6N.glb
40d295e53fe40b516008e9a8049ebfae02a3c777c2578257d795fe7f1cccee1c,raw/3dmodels/original/Y/B07TKX2NYY.glb
40ece2d96c8ef7b9c8e0c0674710037426275a44d50230744203e522fa1420f9,raw/3dmodels/original/Q/B07P7NW7CQ.glb
40ed4d2fd57cc3db1d7e309b204f5b24afc34eedcbcdaae4175d9d3a141b6efc,raw/3dmodels/original/B/B07QHJPNQB.glb
40f5ab5f4d603f11db1e69887a67b19f31ebcce3f21548ed5394760920b245a4,raw/3dmodels/original/N/B07TQ89MMN.glb
412b9db9bdcb9fa38b79cd1533839dbff3bbf42fd9abd8f45c43bc15699e8d7f,raw/3dmodels/original/R/B07QBQCG1R.glb
4146bd5e8674bb525ef3a748de7738a9086496853e8342861c126d4b4f081ca9,raw/3dmodels/original/D/B07B4MDX6D.glb
4160801378e1e311b0a4cbb0dc3e614b2e93305b533ef926934cf7865220d060,raw/3dmodels/original/V/B07QC8CC1V.glb
416dedf1020e52e0af8b81cbbf1ef84e78aa7724241cc6683fed01ed4b048344,raw/3dmodels/original/2/B075QLD8F2.glb
417af9285d9007cb7b5d23cd4dbdf6aed9345fb85d10169a9c43eb55d98f544e,raw/3dmodels/original/R/B07B4GSPNR.glb
41822f33dbe8dc9115ade7c0e32206c132ce51551d3248996caefa13a770a8e3,raw/3dmodels/original/S/B072Y6Y96S.glb
418d858dc7cd0ca1159aceb2a6c4709a0c47b54c498483f7184fb55f6e60658c,raw/3dmodels/original/1/B07BMTXRR1.glb
41e1116c0f6da6248e91834dbdcd20ad98b7d25b69c12efd27cdb6f04ccd29e2,raw/3dmodels/original/N/B07M6PK8QN.glb
41e1dc3ad03ea0e462430c882a4a119a84c9ec12003c3f7b9a2f950307844351,raw/3dmodels/original/2/B07T4B5TS2.glb
41f1008cb2806572faaa63a0b2aaa9e9554a059eaad3d159a77a53b77f8ea95e,raw/3dmodels/original/H/B07B4MKPVH.glb
420998fef267b8be7f7965e05fd2c51abb11a1a2231b4cac43b75ad943b8f093,raw/3dmodels/original/6/B07DBHF136.glb
4209a70cbeee53793dc31ddf19aac79384f45e6affee1f63465e25d3ca1df062,raw/3dmodels/original/W/B07G2FP9VW.glb
420b7d17bab1ca2df47141ef054e5951359a6a7cd73be9eba1a86bd61838b0fa,raw/3dmodels/original/G/B0842H7CKG.glb
423337e3d4d2aadc9f89bf8dcb6d7458f930decce7126d730f824e396f430531,raw/3dmodels/original/P/B071S5RK7P.glb
4234cd1bb20b2883388ae526e3fa2d754e39326d70d41f143a93f4852257f371,raw/3dmodels/original/T/B07HSG8DPT.glb
423b4a6c314dbb48b989720cc40774b39dde4ee2a3b76c6aeacc8323cd55cb09,raw/3dmodels/original/V/B07QHL2D2V.glb
423f1e3b694e0d8686b06ad95d8caadc15dd63d00b4e9e727c16d0abda7d5950,raw/3dmodels/original/B/B07B4W5T8B.glb
42432c0e96a7d85cbda7b153d54dac2507499a2a98ee8ce2391c707b5a92d32e,raw/3dmodels/original/H/B071PB2H8H.glb
4255469ac3665f67210258ff9ef34cac8903450149bb33f04daaaef2264ec72b,raw/3dmodels/original/1/B07JJYZPS1.glb
425794b97d0f0ddc25938ca4f1a09bb933efe3ffcff58385e7643e3c4843640d,raw/3dmodels/original/8/B07VNL91Y8.glb
42756e348c950a956df62851d0b52f8baa5b52e1c842b1b67e9f61e896e92c57,raw/3dmodels/original/P/B07QD6ZC1P.glb
427a3b8463c1136535444d5e8049d11f0b16e30f84d3f6c9803aa375962e1827,raw/3dmodels/original/C/B075YNQ7TC.glb
428943a1e980dc0a947d87765218d008b6f327c44c722ad5f8bd4efda332c197,raw/3dmodels/original/K/B07HZ6YX6K.glb
428bf7f63084a93d333e72d428dcce1357cb6b161bf80c2f9a33f97c7516a75e,raw/3dmodels/original/S/B07PQS4CXS.glb
42999126ff92bf3a5aedb8b2a3a7b5620aad3c9fb0c573d42789b24317285810,raw/3dmodels/original/F/B07B85FJDF.glb
42a00e202f9568ad0a256dbd8a7cd89afe4c0286052b708798396b28a4457624,raw/3dmodels/original/L/B07HSDWZ2L.glb
42a58fb86474cc402f8feae50531760f54213f66b32b5802e174609f5d535963,raw/3dmodels/original/N/B07B4SCM7N.glb
42bee95c3b2e22ed6adee9b3b836d7d795434e7413d71f24ee594b5b52c716cf,raw/3dmodels/original/S/B07DBHCKKS.glb
42c508ca0925e7fb6537e668d7e4889a187cc49c7d56b118438a07b310030d51,raw/3dmodels/original/S/B073P3HHFS.glb
42c6754f231a198d3add2555ccae7be193da78e2910870c230c1115997ff1928,raw/3dmodels/original/2/B07TF9MY62.glb
42c69952b7d29c6cd8fcc829f66c2c459a317182dd06e5817f351882e550ef13,raw/3dmodels/original/5/B07J2VY555.glb
42c8d889854de42600e2b4900ab6cd5c8ed49af272d5da0b499d47ac59e600d9,raw/3dmodels/original/B/B074DZ6NJB.glb
42c9fcff2cfb24c197034ca48704d2418dfdc82fc949bfe67c5e70c31a2db6f3,raw/3dmodels/original/T/B07B4YXWNT.glb
42d6e05c6835b985570acf19e90c8cf61c3f02669eb481ffdaf0ad06bbd4fdb2,raw/3dmodels/original/R/B079KTVCTR.glb
42d9c355adde3789a224095cafafd450431a2d88f4693544ba87b5b407dbd818,raw/3dmodels/original/Y/B075X5TN1Y.glb
42dbbcde59c051586f1e9a0bd8d2e80cac6c8f6d4bf08370880ffa41ff20067c,raw/3dmodels/original/7/B07B4GVQ57.glb
42e55795f1132b07fd45eca0e120dce1bbf8c045486fe5ddf508820b8979b956,raw/3dmodels/original/C/B07B4W5V3C.glb
42f51f6153e448ca4933800d426c34eba5a93d0167c3b536180aeafa617189d7,raw/3dmodels/original/Z/B07124WCJZ.glb
42f7539c6c606d474986ec78e6216af5ece3892a888521666891eb1e0f5fd12f,raw/3dmodels/original/3/B078JGHZT3.glb
430623c6507b4e7b80ff7b3a029ed5815243d5de64607ead0ffb8f3f6c78c10e,raw/3dmodels/original/4/B07B4W5WJ4.glb
43100739affe50ef112fe1f5424534ceabcf970aecbf220c8dc77e3d6b0a1b75,raw/3dmodels/original/H/B07DBFG1BH.glb
434bc372ad9590e2640e286db0c28c0a79df86b755613aecce25ba080e740343,raw/3dmodels/original/G/B075X467QG.glb
4364052f272fa6af07b812ebbc0d83b8e41660fd2971cb56e825d1f5c35b8839,raw/3dmodels/original/M/B0814T6G5M.glb
4367b05a1c7d7795f5a55534128e1111293e0c8281354d543bdef4b72a773a66,raw/3dmodels/original/1/B07B4P4M31.glb
4372a0aacc6a24de6c7e7df813904924d32617088663122009234b65e2912d74,raw/3dmodels/original/7/B08DW4FPM7.glb
437a5f2d9a3b665831f58457e2325fca41b58bc600b1a71b5b9b91ec57beadeb,raw/3dmodels/original/C/B082JHP3YC.glb
438f6da552e8a34a4edb0b69e4ef372bf41a535f3d3757f6e2cd2a2e6306142e,raw/3dmodels/original/Y/B07XZKQP1Y.glb
4391d9d5852796a5e63e8a9ab483d49160b8ab139bd8a464d7224b8cd9eea06a,raw/3dmodels/original/G/B07VZF5L4G.glb
43a7f93acc66e185d9d664ab55115f5ca2dc0c63c06dffa878c88e2de03fcad3,raw/3dmodels/original/T/B07DC168ZT.glb
43c123daa70834cf96749228539127e891c81c9f1f5330ae7c9a45df400d0b66,raw/3dmodels/original/D/B07TD5R27D.glb
43c270a795c8d24e86b05feedaae57b33d67923b5ee0a6ba6468a9563bde1229,raw/3dmodels/original/Y/B07G2L79TY.glb
43cdad90d84d9b3972080fc15f74654adf48a755e236431dd6820b3fc2b8e7c9,raw/3dmodels/original/2/B07PBZVPH2.glb
43e30cb023b53ce37ec155ab65dade3d01c46d4e888825d0d4b9787145b2a3d9,raw/3dmodels/original/K/B07BKKLFDK.glb
43e6909af111fdcee33cd23769ffca1986ec838258f077dd0592572d76572dfa,raw/3dmodels/original/F/B07B86T48F.glb
4407a6076024080fef080da604bfa8391d6ef7c439a009be2c6f676705601605,raw/3dmodels/original/W/B07SMJXGSW.glb
44167a47805909d63739cc27bdfa46c25bebe09acc348fcc314ea63e39f17402,raw/3dmodels/original/V/B07K7M4YMV.glb
44168f1a0f8e8c230c401b5cdc9af541cb8f8701e1dc286a279c5efb5e09f419,raw/3dmodels/original/F/B075Z8629F.glb
443437baff5d647ede1ab4718347446a910a149b210a31c50ab389ef172def0b,raw/3dmodels/original/Z/B07J2W23YZ.glb
444d319796dceeccefba619fbd6d2f08a550a46ef80ed219e0d9a2085c1290d0,raw/3dmodels/original/9/B07Y3254F9.glb
44526c1863a52fe31711e7de8e43175ffda637e927190ec0fd278b254f8004a5,raw/3dmodels/original/L/B07B4ZPGXL.glb
4457cfaffe7747909b1d37037cc3b0dd7e64ecd8e55466613e3e35e1a2a00050,raw/3dmodels/original/H/B07H8JWNQH.glb
446215311e07167c703d4bc504c79f6045532b5a655a2c392382c7d7d0259a0c,raw/3dmodels/original/J/B07PC5GS8J.glb
44baa9a572264037b3b900fef3241ac06e02b61fa56bca3c045d5bf2e9430e35,raw/3dmodels/original/7/B07MCCNR27.glb
44db6dc68a495eea70d8edf77349780472ee7b076348670004f6028d3b35b9b4,raw/3dmodels/original/5/B07QDNQPC5.glb
44f95d5640d7933dc915c267c72920ee5b6f22a5c3386f5e5ef20b2bf17bb671,raw/3dmodels/original/3/B07BW8QSD3.glb
45043870eb6e48d926bcbd1682292c45caf2ddb228af02c6b9520b2c3588e118,raw/3dmodels/original/Y/B0719SNKSY.glb
451a9d9f935c733a314cf0e72ee27b32f52f82d09181c8c5be4033ac301bf28e,raw/3dmodels/original/K/B07K8F2WHK.glb
45222dabff48b1cfd4e8c4a122fb43bcbdec96c40ebe5424f0b90c287eae34f6,raw/3dmodels/original/B/B07DBG25XB.glb
454781d64f5426ed6012a87585e5c68670c47ae08b4eae5bb85efdb55e111ba9,raw/3dmodels/original/9/B07QJX1JY9.glb
4549b813b6a9507305fe55e218a9a55538d36b31277d127674b2cbf233623e3a,raw/3dmodels/original/7/B082VMRLM7.glb
4566bc78d28c84de5191d1d5d36aec503fee94d0f39f3947a4f0bdb8f46e28fa,raw/3dmodels/original/8/B07Y3QMGX8.glb
456b48d83fb05c11a523b9fdf994597ea9412761a74afb14d326b0ad614b0bd3,raw/3dmodels/original/R/B07B4D8F4R.glb
45c3ec68df42c295beb4eef524c92c96fce899ffd442b919e1cd9124b3bb78dd,raw/3dmodels/original/1/B07JLBDT51.glb
45cce6908fc92d7d85bbaea6d222986ef15983a61c8d7a6e879bf3724dcd929b,raw/3dmodels/original/D/B07LC5TNFD.glb
45d3c040f91c38e5a2bb033f17c5d6c43d1923f695fd4b819fb3366e6c61bc61,raw/3dmodels/original/Z/B082QCB52Z.glb
45d98db99ec31c4bca1916a891c10652deadeb11bb694ac45f3499fba8971a1c,raw/3dmodels/original/R/B07MCCRYSR.glb
46016a53c05e56b499f27c5777c4e6044f0305cc12d51178b87de358e4c32348,raw/3dmodels/original/S/B07ML7J5DS.glb
460a2bc920fe7be59100b5d973501514a377b0c684dcaeea29d229415f540aaa,raw/3dmodels/original/B/B07JLZJ93B.glb
461403d111e8fc3724d7a54201d2e50daffbb4969486cd20747b137ec8c695db,raw/3dmodels/original/2/B07P8SS172.glb
461855d650bf5580c6360052bc5e164dae966e65a9712fe641178d314c013007,raw/3dmodels/original/2/B072M1WJF2.glb
4629a18dfd3c87158e41b6501ed13937b170849a7473716c11fe76c74464bdfa,raw/3dmodels/original/2/B07L492JD2.glb
462ea200f3eca12ff8685794b94c8ac8a6b4ff9bf6e0494a0a9758d8135a123c,raw/3dmodels/original/K/B07H2HGZLK.glb
4642b9d680649e27d59c7b8fea7635f4e422aeb36c9039cd930772ebbb8444aa,raw/3dmodels/original/R/B07PXFVNXR.glb
4648e44b2148772281f4ab2e3213697dbe69162932fdd81a2a57d366b579c5f9,raw/3dmodels/original/B/B07TLDNSKB.glb
46499c3a1b597e9d1dc20ec80fa571c0f061782c3e7dd375c95196f4af0b34be,raw/3dmodels/original/S/B075Z8767S.glb
4661cc68a1a00be37d681c18ef95905cb8509273d5cd760afbe947cdf9ff9920,raw/3dmodels/original/Z/B07DBB77BZ.glb
468577167beaa900c7c3e0d14a22ab99d2aadb786ed099d279f8ff9d740c1424,raw/3dmodels/original/J/B084T7WS8J.glb
46a8ea8c22b647c89ee7deb54f477e5a1e4056fc5b009bdd7b9a710a62bf8424,raw/3dmodels/original/G/B084W32QRG.glb
46ac0b639a34348eb70792fc25cb66cb3b28a44856a5e47411a349c5d807129c,raw/3dmodels/original/V/B07JQWN95V.glb
46b28689d33dd7750baaa59e795a86bfa23f6a23765a0189c450a854abe200e7,raw/3dmodels/original/X/B07YLZRWKX.glb
46c397b0bdda104a18e27438f74b42786df8f59683b8829301ff0af46b1a35cb,raw/3dmodels/original/J/B07K7NV52J.glb
46c7b1ec9a051196f1a03c794db5190c7c8acbda1f7188494940b86137bcd578,raw/3dmodels/original/P/B07B4Z32WP.glb
46c81e663fdd15922da85c20c51951f036d12bd20d18c3296b2e629c3a7bc0b0,raw/3dmodels/original/1/B0831Y1G61.glb
46d8c077803bf75a7f7ccf8a47ca3c5321294f3609997aff649e815c8ce0a1a1,raw/3dmodels/original/M/B072ZLCB3M.glb
46f07aa68636861d3b113030e09fd7ad556b189d1cb901986dae1060035d16f4,raw/3dmodels/original/G/B07B4MJKPG.glb
46fdd6d06d9cc182e65caf76b5723e5b845002699c0bb70192ebb4c821e2a7b6,raw/3dmodels/original/Y/B082TC37LY.glb
47043af8eb3a31ffd9453c5b3d7a94e76419772ba7102106a7c57ca7b357be4a,raw/3dmodels/original/D/B081H44MHD.glb
472866e2d3e8fbe980983fb4950169cfdc19dfb69ef305c7828b032e7d6fd0c2,raw/3dmodels/original/G/B07QBQD99G.glb
47459a62222ffebbc6c036f19ee7c05daadfeb1359112b3deee494c6b1fa8993,raw/3dmodels/original/K/B075HWDSDK.glb
4757f7a1fef5bc6fe5042c47f14fc4d9906802b3df6e18c5aa3d0862997ea33e,raw/3dmodels/original/L/B07B4YXNRL.glb
475e5d1c4bb777d104a2a5a35077975688da9c25c4f775a6fcbaea31f69ee7f9,raw/3dmodels/original/S/B07PBZ2PSS.glb
47642ddf4b3a14a932d177de6f978c12f877e7d0f4a094ac37e4798d535e30b9,raw/3dmodels/original/M/B07HZ8J1WM.glb
4769a9a46e08b5df715439742f94841a633dfaf923c6b84b2ab905d44e6765af,raw/3dmodels/original/9/B07RJFG359.glb
4783b9a8b548ea3e7754681249ea593f1f4ed87b953cd69c7375726e87ea3d32,raw/3dmodels/original/7/B07J2KFXC7.glb
4799e3ec333af0a0382689454b336cf6cd4d18380df1bdb9924a5156dbe453cb,raw/3dmodels/original/G/B074KKMQBG.glb
47b2ae45fc697b43bd8577a3724307e4f5de0fcbb2c4770cf3c6a54a170360df,raw/3dmodels/original/D/B072ZK885D.glb
47ba69a1fa3c0a90bf59d449c36036b6a3496c3bc7639e7f7465267cd6187d26,raw/3dmodels/original/P/B07QHKJP7P.glb
47d8d233c0e9415d6b3ce032d3e4c8a6f6327a4b8c89baf59a2fc3307fe8c880,raw/3dmodels/original/M/B082QDLG2M.glb
47e2eb3728b4b0d8f602c8fc7cfb92a13f5b565b5059486c0a938c02912ce399,raw/3dmodels/original/F/B082QDM3CF.glb
47e85e5cfd20a7dc575be271ad2ad323dcc2b53a57b5428c5962f3ff3a10818c,raw/3dmodels/original/L/B073ZNVNLL.glb
47ee0fcc18a062fda6cd8886abec438699d18c666d2818b73b6b82f4d9b99ea2,raw/3dmodels/original/P/B07MF1V33P.glb
47f80df0f782618b550bc408a0d1c36c565408a8deeb56ce3ef27f44538841ea,raw/3dmodels/original/R/B084L8195R.glb
47faca7174c66e96e4f6d2444c942300ec77bb2cbcb440494b08725cf9924867,raw/3dmodels/original/1/B07MF1SVV1.glb
47fcca6ce1f71107ce4d8f15c1aaf8fe2167e03f4c619aff873d126c9bdf28fe,raw/3dmodels/original/X/B071SLGZ3X.glb
480edb0c20acb7ff9c08bd7bff49068842f7e2318cba706238de57d6e2a051ef,raw/3dmodels/original/P/B0853VY3JP.glb
48235d077ac2926228623537d4c71835b4171a64d0f3d6a7508916df2a3eb22e,raw/3dmodels/original/9/B07H2J7689.glb
483e26b9febb8bda83d925ae9fa254dbea0799719c0e585388c18a52028f1609,raw/3dmodels/original/Y/B075Z7HQHY.glb
483e9f9cf6725b13bd130b45dbf66ded3b56b1b4cf471d008569c7dad6ad5fc8,raw/3dmodels/original/3/B086JJQQZ3.glb
48730d54ebcf0dd0be091d58200ce2bc69340ff812543878f13a2b6b3480e23e,raw/3dmodels/original/Z/B07B4Z9Q5Z.glb
487c05fcc782d3975260a4fa778d392b1c7155d0dd8a4330d022f8bf5467854c,raw/3dmodels/original/3/B07QHYF1L3.glb
48b2853ab9a06408f82ca574e41b33a38e2867a7cec3a44d4eda5aada763acb2,raw/3dmodels/original/F/B075HR7LFF.glb
48c4db4bfb74d36f90c5a1486c587e2b941a1201408ccde2de6ffa6978a4e6ec,raw/3dmodels/original/9/B07HZ1LXX9.glb
48cdd02066e3ebc9ef9e5399ec01d3b7b314d8c26fd6acd6d40678c4bfd61ea9,raw/3dmodels/original/K/B07DB92L1K.glb
48d3b3bb7688717d1e73735fc82ebb70940da5d7bb57d5a8b6502c2ab4d8f4d8,raw/3dmodels/original/G/B07WDJRMPG.glb
48d4277c25fbe2fefed68c51776d080c37000ccf94c0d21078c27173d75926f9,raw/3dmodels/original/F/B07HSBD6TF.glb
48da1eb6e31987d63ffe0b0d67a7324d13773dd75054bc83f1c6fc45cc324abf,raw/3dmodels/original/B/B07B4Y45KB.glb
48db1ab610cbfaa7ba2e66dc1684d12de11826fba76be267e453ac475d6db0a8,raw/3dmodels/original/W/B07QC864VW.glb
48e0821308d97cc7932107ffc088fe8ab6f885e2c83b77a7b1f58d1866fd94c9,raw/3dmodels/original/4/B00NO73Q84.glb
48f754918e99c0cd615aca68f135f583535362890405b4da6ea4ed37f91bed5d,raw/3dmodels/original/F/B07QBMQJWF.glb
4907c4021d1aead0414b5532cc0db1ae9484fba23740f1b75166cae3b4d5eac2,raw/3dmodels/original/9/B0725Z2499.glb
494861e61ea261552bfe7ac81460912c88b01d8ff275859d96cde4688e9d2e08,raw/3dmodels/original/L/B07TZ9BLZL.glb
4953246e812a5eb86723d62c55b8944b0a4b8c9c3314a99ab7a4d9dd132f1fbd,raw/3dmodels/original/8/B07B7B9FH8.glb
495cc4dec1dd872d5f21d34ccc3cb2daef29695b1a7aac8a1008f7a5ed305348,raw/3dmodels/original/H/B07HKFXDCH.glb
495dffe13de08f7e75ef406d2085f6a0181fe6357b499538fbd74fec7070f0f6,raw/3dmodels/original/Z/B07HSG8DPZ.glb
49699448df50c4613a7a68e88c38569e03312b7421d6ac5bd9073648a6a07e30,raw/3dmodels/original/X/B07MJL4XQX.glb
496a894d6e7f7427736258f89324d90d51ec9e6af1bbef233119bd6a4c863b66,raw/3dmodels/original/V/B084S6W1WV.glb
4975a52e57e118418666282acacc309879c3ac35dab3947714bbf1a131032def,raw/3dmodels/original/3/B07TN1PGY3.glb
4980cc2b5c68d99866b9facdc44cb21f7e8cb7a1965dc70a42e969e57fd0016d,raw/3dmodels/original/7/B07WHRYJM7.glb
49922c7cd6dfe3a89d063594d78332b0469dac989eab6a99810bff5121df30de,raw/3dmodels/original/Z/B079VK52WZ.glb
499c2872815766930260c9f25dbd910538943d8934f5d4a006bed84f085a1258,raw/3dmodels/original/1/B075YP3881.glb
49a6bf8e67bbd80a70c3e563180f17139e4fd73d1883fca955c0eef5a203e510,raw/3dmodels/original/8/B07QDNRBC8.glb
49a72afd882453b0593dd592c927c8069578e89244121efe2915709d565cb7ea,raw/3dmodels/original/M/B085559VGM.glb
49c17be0baf23bf962e584c8a175c6ea21109fce14585c93df2fbc3e86f2091a,raw/3dmodels/original/9/B07B4L9C49.glb
49cc3207911b447fc9ff8ba63eb5aa936f99db44ba1ce769238079ace18e1ae3,raw/3dmodels/original/5/B07L85XV75.glb
49d2556010d6cb952aec4e2d154eaa7ec0fd31f7ce3e1222b26b7d33cc258b5a,raw/3dmodels/original/D/B07P5LMCLD.glb
49de283aaaf73120001cbc1f5cac412c31936b44da5b0d743679c65231abbd2b,raw/3dmodels/original/Y/B075YP32XY.glb
4a16fd9f0efc409ab561f26e3be7d82954ddf8e1793f460369b96804991a3178,raw/3dmodels/original/F/B07HZ6HHFF.glb
4a19c652e98b4d3dcafb3599c1a4af218a84b84e76c36e7cc56ce04b23b6f54a,raw/3dmodels/original/4/B07ML7J584.glb
4a1ab2706d42463ab14eb021f508b3d02c845e22f2361cf2eaf5f2f683031b0e,raw/3dmodels/original/S/B07DW6432S.glb
4a27461f6fa19817e98d16e6616ca8dc67bc4dbe9a5e256c48cb041ea613493b,raw/3dmodels/original/D/B073PB3FXD.glb
4a3c03f5269f27f632fc0866000fa948a14dadd061af69debdce8bb95424ba0f,raw/3dmodels/original/Z/B07QDL43KZ.glb
4a4c4044c32c1bbc2eb356a9c1d8b1a3a20655174d35fabb474948477f5015ff,raw/3dmodels/original/2/B0075URYK2.glb
4a525ff6e23c98080ed48a12d941a251e157d4e38402b502799436c4560463f1,raw/3dmodels/original/Z/B07MFYTP3Z.glb
4a5df3c6eed86527e938ae11b0ca027e12f9dd8067a26232ab6c4d2c357836a1,raw/3dmodels/original/M/B0723H8HLM.glb
4a7906ad89a41d30c885e8236f026d4946d56382e555ee376871aaf39aed19a3,raw/3dmodels/original/6/B0856GFH76.glb
4a82c6e2eebb5f6be31010d3cfc1627b24e3e016881649d19eeb59a0ecd91869,raw/3dmodels/original/T/B075X4PT3T.glb
4a936f6fe417d38ed9c5622a04aa60393f64b248e94bc2ef252d230141d46d61,raw/3dmodels/original/N/B072JG3WSN.glb
4aa19a5e430e14c165bb4ee0ba3e4e39a39ddb89ffc76fea265c21b69f7683cb,raw/3dmodels/original/5/B07P8Y4SM5.glb
4aa60305810ef6f6e01472f8340de88918acfcc81ba76edb773e4516ce3b5382,raw/3dmodels/original/G/B07B4ZKMTG.glb
4aaf8bdcc053541f651671f8736214b9d66fa0a55dd11140dd503b18650edf99,raw/3dmodels/original/L/B078JFFX4L.glb
4ad7465963db29777e99890855996d0f940f31541be3ea66c89a66f0afd0a583,raw/3dmodels/original/Q/B075YP4WVQ.glb
4ae78877528fc92ff4164e138259aac2db7c1c844197feca59dcac6a211419ac,raw/3dmodels/original/3/B086B5P473.glb
4aecce7cd2d4dff96d7bf74f9a1b428c36743ee5dae3b6d378586d3492db8eba,raw/3dmodels/original/6/B071FJR3S6.glb
4af2ee8a3a045339eeff75bcb7b4dc96a4fe96762049b52d7774d90ac9ce457f,raw/3dmodels/original/M/B07ML7J57M.glb
4b137099f98642d54a60ffc6a38124455688dedbba99f499dde8e369faebed52,raw/3dmodels/original/D/B07TPPC62D.glb
4b2574fbfe255fdde662afe31a07d2a3957afeb260937dd30f737188bcb5f5d4,raw/3dmodels/original/V/B07QCQ1H1V.glb
4b343329e5bd932f6c80f4f6f2a8243ea7b950a1a52df9e0d1e31518615c8815,raw/3dmodels/original/N/B076VF4KRN.glb
4b3af69f8ee06ae4981f7fb7c35247de5253c1e33ece0ade9fc8e053e595b54f,raw/3dmodels/original/S/B07CB5GN5S.glb
4b6b25edf7ee16a869bf0b70ce3680d1e83106af3eb5a33b2b8c4ad8c2d63924,raw/3dmodels/original/F/B07MFYTSDF.glb
4b70cb88812ad810ff724f5ef7ac2ac1c368ec838e36584522fd599fcf2f9be1,raw/3dmodels/original/R/B07B7GZTNR.glb
4b86cdbc1c1049b1bf41cc38201dd29b61a96fdd7eb3433ad7c7c64826d47ea4,raw/3dmodels/original/5/B07GFFR415.glb
4b89dc037995b5c96077acb92a3bbe59edb2f8ad4bbc43613530bbfdfad29293,raw/3dmodels/original/W/B084W2GNQW.glb
4bbdc8d51ab7ea9b8a1137030f5bb3f1c3008af328081d206eee9e4fdbc05f95,raw/3dmodels/original/1/B07P8SRZS1.glb
4becb37ecb1b624569d7bbb88d06f37a5ea6412983078c65a19578dfdcbdafe3,raw/3dmodels/original/H/B085FHV3FH.glb
4bf12b55af37c606b271b24d406028957efe299ab3e86e1ef7368a7b0080ca03,raw/3dmodels/original/Y/B07HSJY7CY.glb
4bfbe153cd0ed165a4a9682d53343da8117530c7f59c2cdfac832bd684885e9d,raw/3dmodels/original/Z/B07BW8PZ7Z.glb
4bfd4dff1fabc5d9154eea07ef5404fd8cd5848141f8d519c31c3a8a2b32210c,raw/3dmodels/original/V/B07TZRLNFV.glb
4c116b79aadf1a83589175a64730b49dd54df6e9e2e5fa3b6a34b6501e7766ef,raw/3dmodels/original/Z/B075QDV22Z.glb
4c436d191e4362da18e997025c7743d7bc34721be3d25ccc77d1a66d541568a5,raw/3dmodels/original/F/B07P6JV4CF.glb
4c57406911495fd503fac5bc9a2329c5dabf38b7ee463ab642832eb36e5534f4,raw/3dmodels/original/J/B07HPJ9V3J.glb
4c7e38df0ce52ae1d28cbd450cac0b8f1a2bac85787440b2d92522aa9816eaea,raw/3dmodels/original/C/B074VL1JQC.glb
4c8da26c5c7b1fc8a12969362fbac591c61dcb5a81a284154d4fe85b6cc7a348,raw/3dmodels/original/K/B0857JM2NK.glb
4c8ffa6a2ae00b99548023d238d45e51357e3a2d006caafbd8349a0a3f36cf86,raw/3dmodels/original/G/B07W563NHG.glb
4c99106a2b41948af678d81ef63609ecc5c6615d6903fac378789e44e0b8a2a7,raw/3dmodels/original/Q/B07M6PKCQQ.glb
4c99eec35be0492643029a5151fc89e6cf714b4904a09980dc4207ea762ce4f4,raw/3dmodels/original/M/B07B4MDHXM.glb
4ca0aeddb21fcdc95a9a48a23c37cd861a66a3ca99d83d6fc012fa6d880d2616,raw/3dmodels/original/D/B07L8T38ND.glb
4cc3c0143fb916407bef4cc6e7561bc5270125b772835fb6276145a6873ca5f2,raw/3dmodels/original/H/B07DBG26SH.glb
4cc5b876c9e88ee3477b9624893a5b5d4d72409ab1ee5bfcee84e5936b3de9d8,raw/3dmodels/original/2/B07HZ782D2.glb
4cc87350c0bc593d483c12a4962086bf48803d596e5227d3954d670bf0dd49b9,raw/3dmodels/original/C/B075GWYJRC.glb
4ce1ba735957ffb2175fcf6b5bf9deb0ff4def8af7369a70192b99391d2039fb,raw/3dmodels/original/X/B07K7LZVMX.glb
4ce2d4490e4a628bc4c8db69f899066d15c58e269f11123dabdd9c17775f6e54,raw/3dmodels/original/4/B0725Z23G4.glb
4ceeb339876aa46bffaf7aef5888e8932619b9f76add818d3d7a0698f7df5fdc,raw/3dmodels/original/9/B075ZF4S39.glb
4cf4cb0e78e71eb1364ffb4a1f7c58c082f82fc31744d716a0124255b8e77890,raw/3dmodels/original/M/B07HSK7Y5M.glb
4cfcc7b44495106b01c10936952c175aa6eba9a6e72244797bf732de3df83412,raw/3dmodels/original/Y/B074KMVDPY.glb
4d13668957e041e07b258a77aa9faf20c3cdf3c5be39369f93ab14eff0e3d83d,raw/3dmodels/original/7/B07P8STB67.glb
4d3140aaf7de4197521a86e5c6b3c81f39518d8af051e92eab218db081085f14,raw/3dmodels/original/3/B07B4YY8H3.glb
4d354915b0aa367a8003ed785905ba3f89b2b9a3ea28719e576685d0e7024d25,raw/3dmodels/original/T/B072ZMSBQT.glb
4d44cde7edca6b68887818c483b0b675b3c217b81b0aa25812224320e76b9f2d,raw/3dmodels/original/W/B07B7MWMCW.glb
4d5a14ab9071db4b27908c7069deb59a8ec4b8a8a247baa280bc418d1af819a1,raw/3dmodels/original/3/B07PBZ3VJ3.glb
4d66abab7e84e3b35228557fcc942454b17d493c732caa78c879f32ae3016b00,raw/3dmodels/original/L/B07K7LR4WL.glb
4d6a9fa473071d3299b63151c9413fa9dbc3f5be72ee03dd9a29a92d00727b9e,raw/3dmodels/original/X/B071PDYXKX.glb
4d6b8c97aa3e63fefe9ec2ddf8fb836b0d5b7bd08cb5857b6b0de4a662e12a77,raw/3dmodels/original/V/B07JGY5LNV.glb
4d7087e74be26484b015a098cc12f9842c125564637670c2a1388e1d059c5f0e,raw/3dmodels/original/N/B07DBHBB4N.glb
4d74723058474019fe32c832f373d0407d533e79129ac9e68be40ab218658eb7,raw/3dmodels/original/T/B07B79WSKT.glb
4d7c1fd9fd46d775da45955d18b17d2a0e3e78281df3ac5171b9637e190ba27f,raw/3dmodels/original/Z/B07HK5HDPZ.glb
4d7c42aa733256fdf88355037385fff1abe024c1451047999de5eb32b8d532c7,raw/3dmodels/original/F/B07HZ8J1VF.glb
4d85086229fc3019baf6a9d18dfba6bbaf23c054f6069e6e9cfe0b18c5d5ffc2,raw/3dmodels/original/L/B07DTLKL7L.glb
4d85bb1fdb6a0ea2c820ab11a8afc72a392dfb4975e5970cb55156ab0a8f2fb9,raw/3dmodels/original/M/B07263589M.glb
4d8ae2945e7af1225297accdfc315dd36763a31c1fe4623641b7262eed4f304e,raw/3dmodels/original/8/B075X4F5T8.glb
4d8c682a7597e94ccf7ff7446f3947c2a6de70fa9e1a187359ac61d1b5912954,raw/3dmodels/original/J/B075QDV39J.glb
4d8ee9d756325fca5238384ca49d1f817edb56a721bafad60eab9863cdb0a98e,raw/3dmodels/original/X/B07V6M3PDX.glb
4d97cdfd3acc7a9e734aa0184702cd11780184633e2c143244494c8a85362182,raw/3dmodels/original/3/B07JX7P4L3.glb
4da8553ea2bdda5f7c11685f673ad3860b02d79bf7797eaf532bffa4241845d7,raw/3dmodels/original/K/B07JQWZWZK.glb
4dafc9e92d6f816a4a6779e9e127eddac9567f51ab792e337a3b5a936e688f5e,raw/3dmodels/original/S/B07B4ZFC5S.glb
4db62006d35be6ad38eae83e95d810bd1f1826a298d3533b7b5ed3197c0d7eb5,raw/3dmodels/original/D/B07HZ6VT4D.glb
4db9c5efacefc8459865154072537e39c941df34fa8f138c88dab8655ae8baf7,raw/3dmodels/original/T/B01N3MBCKT.glb
4db9fca2f694e162061e21b7742dc4ea05a55ad1fd826d12b04b4fea022acbd1,raw/3dmodels/original/9/B07MFXP3X9.glb
4dc26c40144b0cc58d21beca649902e04e7665dbb41d03690ece025d20ad2c26,raw/3dmodels/original/L/B07PXDFW6L.glb
4dc794be3d2d4b3e5c0353e11a7aed4de4f086f0e3eb339c5210f4bdeaeb836e,raw/3dmodels/original/J/B07QCPZTFJ.glb
4dc9df3fe2c110bd3d87c7346a07936128554c8eb85180693f35bd6444b3f143,raw/3dmodels/original/Y/B07QHYF1NY.glb
4ddad82aba99bdf084c0b5344ccce460c68e1a84aa2e791856aa926a58726782,raw/3dmodels/original/1/B07DYK2Y61.glb
4dde2207796d7d80fac4800af2cf02e877919dcf7900290852d8345c6adc6ea1,raw/3dmodels/original/7/B072FVHNS7.glb
4de259fe2b0880d37cebee345624591a39f0519863c8727b1910fe5bdbf350bc,raw/3dmodels/original/7/B07DBHGHS7.glb
4dede7ce49b86f0c14ec6637349489814867319d1a73bfb96c1a958121014188,raw/3dmodels/original/Q/B07P5LP2LQ.glb
4df0a8d2367cb67101540bae94bd4c5e9f7da8e11e4841459b924f404e66102a,raw/3dmodels/original/9/B075YMW6W9.glb
4dfaea09ab5929a923fc3100c5378490a7452ad1fa68d78270596310b6e61c91,raw/3dmodels/original/F/B07BWK59HF.glb
4e055fac7fd698ed946557b8084a408059745de588cd94b17322175bb5a28cca,raw/3dmodels/original/M/B07YBHC89M.glb
4e09759701e02145ee18aceef7c863ea793454ca583b2edbaf20e00d831f1607,raw/3dmodels/original/F/B07WGNR6BF.glb
4e13b5afc5465ce9b7da71f35058fc1c235017b740b01b5631e466201733266f,raw/3dmodels/original/2/B074KN35K2.glb
4e1938f70f2f715270f1ff809254b713aeec98d83d9e737273763b1c3613c686,raw/3dmodels/original/X/B07MBFD6GX.glb
4e1e32ea923000d85d085624065cbe1b1346cf30df3be92b2c9438e9ebc256ae,raw/3dmodels/original/Q/B072PZKCMQ.glb
4e2874f30ca7be9e3d6c29709a8f08fce31b461011eb24ce8b57e9e279968d02,raw/3dmodels/original/J/B07K7K4CBJ.glb
4e3b056bedf6748284bfe13acfea26472ff2f7ae07ef549cb28220288c1b4f7a,raw/3dmodels/original/X/B07DBD9W9X.glb
4e403c5c56616e0f52bded6472593e1d97c18c6c36837bf839c66eb8f16820ec,raw/3dmodels/original/8/B0842H26R8.glb
4e41e893aa6b28fe7f1325c066c49abb4d1aede62b8ad48d9131c581eeb7fdca,raw/3dmodels/original/M/B075X4F5NM.glb
4e505924c0ec0c967f69fe3ba03630f9c2f92de670b1afb75ce4dc9b64fb1d2f,raw/3dmodels/original/4/B071J4VYW4.glb
4e668c59414687524dc1561e871bd150653f339bc536ade49c55bc28eda4dde1,raw/3dmodels/original/3/B07HSL7553.glb
4e79ca15a0287220809e9aa3329faa937779b920ed90d375cd6f05f5b0817e0a,raw/3dmodels/original/E/B007IHF36E.glb
4e8aea04eba57104d739776e8ce42babfc900ab32fe9e670de14eeec769d1f92,raw/3dmodels/original/R/B07B4FZWGR.glb
4e90c3e2da76f0a6452c446e3d6a165b56c6c6f90baec431ee85c957212560e1,raw/3dmodels/original/S/B07B4FWGZS.glb
4ea172e4c5c9a3f7eb82b1453c04340f729e6820b56fbefa2bb505b876b1298a,raw/3dmodels/original/2/B075HWDT12.glb
4ea1b4c428206b082c1cf154058b08035e3704dfe3b73615b466bbd3242da27b,raw/3dmodels/original/V/B07G34CW9V.glb
4ea609605a97a58da781989c6e9433d3bfe30c982f36605a677d2fb81e1392ac,raw/3dmodels/original/Z/B07HZ1LZPZ.glb
4eae399c9543caf0532a673b5ed662872e450fcf4b6c721e66afca76de9efb77,raw/3dmodels/original/H/B07K7LVGHH.glb
4ed979ae08961eca78ddd37438e977b08aa2e292fc04cd337fd75e62c8dd76b7,raw/3dmodels/original/Q/B083YFQPNQ.glb
4ee7ad6e6c889a963f58597bc69af03404892c675f85f45acf3ec737683d4f98,raw/3dmodels/original/R/B07374P6MR.glb
4eeb2886c039ce356332882861da22a53333b53c00621faa9ccbf699ce56ba1d,raw/3dmodels/original/T/B07B7B1HCT.glb
4eec40cab1be037a52b84b6ea5289da37570dbc1b9b019110999866ebdd29ca6,raw/3dmodels/original/6/B0842H3TP6.glb
4f0b6f7ad8fe9f8eb2c4b0dca5e9c67d84743368ab93355e641348df6058faef,raw/3dmodels/original/4/B07B7B6W64.glb
4f2cedc42cc7784a766b83d738a47d3c1b6dfb9b53810ea88d2ddd92837d800e,raw/3dmodels/original/G/B078JGYJTG.glb
4f334a0e77c8a58f59c3fd626b29c4522e9d2376a23cbdd945cb90afd4cc3fc0,raw/3dmodels/original/Z/B08568W12Z.glb
4f38621644b8e93d75c4333cb47906ff2513a4fa01e956c86b31de2a9d85cc8f,raw/3dmodels/original/7/B072ZLMBH7.glb
4f48d51d08e0cbf64ace306518db0fbda38a0646f58d204791875ae2a31848fd,raw/3dmodels/original/Y/B07B4MR1MY.glb
4f4d6d1ae7d7001c092a1a7c4e2b9d19a127d4f326c6feee29f35b3abb91d8b4,raw/3dmodels/original/F/B07DBDQJRF.glb
4f5b1c23eb129ed57f1a1557661eefd2c336164ae5b4bf43d50b640d45581d3b,raw/3dmodels/original/Y/B073G9JY2Y.glb
4f8df684ab5c3fc1670c39eb9e5827eab3e55ecdf3c512e79bf811bce483135f,raw/3dmodels/original/Y/B07DBCG1QY.glb
4f8ed3aa4e8392e9f431dc1f71b23af71a8fc2dcf71cf786d0c2682b778553be,raw/3dmodels/original/G/B07JY3BQNG.glb
4f8f4564546d3ccb20eedbdfb23a92942f864d2e44ba4973b2536b1dcecb46d9,raw/3dmodels/original/5/B0842LGPB5.glb
4f9260beafe8a7659dca098392cae5bbe15f677f7055095d7d12f3325c402eac,raw/3dmodels/original/2/B07WJWRY82.glb
4f9a657f5634ffbbf43ba87ef35606a723d8309e8ab5196a17675d6108bb56cf,raw/3dmodels/original/F/B075X4PS1F.glb
4f9d265f5c8a129d6accec0859515b7e2cfd3e630381a91675a8f7b2695fbe76,raw/3dmodels/original/1/B0853VK491.glb
4fa0e5b50f1e4567abdd2619b835bc2b3e44027b25c1b121a03954f243d2ba53,raw/3dmodels/original/3/B07B4D4F83.glb
4fb1ef2cca491fed877e30a467f7c277a363d00b91991940a98e4433f9fb17ef,raw/3dmodels/original/P/B075Z93NHP.glb
4fcdbc8928bddf12fd849c22b453ee4feea2674f96444d6534c4d3484d0d6a1c,raw/3dmodels/original/5/B07B4D8945.glb
4fd3ef15d19c5a56ae0a70bd3acec7b777ee2daed3eacb5adab3d4dab65b886a,raw/3dmodels/original/1/B075X4VQV1.glb
4fd4755eb8886b3c03310544c8a517d5a33445e08dfb333350d8d394b7cdfa87,raw/3dmodels/original/2/B084RZVHD2.glb
4fee4023f7825d4fa303a09d7da4e1c1f77566c73dde3b4b47cb18331bdb2daa,raw/3dmodels/original/X/B0831XXTDX.glb
4feeb0ccab146a66b56bd127c35106ab465e5fa606c2d11dabc9a0fb2a3addda,raw/3dmodels/original/4/B07DBGJ4X4.glb
500dcbed8e7b80adddda697a90fddea283eb0efeae20e695ac9b689945e921d2,raw/3dmodels/original/J/B07QJ22YVJ.glb
50137bf6ffd8328a892a6299518510f06a293e7f14d983dc269a8501b3ddd703,raw/3dmodels/original/S/B073GC43KS.glb
502757e786ee4ce2bceaec35653e6694024c575698cde972afe801389ac4a5c3,raw/3dmodels/original/N/B07H8JN9KN.glb
502b368436c817521cd0fee21589c68ad6a4deb4d2ba201ad2c22ec5598c00a6,raw/3dmodels/original/P/B07JY29YYP.glb
502baacae12ae8f9874f99c80f7116bc6fa1bfd18b82fb4edc244482f923a184,raw/3dmodels/original/K/B07DBJQC1K.glb
504586fa6b8833238024c43c1ac04c9de54b517da3c6b04b5d0b27b73e10cebd,raw/3dmodels/original/Z/B07TZ9BMJZ.glb
505927573e11a96c3c42af045cae75e7757246a3ce1f5d95bc368d197979d129,raw/3dmodels/original/V/B085FHGH3V.glb
5065fe36b5ccae3db49f5f495749dfcf3acfc4605dad9a17b67a88c1ca40c3f9,raw/3dmodels/original/Q/B07V8ZMFDQ.glb
50701826cc7aef133e1b9a7a2cde789dc3b0cb2025a05f4b5008903c8a00f02e,raw/3dmodels/original/T/B07B4YC7MT.glb
5078e57b197dcdca9397f2cd0a0dd99e368e7c972933517bea587a5c97265bba,raw/3dmodels/original/6/B075X4YDN6.glb
5090ce426277c25540d89c1a8d66d60e4afbec3781a395a943a924bd72609e74,raw/3dmodels/original/Z/B07QGSZD1Z.glb
50ab9e8b17b390db5603a68a39ad9a81cde058e661b98d147b0c89e89d2dc379,raw/3dmodels/original/R/B07WMRJ68R.glb
50af45b470d16d61384e62df48abc2a5f8a852ba7c79e78cdc41dd63f6bf5f34,raw/3dmodels/original/6/B07B4FZHH6.glb
50bcf4ba857eb634252cc7f7344c6716e1a358357a524cbce185723c5d2f8aca,raw/3dmodels/original/3/B07L6LL293.glb
50c514b049c57dd21aafa6545038ebe45218210175a04ec35683965953294bb1,raw/3dmodels/original/X/B073G8VWJX.glb
50ca93def7472e639cf68a7a16445f29eed1ed7179bc2b724983922f6d75f4fc,raw/3dmodels/original/K/B081HMS8YK.glb
50d25e5ca101d8c16b65b6ecc6afc53690118053054a9badc643f9dd7e302885,raw/3dmodels/original/W/B07B4YC7RW.glb
50e132ebc5d91feed9580d0b4819b1502cd273fab19c9ab9124e6c4c9d65eef2,raw/3dmodels/original/C/B07HZ5ZTZC.glb
50eb6b9db49cbcdbac3c28b38d0f2bae5c3e2ec76897ef680a0da5d8ab1296fc,raw/3dmodels/original/J/B07V7QJG8J.glb
5113a196a83875b32974c42bc25066877d1033887edc274759816125bf6c45bf,raw/3dmodels/original/L/B07QWZBX6L.glb
5114ec72fd16b3a39d0b638e3379ef317293b4c078b208889f8c78f326787c69,raw/3dmodels/original/8/B07WQ53V18.glb
511bde43f555071254aa562334c460ce01367032bd9279177f0f5d378c3ab13a,raw/3dmodels/original/G/B07DBGPVLG.glb
512737ef8b7e8bbb30fef1b922f2b2508b0750fb76187a5331d015ae0ddec5a8,raw/3dmodels/original/9/B085FHVGW9.glb
512c64bd7ca01ef7cae8e939098a94bf39f92da0ec26b245f68aae4ca18997a3,raw/3dmodels/original/C/B07HSKSN5C.glb
513544b87cd847f4609a49112120b4ae0067fd6926659c82112cba3308850651,raw/3dmodels/original/Z/B0853L9G5Z.glb
513f346a35f29cf0122af8fae21c4e13dd08f4e6fde6cf760a45cfaac361c4a5,raw/3dmodels/original/K/B07HSMPSSK.glb
5158f51d2cc849a7d1ccfd9b57eb6fb2e1f190d8f212785597e6c573c70272ec,raw/3dmodels/original/Z/B07B4MRJ6Z.glb
5160737a1bf6dc77d51cae8f445a0ec2db175974ba1c7eeb0d05f198c845f589,raw/3dmodels/original/4/B07JKJSTL4.glb
51655cbac9d4602f026c5176df7219e433069ade37f58520af8078405988fc35,raw/3dmodels/original/8/B07B4MRKR8.glb
516643e24407a8ececdf0daaa5667b539ecd7f046c357c6094e682940752d9c6,raw/3dmodels/original/R/B07L3WRJ6R.glb
517527914c05bca2690d3075f44d311f34a55b1dc7262438ee7428b551a9a7d7,raw/3dmodels/original/1/B07H469871.glb
51759dccb4c1545976f6bda2ca66a449d03cc7dd4a52fdf4707e0547081242fa,raw/3dmodels/original/1/B075HR1XB1.glb
5177f489e247004a3f3a2e0c01e154c429a454701ed8b369f51e9894f4864f59,raw/3dmodels/original/8/B078JLC1L8.glb
51bc918a1a828c009ae856b41ec29b02db112f341e876ca7187c55ff69d0fcab,raw/3dmodels/original/6/B07B4YXRL6.glb
51d0e7fdeb4f9433e275f8cc1ae4e7edbf7f8bc22d96c858d69b798aada3aa58,raw/3dmodels/original/M/B07SH7L5QM.glb
51e6f68d1a1a76ba3d32914ec9163f312bf3aa95c71536d62a28b526fc673405,raw/3dmodels/original/Z/B07SFXG68Z.glb
52095186b06e5a7c8952a1bb860f5d4ff8b1e16af63ee10c0fbdad6e79ecad5e,raw/3dmodels/original/Z/B075QLB1ZZ.glb
521b7159c2d87969355cf83e411cc01765379b98bab51dbecfb3f51e71be792b,raw/3dmodels/original/V/B075X543WV.glb
5220317ab5515f6c70a0ade1d25f5a02b25c61ffa095b109fa9a22965d02f488,raw/3dmodels/original/H/B07TYTR16H.glb
522c0c9a52e6194c8a92f42ec91e3e58f3637eae28eeaa90827b1ec3945e9d46,raw/3dmodels/original/Y/B07QCQ39LY.glb
52469b08ed6f4cb859c26b65dd10aa52cc660f95c2062866d63ef8e5e6eff4cd,raw/3dmodels/original/B/B07HZ1L37B.glb
524aaae60c48af64e204c66c9c9c335b9aa65d129c36ef1c016d7542a34fedbb,raw/3dmodels/original/R/B082Q97X2R.glb
52799575b6be06f68ec22600ddffb7530d4f10d9d29106d3b018649320f6282e,raw/3dmodels/original/Y/B07J2KL8RY.glb
5280444bb39ad92537066dc393f218fe67e26abcb5dbbe154c464f2891afa64d,raw/3dmodels/original/Q/B07P8STJ2Q.glb
529533efa1ca4937525fe19452b9960f09c9bc1793b65de6f8ac3b3ba2124d12,raw/3dmodels/original/1/B07BWL4C41.glb
52cd00bc9a43797de1e77789355d94bd070b45e047d8383037ee44fbf36432e6,raw/3dmodels/original/J/B07DBDRN9J.glb
52da0f571afea8a928763d87304f5d3524271a113954b44c3d85b4178a10155b,raw/3dmodels/original/N/B07DBB1S8N.glb
52daa6731edc20ade436f751d283bdfcd97f0f6a1f3c3b8f5bac0d18581fd10b,raw/3dmodels/original/Y/B07TTY35MY.glb
52dd3587ffb16b338482cb2ff4ad33104e6f412f9e9724267b99996e8642ef31,raw/3dmodels/original/V/B07MCBKLWV.glb
52deca53137b91348b3886c617a2216946cd430578aa20cf0773fedb3b886324,raw/3dmodels/original/P/B082QDKRCP.glb
53175f43fbf170f783c7ac725ef3fa5e4bb9cc5569e6bf4f13513a1f001e3b19,raw/3dmodels/original/5/B07Q5SBTK5.glb
531a814bb990c7e7f53a053af0d9a6c266814a310cd658e4081ac830050deaf5,raw/3dmodels/original/2/B07HSHMQ62.glb
532293543d585111a1eac538cfc7a9a141edf146f2314e6664160307e340af18,raw/3dmodels/original/K/B07RGKYS9K.glb
5328a48c3fc19cdbea9a36d6a3b8ff91448403159ed2a937f4345cf29d5cca9a,raw/3dmodels/original/G/B07JY2KT4G.glb
533fd192691a0792b432244ce0a8456bf3206b0b9bbac26d45d79fabfdf0f788,raw/3dmodels/original/K/B084W349NK.glb
535a0c64cc981a0dd244c7a7f5bdc8a8d4ece0818b0ef55fafaaac19c3b8c117,raw/3dmodels/original/B/B07YM1KSPB.glb
535da70a5dd2e01c6725e7084b67aacca8dae83cd834d60d3bfbaa02a76c247d,raw/3dmodels/original/8/B07RF88QZ8.glb
5364aab0944be4dda98b79afb60e380b65bbe5491a98dc488cdaa7970ef6d5bb,raw/3dmodels/original/2/B075Z9X4G2.glb
5398777dbc811fd7a26208c89db379df0fc7d872df576e6b3f16d47ab6f644df,raw/3dmodels/original/5/B07H8V14K5.glb
53ad52904b6128e469aaf9db7b020ab7def74bc0495b23933d1e262e8259861c,raw/3dmodels/original/1/B07P5LMG21.glb
53b6505820b2c00944b7845d5ea01b0eb16302e1933971519d77e143a00e7bc5,raw/3dmodels/original/4/B01MXKMRK4.glb
53cbd2928f0081507b671f5686d7c5e96c981b7dcb543d505085469ce735fa88,raw/3dmodels/original/Y/B07NR2M28Y.glb
53cdab298f3edccc26559e50d179b559058bcbbf2addc6bfeeee4ab61eb9234e,raw/3dmodels/original/Z/B0853L224Z.glb
53d5d7a6decfac7796ff332c3bf43f1dc20273e9f87e74d7c879eb81d6da92e0,raw/3dmodels/original/2/B083YFP9C2.glb
53e24ea4fb773a4ed21bc2ccb44319a88f1eca9972a55e4da5b8908eee667a0f,raw/3dmodels/original/4/B07QNYVDH4.glb
53f6ac1999353885201e4f51e2c53b4e345d9578afb69804478d08e13058417d,raw/3dmodels/original/Y/B07B4Z2WFY.glb
540ac461c2c64724708d9ad86d46489cc06b3fd56cc1b0d788f99dcfcde522ad,raw/3dmodels/original/B/B07TYTRH3B.glb
5435d46d172a2050ef5809db01378cee373320d55822305e5b111266f713da94,raw/3dmodels/original/M/B07KXFJ12M.glb
543ff27f32d38e835d693b255170314d64734e8a9c33d32dd9adbac3f51fa4c4,raw/3dmodels/original/2/B07B4MN5P2.glb
544ce82d499291bcfcf439a1151ca50e9c2bbb7d127739a4523fd1d88a8271dc,raw/3dmodels/original/M/B07B8F6V9M.glb
544e219d4113f16300a580cef87a3ef7e37ae50420cf153d31d0c0bbb59e19a8,raw/3dmodels/original/W/B07DVRNRCW.glb
545349117c10dff8ed268e8314d727d4d808b1d2d82ab9db80a1947bcfea1f17,raw/3dmodels/original/J/B07P7NX5ZJ.glb
546886de5609b2bf409e1f8cc3239a1919d661adccda9e4f0619ba70b54952aa,raw/3dmodels/original/P/B07B4MPXJP.glb
546c5b25fec53cbdf9f453ca66b6478ee8a79ba1200b27eff6f9cdaed8afcce2,raw/3dmodels/original/J/B072PZVY9J.glb
547bb23a5338b229898ffa09c32c4949f770a072b95f0e722c966d830a306586,raw/3dmodels/original/7/B07JQTGKS7.glb
548cc1e66af14e60699edf6e447baa27d033f4eedd06239150291726bebad68b,raw/3dmodels/original/M/B072JG3W4M.glb
54a33991678b2eb5e4f9924c9675c74aa006deb81b92829126ddf7ace1fe7db9,raw/3dmodels/original/W/B07NZX7HQW.glb
54a57cb24b7f6c2f8af4a77cb792aaf09ba4c1fdaee6e3be1bb3bcacccf1aa0e,raw/3dmodels/original/7/B07J2JGXD7.glb
54b17c72c18431f5ab418b23d922b376cc0a6d8fb5019d17191aeb3b67b386aa,raw/3dmodels/original/S/B07376VCCS.glb
54b3b906bef86ee172061c5f59674f88285dabd796d33c16c9f38fe4cbfaba16,raw/3dmodels/original/T/B073G8Q63T.glb
54b990931e7aac35985a3face7bb8dc79465a38c9864f1cfdc3abef0cc720c95,raw/3dmodels/original/R/B07B4W235R.glb
54c9b95017527d3169ece77c70961d9a0bb0f54d12c00df1ea1e9a49aab51d01,raw/3dmodels/original/R/B07B4G5YPR.glb
54d165322b2b4ceb4a7e00b308466f2f84f7eee7d23fcfd5ac3a86e4bdb1d8c5,raw/3dmodels/original/P/B07MHMJD1P.glb
54f8980a7e93d5e32f0da4900c4dbb73f4a4ce594557a777a7e0fd7ba77354a7,raw/3dmodels/original/G/B07QGWNJFG.glb
54ffee5f60db3df18b1e568bf71a7f3875bb0197005b4bc9b886986689ff5c5e,raw/3dmodels/original/K/B084MM451K.glb
5506d69d01ba871ef298f5d49e436d4d6ca1931f32ab70dfeafc5b86f5d53d07,raw/3dmodels/original/8/B075X4JB18.glb
550a45e707a94896a35675c03e2488aadfb6025193dc722a0de889cade82f163,raw/3dmodels/original/4/B0842LKSS4.glb
550a72d38e42a3b721007ae8ed18755499ad035c21d59f2bd22dbebd7752d16a,raw/3dmodels/original/8/B07DBCFNG8.glb
5525268facaa75c663d184cdf679a4e00caa87eeb0b8e857ca7751be219d1f17,raw/3dmodels/original/F/B07DBCFM4F.glb
553f7bef2f58d51c429a77199ded5b16cad6798a89616e079612b5dcc5a83c6d,raw/3dmodels/original/R/B07B4ZQQPR.glb
554194b1cfafc75426cf544a63a282c2cbc9ef049fde053036662a4ea916740e,raw/3dmodels/original/V/B07PC1PDQV.glb
5542c99f25b55af987693befbbfd5e7ee8445d31209f4f5a9d7b371106164aff,raw/3dmodels/original/C/B0857JM2NC.glb
5542f9beb88d8095b9af0ed2ce858425beb0600836708ab9e3ff1762f5e94cd0,raw/3dmodels/original/J/B07HGD179J.glb
554da3f5fae0f5492b4217c4f7178b0688e09ae163b635a682bf041257e2272a,raw/3dmodels/original/5/B085W6GGN5.glb
556497a2f8c529139c870e847d01a383777b0675b42c5c26fa97b380b9206bf0,raw/3dmodels/original/B/B07CDRN3SB.glb
556908ed72590f4775a391e494bce2707d036c7dcac7d9a4b0dc7f0a4a74a8d8,raw/3dmodels/original/Y/B07B7B21QY.glb
556b45e6a32ada7361b9f5be15d4d37878d564b0e95212988c2c59e908b10ea6,raw/3dmodels/original/Q/B07DBFQFJQ.glb
556fd8276c9c0d1bb064dad0e0250630f42b9e6eceafe77224b0b91f674b6490,raw/3dmodels/original/7/B072ZMT5R7.glb
557717f4eb953e5769a37f772f71ad28663df7b8f986884d1af9ba6825515dc9,raw/3dmodels/original/V/B07QFRSCBV.glb
559b6b25461cf61d73b787423a09886396a9406ec513220334e9cff34f7ff6b0,raw/3dmodels/original/Y/B075QFF9FY.glb
55ae89c5e5ef858333827f4d0cbb86ca835876247ace2de2d2c63cfde04cd190,raw/3dmodels/original/G/B07TSTJM5G.glb
55b9453ea581a59d76bbc342f617ebd531945b6738ef1ae0acd61e190ee001a6,raw/3dmodels/original/Q/B08555N6YQ.glb
55c25ee355d6e70ff5202711a6178715d7be9cc8f686834c6cfaae914e215ca6,raw/3dmodels/original/B/B0857JZKYB.glb
55ca4c1a87fcfc3c0801086702bd54951c469fe964bb3909043edf82aa4fd34b,raw/3dmodels/original/7/B07B4ZBPK7.glb
55fbf60da6e7bc86c3b703923281e3b583201ba10ff796ede8c3d237224b4b25,raw/3dmodels/original/Z/B07PC15Z8Z.glb
5606f77b6fb168abb86e5261606e79b301d2014a434c7b764ebc72755b0b8f06,raw/3dmodels/original/D/B075YN3HCD.glb
560b55e4bb25447397e83e644bf77bd0f278f3a067be86423a7081330937fac7,raw/3dmodels/original/P/B07QHKV3ZP.glb
560c75bd4249af3c7c728932b90dd7daef6a3e4b28ca9a6b5fb59254c07666bf,raw/3dmodels/original/J/B075X5HB8J.glb
561a4d05c1e2d8666f6841751ecdb9200f3b9234ef03a0ab170f0dd1194921f0,raw/3dmodels/original/D/B07B4GSBRD.glb
5634c237769cf01959eb043029c53a88b6d1ab905c6f7791ea71ee1bb6f576e9,raw/3dmodels/original/9/B07B4LZQC9.glb
564486595ea58122276347d551f36e6214c84b9a580029469ba65b4253a0cb31,raw/3dmodels/original/G/B07B4ZBPJG.glb
565d74d37ca4325c733f6bf71861c5da8d8972ea10aa88c311435ff83a0a9395,raw/3dmodels/original/V/B07B4ZQQLV.glb
56812ea59680b77f592ebebe11181f9df08f87dbe4d4f31a366f6cdaa56a65a9,raw/3dmodels/original/G/B07QBQDD2G.glb
56b36a3f6b90043f7e328d9a196725024208f1317bb29a8c009f26d802948961,raw/3dmodels/original/G/B0853N7D4G.glb
56be8cd9f2d2a87850d720c7db54aff4120be12e87dcea7c3898947bc5080d13,raw/3dmodels/original/D/B07JD47NPD.glb
56c808666bcbc81e6e88bbabb16d076ba6b122f03f425fad3665ad6f7951c392,raw/3dmodels/original/T/B0861SRJ8T.glb
56d120791b6ee0a9d0fb40698607713411f2dfe382ded123e539e99beb638f1e,raw/3dmodels/original/M/B075YPTG6M.glb
56d99551428d40ab318c1a5a9a7850d30d803b3ca32a2102f7b897c1796c4ae1,raw/3dmodels/original/K/B07QCMB5YK.glb
56e2035ac38f285a60c4c70b2412eef621696d97983c91f696a2f21058b924d0,raw/3dmodels/original/K/B07K7K7GNK.glb
56f39c157e6acfb0841563e0db29c93f04ab57ffc94a9865cc82f36e6fee6e95,raw/3dmodels/original/X/B07QDNRBSX.glb
56f9ed6916e8b1dc6f6ad63ec39cef7eedd5848843a619e77102abda499f0c67,raw/3dmodels/original/8/B07R5PSPS8.glb
5709091b4eba87a575945f47f2e5385592cc6659433b68b5d46757b0e77aec58,raw/3dmodels/original/P/B074VMBGCP.glb
570b676210eafa2d96c016112e9a1a0e91753447fc9968cc32b55326c90349fe,raw/3dmodels/original/S/B075QGD5HS.glb
5723155734aae51ea00c0b63dd3ded48ec3ec312563a23932ed5b87d975a8920,raw/3dmodels/original/6/B07DMGM9T6.glb
573959bb5cc2bd025d241c5e4db16a98636ee89d8653931a78e1c9f6a48d7387,raw/3dmodels/original/6/B07DB8XFC6.glb
5745e67bad378ecc3c4f61e1f0c0b24cee33042a40f6647ade82f3edf396694d,raw/3dmodels/original/M/B07B7DKRVM.glb
575a3e7b39ebb62ff3e9bcae038a535e3023e8f743dee7ce98ef6be6995b6667,raw/3dmodels/original/8/B07JKSJN28.glb
575ea8b08b55e72621505dde0391d071f1e1b62e6bd1515a8c5bb4b5aa6e7381,raw/3dmodels/original/6/B07JKJP8V6.glb
57723ceb016595a442b337348b9037dadd3960d5df89dae8379602dbe1924a8a,raw/3dmodels/original/6/B074DZHYS6.glb
577ee8038be06949724c3a5c44edebae445226903fe0666480414ab9ecf914f1,raw/3dmodels/original/L/B07QDL462L.glb
57a716798e9a149ec700cc42c12de2b89702b26a6e1d28d0f00da47a835fc318,raw/3dmodels/original/2/B07QFP4WG2.glb
57b07d7175399e15392f662d7b3ed57b8c0754ffa1c1ad0eff4eb8598afdb620,raw/3dmodels/original/6/B084W2Q456.glb
57b1d5260d8fbdcab19888be16df876a46e772bc71cabf5a03191ef059a0dfb7,raw/3dmodels/original/M/B075X4WBLM.glb
57b23ea72064a61ce806f873467f59dc674393c6ace2cf736fc653687e0c7f03,raw/3dmodels/original/2/B07BLC96G2.glb
57c37fca1743fc351c705312845f27e6ce08cea3bb88dd0fbf2da196c55d42c2,raw/3dmodels/original/W/B07QD9BBRW.glb
57e9bdbb4063a7d5c483aab24705a0596f7dc4f4c5bc20d8b09a52c0bfb0370c,raw/3dmodels/original/N/B07JJYZ5MN.glb
57ef9390863ff1bb95a48a0d457b35d84313c1ef4dbe03372c313493b760337a,raw/3dmodels/original/R/B07HSG8DPR.glb
58226ebc875de9ab52217b22a4b3a2c4e75a0790340b1fe7c862be2f4bd5f0a5,raw/3dmodels/original/Q/B07CPH1V4Q.glb
5829360d2f85549de8b94a8a96ee650159dbf82e5b02881f9635162271010331,raw/3dmodels/original/5/B07HZ8N1F5.glb
583c7bc8185659aaaf6dff3ba326a52ce6b02c223db2af46e6de098d25317dcd,raw/3dmodels/original/R/B0723H8JNR.glb
58572f04f1cf7692bdeff48da2737f8c95b3c8570d2b43e6a455b0c113ee98b4,raw/3dmodels/original/1/B07DB968V1.glb
5857cdf0e1946291d0917991138d4f19e5fe047c5d1782280a176cf23e9db9a0,raw/3dmodels/original/F/B07WSFZWBF.glb
587d5d8c40e8bc3a6f70c45bfe1d0b8ec3cb155bee5b73725331ef9b13fd8b51,raw/3dmodels/original/Q/B07TWLY81Q.glb
5890b18d75ee289e389b77b614a4d59e605dc977329e8a390a0dc954450dcd34,raw/3dmodels/original/7/B075X4JJL7.glb
589c6412e78bb3cd7793d148aa99b0dcecae8476cfb0aed140aa734f7d8046ff,raw/3dmodels/original/G/B07TYTP8SG.glb
58a3beaea89391071cdc28880c97456359d4b1681c5e71f0fffc63a5c637ccae,raw/3dmodels/original/M/B0824FS7PM.glb
58a97b2556fd679d980659e1a1ff154d2c7754681bff63a99d76690cb1e2e112,raw/3dmodels/original/H/B07JKJSTWH.glb
58b7fcd11e91d43ed25a7adf3904f28f0078707135295834d54e5b8fb5fa2650,raw/3dmodels/original/7/B07B3X7977.glb
58d576cfd3bcf7c48899fe733151994154a76e0703fd7bf31c0c599f3a2bbfeb,raw/3dmodels/original/Z/B07SHXZX4Z.glb
58df818eae12a4527bc09768c1379d0d6852777b29e11dc6aeea5f479d8c2873,raw/3dmodels/original/X/B075YP32RX.glb
58f9e86acee56c762cfc692789cfa6f542e468c1196e6ca93ecd7e8a3c0c580d,raw/3dmodels/original/J/B07B78LXZJ.glb
58ffb8ce807f89cded751cc05c64fb3aacb3a839fcd3ec46afff4dd8e17ec43b,raw/3dmodels/original/1/B0723H8JP1.glb
590960c940eab1cc05389c2f15f701b2feed49e35780a92f687efc4f4f29d874,raw/3dmodels/original/X/B084RZBTHX.glb
592420f4830e0501dc66020e0498b9a1aa772dfd57c29c8e177db49b5ef2a027,raw/3dmodels/original/C/B084KCZXFC.glb
592a181b0e1db5ef099991d50079e73c450017e7e93b22a099b1b1b8a6b79315,raw/3dmodels/original/T/B0735VV7XT.glb
592b122cf9dd4caf9a4dc8b9bcd0e72419ec18bce1f7c8a22465193fbb0f08f7,raw/3dmodels/original/Z/B07TQ79FFZ.glb
596343681ae48085bcfbc3dbfd235745cd61ff5c7d7fd9607b15f7518059cb8c,raw/3dmodels/original/N/B07B4GVNLN.glb
5964a3031b37fd497aa84979c0ca9246e6d7a7454f88423d0b2cbbbdab59c011,raw/3dmodels/original/D/B07QGWNLWD.glb
598408d1d1b5f67d38d97e64b0482c460458ea66d8409da0bd95d0187f1b8622,raw/3dmodels/original/Z/B075X4YDPZ.glb
59a8216ebd803b5ed5f55dcef3f0f386612a992b4fccadbc1bfcecc4cf741a39,raw/3dmodels/original/G/B07B4N29DG.glb
59ae37afa85ebd7fe84fadb912b4a3e9863edc1136819e0b26d8c9753891fb17,raw/3dmodels/original/M/B075X4R4LM.glb
59af889398e339acbd25bc77ac8887318f73f44440175ec9b302fbbf220c40d4,raw/3dmodels/original/C/B071WSFSGC.glb
59b96d5c1d0264084272d4b712aacf6d5a3b9efe26ad00c6b30e666869e096ce,raw/3dmodels/original/W/B07HSF46KW.glb
59bd43543c16d5a531e10c5667e8c7f8fdaf3de318db4723b0267c73666a8c10,raw/3dmodels/original/1/B07DBG66R1.glb
59cbcb2e652967c1e93531f79bfa2017a85899f9182a9e43dedabe15fbedcebd,raw/3dmodels/original/N/B075ZBW1SN.glb
59cf7f4bf6e76c1c08b84c6e7ed8253c1c2b3c19c3f831ccb02df4103617f7cb,raw/3dmodels/original/Y/B07B4W5T8Y.glb
59d96df283fd850c3de2b16363c1d17d3cebf3ddd1229d62d28c1656b04845a1,raw/3dmodels/original/8/B084W2S628.glb
59da1d1fa24b76da91e6de132e1edd8d74739e478f25b9da73a6f8c4b88ae0af,raw/3dmodels/original/Q/B075X463HQ.glb
59df70b7f281591bff047f0005a8b6ecf908beb854a4e0fb0471987768efa585,raw/3dmodels/original/1/B07N6Q9JB1.glb
59dfd31aaa94be6020b24e72f9b25619fc0f7f860c2297104b3bc4e725b264ff,raw/3dmodels/original/Z/B07P5LM53Z.glb
59e659b7d24de2a971b9d9511ce9e6c3fc41029c63fc425b339fbbee43ef3b20,raw/3dmodels/original/5/B07B4ZM575.glb
59f94600c3ea9fb2ae9351acb96a6712da230f45cffd5df696fc92ee51049bac,raw/3dmodels/original/Y/B07MBNM6LY.glb
5a01fffa1cdeca7733f2ecb7b728d3f946a1e300175bb10e6a5b3dd183e5ef12,raw/3dmodels/original/1/B07DT153M1.glb
5a457ffd8fb25ac1b2b0d90279e4f6190fb81d97782aeaf4be0229ec6b8d7683,raw/3dmodels/original/L/B082Q981GL.glb
5a483a7e74ca0e714c7d81169b6d040dd2aa0fd247314ce68d9d6627d0c12a96,raw/3dmodels/original/K/B072M1VGBK.glb
5a537e1051c80f240ed54797caff89ba575f9e13bdb255e9c3f0ac6341e57470,raw/3dmodels/original/C/B075YMXWZC.glb
5a65d6b40761560c7dc74dfff7f6a4483d2ac720e8132c3a13f43e02ae1ff6d6,raw/3dmodels/original/S/B082Q955WS.glb
5a7520aba4ad8d07f4fb873577b51d23b5fa7dafc1c033c2d91035ceb2ef664f,raw/3dmodels/original/M/B075ZBW1QM.glb
5a8047db0c09415b8d42d7340ab6921ec16bb3a4c6d266f155271d51a83ef5d8,raw/3dmodels/original/7/B07F2HR9Z7.glb
5a831f444528d1a4ae02f381d3fddc1339084a9cd031055f6c5eaab68c16b37f,raw/3dmodels/original/L/B07K7K956L.glb
5a85723cb4ba8539278f2fe7657d525fdad7c25963f0343cc00afad35c8f5c61,raw/3dmodels/original/Z/B07QF9ZFQZ.glb
5a8abc3090f139208e1589ed34ac7dba0796ea93b9bb5bbe629e553d1e579209,raw/3dmodels/original/5/B07124WMX5.glb
5a8d2527ddcc356a17cc305a001d6cf42bd4ef1ec97e7663922e2e60918e0c51,raw/3dmodels/original/7/B07RT5N887.glb
5aa6516e249e9480f2c061727ec9f1042cde5d7872d52fb925f675933d405856,raw/3dmodels/original/E/B01LR5SEKE.glb
5ab2edec38d6e6f29cea69f490f960108f2cbcc42eb75d1021970d610a557697,raw/3dmodels/original/H/B075YPTF9H.glb
5ab670576af69ec970935699bdccc400936a709bb72150c21d1730449e66f597,raw/3dmodels/original/V/B07TLFBTNV.glb
5ac5a330cfc1ab6fdb2bb9f927fe9bb812854de8e9141e102c1609f9b2213c1f,raw/3dmodels/original/M/B075X4F5LM.glb
5ad04aaddf09cfffd73b9e8ed80ee7c7c9549ff98dda6e03e58610f36a0dbf4e,raw/3dmodels/original/G/B07TYTPPYG.glb
5ad929dd30b615c0713b1b512e54d36508aa054bbfcf3897603020c57cc83ec0,raw/3dmodels/original/Q/B07QSC1TBQ.glb
5aff99b1c241cb7dc73ba8f581bfaa0fd33e90d660183ff4b99694dbefccd0db,raw/3dmodels/original/G/B07QFP4ZRG.glb
5b14a2c36babe41dd31c13f21aebd66285b4593308baa63b83b7f3df0adf9c43,raw/3dmodels/original/8/B07HSKB7C8.glb
5b2131f8af39bcab452bb2853b4f6ef9399a8b4ac7dc58078336f9d82dd88f97,raw/3dmodels/original/B/B07VSTPCQB.glb
5b2f6e366d9c5f7116c6b28f7eb55ce156997d40b3ddf7419c3c3464ba8f23ce,raw/3dmodels/original/F/B07B4SC2JF.glb
5b4f1a9d0649e18c929126411a365cfda32117aaee7ce1abb60ad292df4f97f6,raw/3dmodels/original/C/B07MSXW2DC.glb
5b6911b21a24486955f368938ad7284e327f446c8f92645eb324211821be0135,raw/3dmodels/original/N/B075X5QYPN.glb
5b6ac08d6d1164cadd6f31622520d4c2a42bb4506aa897d697e4687aa4797c8b,raw/3dmodels/original/T/B07B4Z6PYT.glb
5b785b6187c650aebba76adffd598ce58bb22a589f4dd8ab682a4288b292451b,raw/3dmodels/original/J/B07DBF73HJ.glb
5b7feefdb0b5931ff92e6e1aa6d1db46a1ad3586cdbb6b61c206a306b50c27e4,raw/3dmodels/original/W/B07HZ65LLW.glb
5baf0024e8e076a36ef3e0a62af9cd64d4fa64020b79fe10c863b6605b5e8af9,raw/3dmodels/original/9/B07DBGPHM9.glb
5bbcdf2fa7d2b671f5990ba46c308df648a40656b24055ae87c452d00ae9f126,raw/3dmodels/original/H/B07JQKS4MH.glb
5bc4496ed4e3f6341ac8a903db3bb9fe2cf6868ee00e2d94d1dd4dcfe4c0b1ae,raw/3dmodels/original/Z/B07TFQM3JZ.glb
5bc7f3e9e9eebf9dba31fbaff8e87440c9a47978182cc8c5e6a349a9c56982cc,raw/3dmodels/original/1/B07QD6ZY71.glb
5bdaac563a9fc2f981a75c014197551b257fbb7f7592e7bb6856cd8e5674463a,raw/3dmodels/original/P/B07DBHPK2P.glb
5bdd3c5964c28e4fa2647543c2a2fc6e50d495bdbed2fd3696ea355b3fce04af,raw/3dmodels/original/T/B07R3TWDTT.glb
5bf2691a9b046477cd6e4a7c8c29ed1b16a882952e3477243314c3d000f39d69,raw/3dmodels/original/Z/B07SHYXFTZ.glb
5bf5f8a4c2ae13ad57926321a3de7ab64efbadfdf9b801b554aaaabd86be231d,raw/3dmodels/original/M/B07K7LVRSM.glb
5bf6b6a261dd8474854b5122913bc666bc33d94e5a98dfe0643bd74ce89ef5fb,raw/3dmodels/original/2/B07QFRS812.glb
5c1d7d22e731ae2ec8c183b56dbfe59580e6c5e727c15a84ca6e47dfe729d3ec,raw/3dmodels/original/F/B082QCVWWF.glb
5c25f231f63e4eed05bd84293691db1682a4083357c4f588b9ee75e0451ecf48,raw/3dmodels/original/Z/B078JGHZSZ.glb
5c28b77317ae4a8e2853a151217a756ab191ae1e89057cf1907bbb199f2099c3,raw/3dmodels/original/7/B07HZ6ZCW7.glb
5c34a00c503aac5c1e895f39baa9880ebe723ac8a0a325e180b8e2f6743fd471,raw/3dmodels/original/K/B07DBD9WFK.glb
5c3f3409f2c38a38542ece859543b908c971234b1f05a166645cb7b9d5dd0a8e,raw/3dmodels/original/V/B071FMSYZV.glb
5c58dbdf67fc8e12bbba3da9a43cde883fa1b73ea283f2cf6215205ab29bca65,raw/3dmodels/original/B/B07MJL5SZB.glb
5c6dc7cfe6f390c3f5906a2c6874fa2a54608829225745e6b7112c078cee91e3,raw/3dmodels/original/V/B07B4Z7MNV.glb
5c6fa84238c1a40331c550b1ca7404a15696ef2662eb7783810df1cf4e50874c,raw/3dmodels/original/M/B084T7GSXM.glb
5c80547fdbf3094ac0305e8afc2693c4530ba0fb688874a5d70118145ad07d22,raw/3dmodels/original/3/B073G7BV63.glb
5c8f1293498b2a426a6f0ca1e622e2aedc09afe51201b0a431ac5f6f86e0e196,raw/3dmodels/original/H/B075YPTFCH.glb
5c9ba4633b51b69436a47ccb06cfeee18556a9697aa7f1657e38a735ac4f0529,raw/3dmodels/original/V/B07QCMBHXV.glb
5ca00503c8e15d2130fa80595ce303b986bf2af40fc5f835f2c9896b80fc16c9,raw/3dmodels/original/H/B07QX2BYDH.glb
5cb0f77fdf9905201d5ed7269fe2ed06f91e48733e0e253e6ba4ba440b951afa,raw/3dmodels/original/3/B073G856G3.glb
5cb1e205f5b94da07391008cdb6e5a469fd5eb3bddf79f5f59ea9b380a44bd9b,raw/3dmodels/original/F/B07K8V2JRF.glb
5cb48fffd009a097e9e7d24aad93653f9f31bb06724760214a518804fb307980,raw/3dmodels/original/B/B07QGSZ3CB.glb
5cb9a2698703aebcd9208e44669ef2d2b27c61c64218e11d8c189c714436348b,raw/3dmodels/original/6/B07HZ7S676.glb
5cc1ce41e7e5394a9a645b4468f5db2cff6e2584d0dda9eeaf2541a066b26580,raw/3dmodels/original/J/B07QCMBHLJ.glb
5cc43498366f1d026935a2ce262f7ae22efaa60faac44c5210813a725f7748ff,raw/3dmodels/original/N/B07QCMBKTN.glb
5cd35e04213015368466044c87cf4043a87559a2d9bdb94e150fe85b5fb4d55a,raw/3dmodels/original/R/B07QJM1BTR.glb
5ce4838242e7a583813afa4ca3b357316877afccb0d30136fcb324e53b7e1eba,raw/3dmodels/original/D/B07P6JVMZD.glb
5ce622b1c927c15acc4f86ad3c915b305544eeaf465411aa32e7bd027144cc71,raw/3dmodels/original/R/B085GWXXNR.glb
5ce9f2c344e46d22b5131c689552a63b76231be027c0c79ee3ba8e513881fe3d,raw/3dmodels/original/Z/B084MLZCXZ.glb
5d13b8aaa5ebaa9b6c40879fa9fe2f4111f18d73081f1a2d844b6d026e0b9531,raw/3dmodels/original/3/B07M7NSYD3.glb
5d2968da8b7b8716216ad09409b25d678ec07e33f94d4381e4779910abad2268,raw/3dmodels/original/P/B07BWJCPPP.glb
5d339773ea97c2352be142a077c7036be34b3d29f12b725af14d7ed07070f4ce,raw/3dmodels/original/2/B07BWJCBY2.glb
5d40d25e8a1c6e70842f27b2aac5026a9c1df0dfc66d9ff0080401ed03ca33b2,raw/3dmodels/original/3/B07K7NSKQ3.glb
5d434f480d11df978316d14f40e4798b8b3d9809228bfda3daa16635d63141f5,raw/3dmodels/original/1/B07JLZC571.glb
5d4a05bc2f7d9124cc6b678c37079e55bf2f53783cc2ef2fdb1b7294141c899f,raw/3dmodels/original/W/B07B7P51PW.glb
5d4d69f92b08ec927eab46605a60f9beb313c617679d9669c5bf7982e59be8fd,raw/3dmodels/original/Z/B07B4D89MZ.glb
5d5aa181f6ef9e2a404b91803ba46852ed0bb1b73217337e997bf0ac5bbc025a,raw/3dmodels/original/Z/B07DYJVQZZ.glb
5d6356ea83e17f77b08bc61c66d5b6e191032e209ff9d8de91f5ee98be9f598c,raw/3dmodels/original/9/B07PYKPBY9.glb
5d6ab77538ab7899f29b2b186b9608a8b63654fe2dee9c9267f48b3d6934c01a,raw/3dmodels/original/W/B075X4PRPW.glb
5d90810d4828c6a9521f18f7f941d6290a100719d9c4e4a3c34fc2c6630cabe8,raw/3dmodels/original/L/B07MHMJCVL.glb
5d9b8076e1f7958eea019179b6eb73d81e7248876d67e7ec5592e7f14d94f4bf,raw/3dmodels/original/J/B07HZ1RWZJ.glb
5da8fe7b3a7a40cfc58baaea2099395616262650f92d847b6096f731da55dfd6,raw/3dmodels/original/4/B00XBC3J84.glb
5dc49baf8c39c9cc3c0cf2c5e901f9d7110e0daa2f6e9af2db53362a15482ad3,raw/3dmodels/original/2/B084W2WJH2.glb
5dc97ff6557fda10189c5e5da69ce4727327052db68187c6680ce07650a46a10,raw/3dmodels/original/C/B07QBMQ75C.glb
5deecc2ae3e9c482543e2bb1a28a4e2ebb27d1b24166d3bfc6f948afbbeef31e,raw/3dmodels/original/6/B07R1PVS26.glb
5e0728c9be8c6d5b7d09bc523dec00c89865f4913ebfc6745d6892ece9d93959,raw/3dmodels/original/3/B082Q8NLZ3.glb
5e08188e5f72b8310644f1a89e992fbe5188bbd67147c2ce7e534b4814d326b8,raw/3dmodels/original/H/B07K7SJW9H.glb
5e0ccda3d9793509e73c370e8058f59814a296bfaca9ec73cf0067ac29c41b30,raw/3dmodels/original/6/B0735SF326.glb
5e1e29de71cd5ff3f0b2caa64bb840f471031e90d72c3c294a6bef5129bc686e,raw/3dmodels/original/7/B07B7BFP97.glb
5e2012c50ca5df6847cc429ac92c2e0937ec578dd190b79f54bb2a66a57c6e92,raw/3dmodels/original/3/B0831Q5ZW3.glb
5e3698de9d220a7777f7a04de0081184cfb2dfc56f40ff7c251032837099ea10,raw/3dmodels/original/W/B082QCZ7YW.glb
5e7d6595bb53b0b31390ed963a7163b3db153b4ea270fb6a790c29cb44ea7927,raw/3dmodels/original/4/B07B4G5QD4.glb
5e924229dc6b47eda075113641c1711ae3bc80828d2fbd2439609517ace5583b,raw/3dmodels/original/T/B07MCBK6XT.glb
5e97785d9ff4aed09ba9b4d87b6575c493a69c61095f9d831c617905162d39a7,raw/3dmodels/original/W/B07DBHLX1W.glb
5e98fc9b29698b5c2119f5fd6a579c435e601bea2bf5d302ab72e8cf9ec80185,raw/3dmodels/original/Z/B07QGG1YGZ.glb
5ea98e895b74543f1086dc170f03e05674585d4631b3d2d6bcc412c56da69b7e,raw/3dmodels/original/G/B082VMZGDG.glb
5ebb2132a01b7d73a629bf10daf1d0e0add9a59426de945aba520bcab8401650,raw/3dmodels/original/8/B07V152DQ8.glb
5ec040b50c755bc9cffe5aac623e411bd0fb598e6cb30863f4ab1bb4a2c6b5a2,raw/3dmodels/original/P/B07374VCVP.glb
5ec91e729084b4bde9361efdcc90a8dd241b053ff741d0ac0ffc81b18acc48db,raw/3dmodels/original/P/B073G6GTQP.glb
5ee10b4f8015e443630224e23ace3ae797cd61c381512ced44e58c3c79bc64ee,raw/3dmodels/original/9/B07MMPT7C9.glb
5ee2e779a6a115a8ab124db3c754462e09e186b58ae7ee78864b2ac5db064ba7,raw/3dmodels/original/Z/B07TN1YBXZ.glb
5ee741c154912868f9fcb7575fd995c4810c2b48740b2d2b9117c4bbd02c1842,raw/3dmodels/original/W/B07BWJCPNW.glb
5ee89210bd22ca1c1725f3dce80db5d8791aba3b9ebef6a8e1fb2409afa2d180,raw/3dmodels/original/2/B075X2G512.glb
5ef965382713e9ba0f73a9e6126b535480eadf5b060a333c4583d34c015aa02a,raw/3dmodels/original/R/B07DT5Z3YR.glb
5f294037bdb272754b0c0b382078a144e03c7e76ea9cc0b17aa392296f99ec80,raw/3dmodels/original/6/B07QHKQMY6.glb
5f3acbe5a3012e5554f9fb8f74425d868be11f3ce91338905f913bc7dcb16022,raw/3dmodels/original/K/B075X4J16K.glb
5f68e43002752ee2006d2d85040ba427b3433904063a10fb9e0ba38b29489479,raw/3dmodels/original/5/B07B4MHTP5.glb
5f6a693a667a6858963ca9016809731b1683ec7e10ad9f856d51d2f2f97de0d9,raw/3dmodels/original/M/B07QHL15NM.glb
5f779b5ca0242a9d53443b1c4402d485d5c2d60c80ad044b124e354a215df4f2,raw/3dmodels/original/B/B075ZCLPKB.glb
5f87c06367f3266604cdd14a8bb33d8b57329d7b88fd00735148fb7af2685da0,raw/3dmodels/original/6/B07BWKFNF6.glb
5f9860562c26e301980e2c548add24f0156973a5d09fc1a3742d0189b958cd74,raw/3dmodels/original/D/B07B4VSW7D.glb
5f9b8b2c513d83d2cad0fa45a44adb19e1d6f6b1699a7e413010522141bfd2b8,raw/3dmodels/original/S/B0853L359S.glb
5f9d96b346cd8854206759d3f9d8b670f068b88cdfe3fcb2758f34eade196167,raw/3dmodels/original/X/B07B4MG9HX.glb
5fac7da9e0fa5a67dc01b5fd8d17c1f2ff9acb6aaf8d91a0b784e4f79a654aa1,raw/3dmodels/original/5/B075X5VCQ5.glb
5fbf1c6b3e2be72a9c9d1d461f3497ba74e635cb41f41719566a5e21cfd66a4b,raw/3dmodels/original/J/B07VNL9TVJ.glb
5fcdb4e92bf16c6e4c1f9914b632d3cacb09c3839c000a86f440813a66015058,raw/3dmodels/original/3/B07B4SCB53.glb
5fcee2f56a75f01085651615f0d88a546061880655ac95f53e49adc3a1b970d1,raw/3dmodels/original/H/B07B4SCB4H.glb
5fd0a1a3d655e635d1e8f6dc2238f2d0b261a0b32aec035de1927582b84749a9,raw/3dmodels/original/R/B07MDJYKXR.glb
5fd498e76f304d60494eba496c2045ce28c8813f0f467336661d6185deb50f6a,raw/3dmodels/original/L/B07B4GXNLL.glb
5fef40e725a7c75a1fed044aeec41fb6c56de3341b9160c26f28bb573c9602e7,raw/3dmodels/original/B/B07WJWRY5B.glb
5ff08b9145ba641a4c876370efece80277069baa0ea309294a2de7dc6e116c14,raw/3dmodels/original/Q/B07SSSBKPQ.glb
5ff95a785b63c7fa22fd63e0482a2cde9a65a423609ba54b0ba6af715f15c1c9,raw/3dmodels/original/M/B07QBQF5CM.glb
5ffe96be07eee2c3b0ce950c81bca07cf6de5b8522bc471c4a51288d7b0a9832,raw/3dmodels/original/P/B07CDRN3SP.glb
601454b971a7642fe555cb2183679d95f606b01c9c5c2b3919d68b00ac73ffa0,raw/3dmodels/original/5/B07QD6YMV5.glb
6018f49e3aca6e6c5528265090783e2c36d7ebe24217a639b34e909bbf53b328,raw/3dmodels/original/H/B07B7B5NZH.glb
60194e85789bed5b6d33e146aa508d4b029fe6bb1ea41d27684e872ac2847285,raw/3dmodels/original/D/B07MF1SFKD.glb
604e2505a0687042d66fbf0a019c2e117607abd82ee519e7af1f48da460299b6,raw/3dmodels/original/Z/B07HSL2HJZ.glb
60672dd205d1f57e50060a00e7b6174a064894dab78d0db78337b9bbff3ebb9d,raw/3dmodels/original/N/B075ZJGDMN.glb
607d9d70257447c3b5f8dac6b35f36e567c9060a28bf81ad16ce10ba414d6f58,raw/3dmodels/original/Y/B08FTN8KHY.glb
607f0209cddacd1cfb20b7cdfe4b39549603cfab0870f2c65d6aeb8c7395879d,raw/3dmodels/original/8/B082L28P18.glb
609a463d377bf9da9ae333b82361bd59e22b8c6d16419fe0fc333af86e2a9834,raw/3dmodels/original/2/B075X4T472.glb
609ff4963663c2e26494564ea59c9d63ab7d7483359c7cd6c580d2f5fcb7ae68,raw/3dmodels/original/V/B074KLJQKV.glb
60a38028f92580566c697605b76f0a97df46dc3b54f24a1f2180d968c1a4074a,raw/3dmodels/original/T/B07124WCKT.glb
60a55098f0afbf1185d3c59d65489dcb08fdd984a212e01b0989eab03f0036c0,raw/3dmodels/original/6/B07B4MN1F6.glb
60ac0098d6e9427b85bca977bdfcd8f7f93b8b1cb119603506eea1f2ba445acf,raw/3dmodels/original/Z/B079VNKB6Z.glb
60b74bfa444735cb2499378d983229960a954ae50ed87b90d975b2c7fa3cd62e,raw/3dmodels/original/V/B07K7K4CRV.glb
60c18575d084797816bd5bc46f12f50739df4fec6da548af41ad7494f7b977be,raw/3dmodels/original/2/B075X43FD2.glb
60c7a3abe0cf6082d33c5663f280434d438655b553cf3729f12bff4849ef2ad1,raw/3dmodels/original/X/B08568HG2X.glb
60d1c8a07f9b737727c67a547c3e4550821e198134844bea11cc39d1bf5802a9,raw/3dmodels/original/J/B07177355J.glb
60d6a1c57016ceeeea9b951596a118a4d3b2c213e3df5f6a99e87523903bcdd0,raw/3dmodels/original/G/B07VMLF9LG.glb
60e6f7963acff882c6a92f36dbdf426303c0a244158ba6d78380944231bfb2a5,raw/3dmodels/original/K/B07THCD6ZK.glb
61040e656b54733b2c5be5830d7077edb860ad8d8dfb9eb3b0127a6e9448fb79,raw/3dmodels/original/P/B07DBG4PPP.glb
61232fef9c43746006eeb67ffa36a07e485b9c01b3932d9793389b877a037425,raw/3dmodels/original/5/B07QFB5H65.glb
6138116967e88493902c0fd8f24bd9318ebb528509dbebe1984f5c2806c4dcac,raw/3dmodels/original/4/B07SSJDRL4.glb
61421eb82cb7a3fb41e7d424ab3c7b1e44ca9d164228d2b0d8340684a852afe8,raw/3dmodels/original/N/B07TX2D4XN.glb
614e21bb279d78752ecbae8a4ab5b1303da9af32942b8f5dd55231beebbe006f,raw/3dmodels/original/Q/B07MF1NJ7Q.glb
6182d01f95e21142610a0c98f612d93998c84b6b4063917a571311a3f3e3adc4,raw/3dmodels/original/8/B07HK3TMH8.glb
61e3dc4f92f987d5296d7a36af315432a0401c4fffdd6e85f7129c0f6b0d5d84,raw/3dmodels/original/L/B07GFS1QPL.glb
61f09fb47f67895acf9c2b60efa5e2ab04ddd76fae309f947ca7f9ea42e06076,raw/3dmodels/original/5/B083YFL9J5.glb
61f85521ac29be8a5fbec22be8de8adf5248c050ab3682380c74058feec79501,raw/3dmodels/original/Q/B07MK6KH9Q.glb
6204213bf0215c2197afa799234aea5f187ea7ab8cdd7717db0abc5d6f9fd8ac,raw/3dmodels/original/2/B075YNJR62.glb
622bbf353075167d9b6a48bd069b7e7dea16cf6d51be521de32737b94e4d1f3e,raw/3dmodels/original/P/B07P8STD8P.glb
625ec17e0562332694750c355f86a918617a0a21cd2ae3500d59e9dbb521a5ab,raw/3dmodels/original/F/B07VST5W6F.glb
627380d521a6496fd072ddd55b4fc8432f157082ea0e98dedf6b957cc3295acf,raw/3dmodels/original/N/B075Z8FV7N.glb
62740d82b3818f96aafbf840a3aa2cffa95546aa2055c31c8bc2675587417dd0,raw/3dmodels/original/G/B07DBLN3VG.glb
62bbeffce94fbc305ffd9ec8ae01a82ca5ee01192e99200ab825049474c559f9,raw/3dmodels/original/J/B07HSMYNYJ.glb
62c03e59b674cfb3163d2d35fbc50874a46f9d8ebd7c4be73a60e82eb6d1f645,raw/3dmodels/original/S/B075X2X4XS.glb
62c24a55b85d3ad8473ca24e02d7c8ad82308d260892dc9b970a5916b97c940a,raw/3dmodels/original/B/B075Z8M22B.glb
62ca1ebc940c1185e10469d131ece38725492813a4b3da81fbc06527826d4ae7,raw/3dmodels/original/H/B084W2S62H.glb
62d4bd6657639fae9ac7846f6548d8e13e64bd78faad8a5d9e85ffb2ab40065a,raw/3dmodels/original/Z/B0857JQ3BZ.glb
62d574f7c1e77c7f13ea2486de9f393aad097a4a3a8cc348ab843016ef1aabe6,raw/3dmodels/original/G/B07PC1PDXG.glb
62d627f371be054a0fd2cbb573cbb8f3a1528b1b4f5ed766e20b9146e6fce39d,raw/3dmodels/original/W/B07B4SCN5W.glb
62e243fb559aaa3d4fb9796b2358522033e243a75a28b91ac3ca86a82d45a792,raw/3dmodels/original/G/B07B82WF6G.glb
62e28d28d546a115ac0dff2c9b3860ea2dbb753d340d02473e8dc95500c69cd7,raw/3dmodels/original/2/B07HZ77TX2.glb
62e6ea46cd2db3d4b59d5d2d1dc88fae46c28fa9843b21900c0f68bfefaf258f,raw/3dmodels/original/Y/B075X543WY.glb
630106e3d0f71ec47d9490213f2cdedf4cada99f319f8f98af2ce133ed19d52d,raw/3dmodels/original/2/B07QBMQPJ2.glb
632a760cebca3935c37ba1cd86d7dd5057bba2f5ff1aeb1aae0abb19fdc32035,raw/3dmodels/original/W/B07B4W5TMW.glb
632f16c3f79f146bba130c6635a49b550f9e844b71b8b76360ab541fa5a856be,raw/3dmodels/original/1/B073772DH1.glb
634e5abd3bea942c8ff950a77bc47aed904ae08d442584122eb9d4479b01d753,raw/3dmodels/original/G/B075X65QYG.glb
63625ce26f5187a6e4c1658d48187d8da6f2eeb42ed63423c8f1cb3a32722f5c,raw/3dmodels/original/X/B085GXHL6X.glb
6376c9e2ec2c23658b073c7d2a20d7a0cf19a5382e3dd9051e8bab53fd32ff81,raw/3dmodels/original/Y/B07MBFDQLY.glb
637e0c89b40a89e5533f76818158a84ca95392538e28ec84c271b0308fcd3ea4,raw/3dmodels/original/D/B07V4FNHCD.glb
639b94d65f065f3d17e245c201b67928eac6e31d7721bd3ce28a4a105e4752f9,raw/3dmodels/original/1/B07B78G1D1.glb
63a559fc705b949a954ae38a6ca77c47646b0c77c6277c1d9d99efe80570209d,raw/3dmodels/original/J/B075NR8HWJ.glb
63a8366e62e96b2a723288d9e28fa5d774aef2aebd56607e8bfab793db37627c,raw/3dmodels/original/L/B075QL8KBL.glb
63d46d76bcb00b3e8f108d8c0c6ca86b8f6eb86c4d4abb8be12119d563efc6b6,raw/3dmodels/original/R/B071ZLY1BR.glb
63dd9187b3a9c9ded196b85ca75888e8af970079bceccf316b50f8a7553dc912,raw/3dmodels/original/X/B075HXSW1X.glb
63ff90775fb92e513c55e1aba3d603fcc9936a46c68fd0ab0bb3105447a4fee3,raw/3dmodels/original/C/B07BWJCZGC.glb
642b7db65f189b4dfee2c7bbbf197916a183d07aa396d523e1bc854325d1c5cd,raw/3dmodels/original/W/B07B4W2MFW.glb
6432f4cea9b3ab8c359fb19a434ceb32e6e34c85a5af9ebab1e69712b2877f97,raw/3dmodels/original/P/B07MF1TTDP.glb
6435f9214813a9283f435f36192f0c5b068fa6e0f2134521492a068c76548e03,raw/3dmodels/original/Q/B072FVHSZQ.glb
64521c569a820d2605ba61f55371fdaf9de41807ebc11a0f03d577935dbaf96b,raw/3dmodels/original/L/B0728NVXWL.glb
646b516fcefcbad58e865b13dd1e79f6b6c5fc9f535b2837009555817caa1d8a,raw/3dmodels/original/4/B075YZ16V4.glb
647e5dc4d1fec644f1b1c271cade93ca8e907a5dd04cb22210643545f939159a,raw/3dmodels/original/S/B07B4D8B2S.glb
648dc2fbe10a3b6caaba463b442139173dc2666d310705fc0d8e2f2612265454,raw/3dmodels/original/L/B075QMHYYL.glb
64918c72ec1c35787c22afd2fb6971f40773b8d8b6aa2f86bd16badd35e2673d,raw/3dmodels/original/6/B07B4MDG86.glb
6495ef520b757d0d5836feebfce1593ae3ecb18da5a5991ea7e92f575a4da3d3,raw/3dmodels/original/9/B07P5LMG29.glb
649f29640c6620a72413f41b3c6854a77a95f0744adabeb967100a30b3034fd3,raw/3dmodels/original/M/B07W422B7M.glb
649f33d3e4eb8e0b2d260453cb9132ef76c92e977cf245bdef3d3a1d2d591ddd,raw/3dmodels/original/2/B07KW7WSJ2.glb
64be3b03a1b05163f8f2c70910253ac6aadf33621edc5720806314129da330ab,raw/3dmodels/original/8/B084MMLP68.glb
64d2296347ffb915d328295b64081abe39a84335f3d24043ee463fd0605e7057,raw/3dmodels/original/L/B07YBHB9RL.glb
64dd6f8a5b3c51aba5fff7f8a50b450ac68255c27f17e8ee4f60ff134d8fd1b0,raw/3dmodels/original/C/B07TZ9BGPC.glb
64de6a27bbd348248d23248440618171242e3ad2f80414a7fce33af1093bd8e4,raw/3dmodels/original/F/B07J2R9TVF.glb
64e17ca752c99c8139fd612cc05668f1f8219bda5aa2072d4b1229efcd89dd02,raw/3dmodels/original/K/B07B5127YK.glb
64e81f2b6134c54e9d6861b7732fb4cfc234110496b525bb324ca36905a73641,raw/3dmodels/original/W/B0719STLRW.glb
64f79f1ebd7593eb69e188e88bdc51ca52ebe095a3914ac4efe12b738ef2023e,raw/3dmodels/original/D/B07JWPM3HD.glb
64fe2626f087b1e6027c15e1ac2b197c05fea359004ab98e26a42aac2b476e67,raw/3dmodels/original/K/B07QB8L1WK.glb
65000fa2ff6fe63ce2a18e90fceedf62d5a4d291d4d9c8eedf1063b66acba255,raw/3dmodels/original/N/B075HXSW3N.glb
651db36199bc6ca30ccc94d84c452567ee8f6cfe9ace5aa0e2ce9172bf70cbc6,raw/3dmodels/original/7/B07G358H67.glb
652fa15e4eb38a43136e84082a8ad233eb6f438cf755e2336c5992edbdacf14d,raw/3dmodels/original/Q/B072C8Q4WQ.glb
653a1227a941ddaacbe2f2f6600ce6cd1fc0b488381c73c30196abb364d4574d,raw/3dmodels/original/W/B07F2HNX7W.glb
653fe9e40e5fefd3e7cb5d614f71a83309b3e27aea81a924a27de05b0c506b25,raw/3dmodels/original/T/B08G1XM7GT.glb
6541fd05687d7821bb0bde288014e474425617bae28bc179eb61549fae4bbef1,raw/3dmodels/original/P/B07HSMVFMP.glb
655b442a31d9e6b3f73af5d067ee7ceee30e788bc5346875fadfcc07920f9cca,raw/3dmodels/original/7/B085FJR497.glb
656c0e5863b21d94bb4ef77d9ad14196fa5be5c27999f0da1a766dc786615c7d,raw/3dmodels/original/F/B075X4F4SF.glb
656f735990ffeade9311bd3791f90df5bd71fc1c649ca8e5841fac0c88fcc583,raw/3dmodels/original/Y/B082QB3D8Y.glb
65733a10f0e2b7b5f9be83746136a19cc20a707514b86ce85e75954429e0de9e,raw/3dmodels/original/4/B075X3SHW4.glb
65bc3abb95be3aa469e617d5723846117d48fef5a02c7638d376b73a83fb2039,raw/3dmodels/original/6/B075ZB5BQ6.glb
6605802a4c3b51596699f12ccb41480ae77fad3c48ed6d1114ad3568fdbbd793,raw/3dmodels/original/Z/B07QBMQ4PZ.glb
661667adcbb1d975d3fb114cc25e23334f57f8ae1cdeb8fd7187fe08d97d2a73,raw/3dmodels/original/Y/B07B4VXWTY.glb
6621a657a9d35eda76c66534fdf6ba082f0ea0d3a60a363ec37c5528945b3061,raw/3dmodels/original/D/B07GG34GWD.glb
662a09173a2d7673d51af779c2b8d00a31395aec898ba68bca94fa2899c14d27,raw/3dmodels/original/C/B071W2XLSC.glb
66378a2b1dc973a314ef65f5c3fe8bf6d9fb68caa5e4d81b18b543a3ecbe5f20,raw/3dmodels/original/6/B075X4PTG6.glb
6648b4b2f432bb2889a1092d372bbc82250fd4a23d527859653e4f50bb9b8c68,raw/3dmodels/original/H/B0842LB3QH.glb
66522171840e6613f55f80bd7a52b4a6f0718d504a49b7b57861ffd51e6a2855,raw/3dmodels/original/J/B07B7DPKRJ.glb
66538e55f61f70185c6eab6a6867b6cf65adb99206bae06e4af1de8a77c604a4,raw/3dmodels/original/1/B07QK35CN1.glb
665702027f0a78114d01a653f29eea9939bd6f0da2bcd5c7fcac1000b942b119,raw/3dmodels/original/Q/B07DBB75ZQ.glb
6659661b87917a4189e4a3d7a3d4af6ae29e469537833445f1bd1401ff2988c8,raw/3dmodels/original/D/B075YP3BFD.glb
6683453cf9a168225a96430f2a39bd8966978573c8e2dab339dd8d59fa2b1fd1,raw/3dmodels/original/8/B07TR659G8.glb
66836f64fc95af83297876e29016434258704d3ddc034005258c72c43a2ca903,raw/3dmodels/original/K/B075QDTYGK.glb
66878832077d45537e429d5c19614a9251bd45cefc979dda9ede31fcbcba1ae7,raw/3dmodels/original/Q/B07HSCJZQQ.glb
668cbdb62e56470caec9d76a1a01c6d5be7958233ab73100cd4b0cfe3a527523,raw/3dmodels/original/P/B07DBF3X2P.glb
66b7f43a5b4a14b0416143b243a7a04090f47e22c103fea19d1ed0b1d461b90d,raw/3dmodels/original/6/B07QY2XJD6.glb
66c6141c8c087451b11b7e2f75f359eb45eda5fffac74fbcdf1ff7d57087749d,raw/3dmodels/original/4/B07SK9M5T4.glb
66d75983de1a8266ba1467a6b3d402e2df6285996a846ce4979ae57041238664,raw/3dmodels/original/X/B075QLLPSX.glb
66e70b6aacaa33db4a977982fc85b87b4d4090a31aa1d7f2cf30f73dc0ee7f80,raw/3dmodels/original/9/B07QFRV139.glb
66e948b8448875e4a0fe7acbc642d39a538be3e312c11b2658c3d338d80ee5ab,raw/3dmodels/original/B/B07QFB3M6B.glb
66f52d2cc617644fff26c9f9eae8a824a420b4b38ead36e7ad9b272b315964ae,raw/3dmodels/original/2/B075X4VR52.glb
67059f9d7c865ae7865f5d7ba360e4bc8d9eea8fa0df82186d8a90e52c54a32f,raw/3dmodels/original/6/B072ZK2FZ6.glb
67088872edf52302191b13f43e80dd6777c99cc796ee826d63ed1cabb549a31f,raw/3dmodels/original/G/B07B883YXG.glb
67226e441eb49a4b315e367369e3121a878eb221939a1c02248b33bd308c8070,raw/3dmodels/original/N/B075X4JJNN.glb
672389bcd222ac82547f852dd2d79804d369e219c8450b827013774285e0af96,raw/3dmodels/original/6/B07QJ22326.glb
673db85e16a0aee76a22aa1f55e7491f31f8d803b8b930f8ea8bf2bf02edd3f8,raw/3dmodels/original/Y/B072C8Q5DY.glb
6740e421bdd0ec3e6a615b79c9b4879cf5097e3541c70e11f8bdd36292c0fb86,raw/3dmodels/original/G/B0853KX8NG.glb
674cf21a1b20c4ffee9308c96173b457e8cfbce22f5908df5230023fc258c80e,raw/3dmodels/original/B/B073G856FB.glb
675a3d4f2a6bb34bd2a1d37e89e6a78fed76736a49a8fccc78a4f3091bbb5ddc,raw/3dmodels/original/T/B075X33RZT.glb
675eaed302fe4fdca51f12bf8d934e4c7b2e40148ea65f192fa71a499c82ca8c,raw/3dmodels/original/7/B07P5LKL27.glb
6762977dd7da565e80ecf561ececabb7e0e39264e795478b7eb64839997a8d39,raw/3dmodels/original/V/B07HSLPNLV.glb
67694ab5a02b1c6775afb8d55bfb3c15bac7e6ba3e2fde38197feed80c94a29f,raw/3dmodels/original/D/B07HZ7PG4D.glb
676b5606c97677c1a56fc58e6ca3c6d91a9ef6a3787f15c34106ea0df676966e,raw/3dmodels/original/Y/B07JQKSDRY.glb
67746ba042da7fab44e7902507d7c5f2b5afdd453202685e1c5538a66f0dcd9d,raw/3dmodels/original/W/B079KV17MW.glb
6788e39c40f1590685069e0511d80272f801913e1805012bd86fc3c5a33b4ecb,raw/3dmodels/original/4/B07P7NVGB4.glb
6789462913b2a356ed3f5d01da929840b1741c27b1fe501f434390d48995a4c8,raw/3dmodels/original/J/B07B51JJMJ.glb
678e46c02775891bdf976d59459cd172cbedb78a966c4982fe0f40311cfbde91,raw/3dmodels/original/C/B07JJ8XDLC.glb
67b5da0b0d447df74e993ae2507da8eecb827bed089cef645ec42a4db4a44aa5,raw/3dmodels/original/R/B082Q8W9YR.glb
67c6bde103fc7b899078e5cff7feac86e9cfbc24daaa751ce8143f834c217ef0,raw/3dmodels/original/B/B07MBMJS1B.glb
67d1ca4d4b31c9cb5c2824ca55a0187b7a42fb15ef6c81f0cdeb7382e8b2d0be,raw/3dmodels/original/F/B075QK52FF.glb
67dc9f629f3e543fb9c1ab75d7c7034c9b93193810f1d98c9f5cf3698db0b676,raw/3dmodels/original/9/B084W2SXW9.glb
67e384d9d87537e25e03fa5d24b2244818dfe3a7df13521ede33e8b739bd7abd,raw/3dmodels/original/M/B07QB8JPXM.glb
67ea6dc425a46d7b5aba83df229da21f6db494362a6f43a9840746433b6aacab,raw/3dmodels/original/X/B072JT7WDX.glb
67ee8100a6d18bae569706e55ab6ad3150f3d9ad7942b5470cef8eedfa2073ab,raw/3dmodels/original/R/B07DTLWMPR.glb
67f839b485ceb87767937aefaa79cf0ab62bb3a49ce4324e2c95117d27821abc,raw/3dmodels/original/J/B07K9JL76J.glb
67fd58abb22b7ec423ac5b93dbefae9f255416a3fa57a5130fdcd4e158a83934,raw/3dmodels/original/J/B07YLZTGXJ.glb
68046992231c6f1fa41e365baf81be70e3b51853609a4b7fee419b706ad8d900,raw/3dmodels/original/N/B07QFRSM3N.glb
681091e0cf804f7fec8252228aa6a507a6d67a815d3992980feb1342bae8d435,raw/3dmodels/original/9/B07CBNZ6R9.glb
6811aefaff4ba0e4fb6544319adf5003de2029ac350af9c1dfed2277f5227737,raw/3dmodels/original/Z/B07JL5PNGZ.glb
681c229b6d54feca9ce35c66a375c5b22a7bf20020255bfa935a3e78a923ec5d,raw/3dmodels/original/6/B07HSDW7J6.glb
682352bdb964b830fd894be1e707e16bb5f9634320968741244116e89cebc005,raw/3dmodels/original/8/B07H8VCM68.glb
682a5f9fb648feaa093a010d991e3e5316410ae3c7f42c835ccd10d3175f94d4,raw/3dmodels/original/7/B07H8T8ZS7.glb
683ffd5073e340b202197aee5aa4b892d0bbb06dc781d03f879d0a1033bc3c97,raw/3dmodels/original/S/B07TZS99DS.glb
68614d1f6352ab889a928ab28799de0ee58808ada8a5f2f4a8b5bad33aaa022d,raw/3dmodels/original/4/B07DB92LG4.glb
68615ab2033ca1a9ac2fe4d1fbfbaea96488c9ffa1de314b45afe6786279e0b9,raw/3dmodels/original/N/B07R3T74LN.glb
68657d3b8fdc91325bbe2b7e4c1a49d3f4a52454df202ac059e51d28a42193ac,raw/3dmodels/original/G/B07QJYGDZG.glb
68660c880f50eb757b55cda32daad1002382ed462c7b12e62685e5ceb5db793a,raw/3dmodels/original/G/B078JG4N1G.glb
687320473efea374ffc5df3309779b229b04656029d0084a7bf1091a0d7da021,raw/3dmodels/original/P/B07HSG5DGP.glb
6873fce50efcd685ce2220dc70927533500baa88642352063cee52cf77f1fb39,raw/3dmodels/original/X/B07TP5LTFX.glb
68901bb8ef18f050511c66ac5eb9efb438939051732f79b21382ac6d82bdf022,raw/3dmodels/original/7/B07XJB28C7.glb
689c428a01c319308446bbb428188fdf45e73cb095a935f617b9e44a056651c5,raw/3dmodels/original/5/B084HTVV65.glb
68a12aeae841a4f8b7c8f295c67da07c07ea4469730296720e170c2482961244,raw/3dmodels/original/7/B07MBFDX77.glb
68ab80f94a78d0277a613c95cbe307dfd41cca463c7f22169623a49d3b9b3edc,raw/3dmodels/original/Q/B07MSWR88Q.glb
68b6f6ec94f8bff2263f6f1a6f1fe250b46ebc03d3c32fc5a7a521504dcc455e,raw/3dmodels/original/B/B07QJZHGBB.glb
68bcdf427bd38f8dbb13ac3e58b06fcfdaad447b1f52f6b0bfc1befdce7ab3fe,raw/3dmodels/original/R/B07K7K231R.glb
68c6f06d0163d282290d2290a93d30049388e8968bbc13a2569aaf39d277858a,raw/3dmodels/original/L/B07QBMQFPL.glb
68dd18f3552ad07f2831341ef2d1bde640eeab8cd032ec7a1ea5d13c02772531,raw/3dmodels/original/7/B07QCMBCX7.glb
68e08825e2eaebc17ffbbc4fb55f87e1d5a4e4d9cf486ca6e42c78281ca7d092,raw/3dmodels/original/V/B075YVHQVV.glb
68e95a5bf80fcad886773f737be172c9d87cc29f8c59487ffe967c9e7fc1bf41,raw/3dmodels/original/7/B07G341G97.glb
691970988e09d112cd3a52988d68d84e7204a70b61f8b67bcb8b36e444f80533,raw/3dmodels/original/X/B075X4PRYX.glb
691b4cfa567f0dde52c7c146274a07d73eb8e46def47ab61aa7a5b460b0f7b8c,raw/3dmodels/original/W/B074KLRCPW.glb
692936da56731cabc479394a9b67a969206f3b4afe7f504b70f81cc4276d27a2,raw/3dmodels/original/L/B0853KM5QL.glb
69522bd2d042149f3d074b810924b647a384fa7b98c5196fbcc2e34223bc3bca,raw/3dmodels/original/2/B07DBHPK22.glb
6953a9cfd3722afeaca381d60a3e9d6a1fde09b42eb2d37e688a4ba558b63bad,raw/3dmodels/original/G/B075X4F5DG.glb
69600107715c3a4136549aeb00ce5ab838936b313a71388724798a3d0d08f42b,raw/3dmodels/original/T/B07QGWMTJT.glb
696705c1e3c916748a60b08c5b6b65efab96058f1a62d83348930b76fdb15ef4,raw/3dmodels/original/6/B07M6PJ656.glb
6998191c3fe8da6bac4c38fac7080cd24eeaf2b8e06e65dd16ee558ed849e6da,raw/3dmodels/original/Y/B0854SQFCY.glb
69a3e0aa7958a035d0128f2cfea67a04cee1d0ebf2ad0729a3e86a6e079eabe9,raw/3dmodels/original/J/B075QFCZ2J.glb
69b4a9155b72b73d43b622b7ad97ad4d2fd9c7ed188615424b1cc9a6a3d550ab,raw/3dmodels/original/7/B07HSFB4Y7.glb
69c0485859d62d9dc0f07951ebc75d32f96641fa8ddbb6c455c6e7614379ae1f,raw/3dmodels/original/8/B07QK35B88.glb
69c5b37e6f0368fbda87b90e7576bb9ffa698395206a57858a7f58a70a9c00e0,raw/3dmodels/original/C/B07DBDT59C.glb
69cd4ec749bd802a60e5d83fc4efe06448697a418eac35cdda0ef7df4c7cccf3,raw/3dmodels/original/T/B075X4PRZT.glb
69d67fd46a92c705f5e978e6e08fa55fd7d8d4ccae6765368a98ce7e5fc13749,raw/3dmodels/original/1/B07QCMBNF1.glb
69df1a7e17fa5471f1ed8e7c9198bd173731e19113418d1c128c1c6a42c53f9d,raw/3dmodels/original/Z/B07DBGWFDZ.glb
69ee60b1abdb755d2f69ca4dd9b00f65a3446bdfcc454ed134ec43fe0426b416,raw/3dmodels/original/K/B07YBBVBRK.glb
6a0987d6b83ee0d55d2dc936a890a919951e6733d20d479c020c09db2da2556f,raw/3dmodels/original/T/B084W2DDVT.glb
6a09b6f7cdf1f640476f5183fbb45f3edb30060fe5a9a3dd52540987277ac6be,raw/3dmodels/original/T/B07J1YW3YT.glb
6a29795905bcd8aaa0c8adeee10ac03a4d25a7b571b988c5990036879e385d74,raw/3dmodels/original/D/B07JQYJ1QD.glb
6a31b8235407b388995aee7c597c4382ab173ad171dd3c53b704a92279bdab50,raw/3dmodels/original/Q/B07B4L7RLQ.glb
6a328382218219cbf0d4ac51b84235396a8327365334fdcfcf9f214f090fa2dd,raw/3dmodels/original/9/B07MSWQR39.glb
6a66ce23811f381b494483d82bb24e191bed421e273b60641808e2b4dbf8a17a,raw/3dmodels/original/X/B07JKQBXLX.glb
6a79dbb5a0326a22b4d8eed2718d0c5fb5ca3426c6b0d9969843890109673947,raw/3dmodels/original/P/B0856G6QWP.glb
6a7bed2e9eaa26a34c68d27ec89c207b9dda1d694f996aceac7c7f02a036a2e3,raw/3dmodels/original/Z/B07HSBN83Z.glb
6a7c6a1fe23f15d60198378d069050b8453130b9461404123245c333736adf47,raw/3dmodels/original/P/B075YV7V1P.glb
6a9c8665caa3eef15c91c879ff2007a343a45bd05c35c18f288e8d75f7002916,raw/3dmodels/original/6/B075X2X4S6.glb
6a9e5a7d7e9d022d695b98b66efed75267e69993aba8260d50ee8f867bbdfa19,raw/3dmodels/original/N/B07TVJ3NMN.glb
6aa7411e77a015d859ecf8c24fbc97337796af86644f1d196128ef55b2bfa453,raw/3dmodels/original/7/B07QFRQS17.glb
6ab03f05b58894671eda7f6cf7d575cd86e4bdd607924d72edb09804edba82d6,raw/3dmodels/original/S/B07B4Z9Q3S.glb
6ab3e646c6944a9bb81d3b59d40f76346a56fae73f6908803b0821c0692c2c0f,raw/3dmodels/original/L/B07HKFRV7L.glb
6aca1ef38b6c25363f0fff30605e14571e92e844b4e45ade6096c8c732b05334,raw/3dmodels/original/8/B075YZ8468.glb
6acd3450b5f7d278740df672be372a05434808e3cff60e40e788d493b4673d7e,raw/3dmodels/original/G/B075HR7LJG.glb
6ad91cf97f05696b9743ff2aadb17549a174fc18ee6b0e03bc8a86de83527935,raw/3dmodels/original/8/B0854SM298.glb
6adc984641f1e886d0ac7f319890c4ae5977f9e28b873ddca6ee12284f3a55b6,raw/3dmodels/original/K/B08DJQQS4K.glb
6ae06e24874f71adf3ff9e5de889cdace3147e4cd95cf5a34304490c169ad17b,raw/3dmodels/original/J/B075Z8623J.glb
6ae20c9445a07be2982bd76cb86c1e1070ecf5bdfaaf59f3947af8f7c0b46fd5,raw/3dmodels/original/9/B07NZX7HR9.glb
6af2f4bb156c9e67741b923b0d8299d610c06495b380be20c6c2f992c4fe3f56,raw/3dmodels/original/L/B082VL8WPL.glb
6b10a5eb5dfb30f88416401f7dcc58b0012a8c513cbbf11c54d916b59766e44e,raw/3dmodels/original/9/B07B4MDB89.glb
6b38ecc2c6e161bf09026dba34e2947d50c62f99f34b542710a93a8f1c6d9e09,raw/3dmodels/original/C/B07MJL4ZMC.glb
6b493a628d63514bba0ab742ae19a884429c60790dd85249cd61ca914a0203b3,raw/3dmodels/original/M/B07DB8XFGM.glb
6b4bdc111c017b0eb6890d2ecef8e4af3eafc69785ec28e49ea39c63d48f9e1a,raw/3dmodels/original/L/B07M7MMYCL.glb
6b4d82dd5bf65811cecc80552832c027e8ab4a5f42fb4384008d4da025bdc780,raw/3dmodels/original/3/B07B7N6JH3.glb
6b4f3a1412fd87f021f0f79464ba117323bad5626c4417f51ff5a1ad84867438,raw/3dmodels/original/T/B07HKC3S4T.glb
6b7748506eb200e5d31ec4693b0190f654b396d74ad584dccb0c75dda8cb05cc,raw/3dmodels/original/R/B07DBCFNFR.glb
6b77ade7aba028d45978f9cba24e264736109ee745718bf1758a50fcff132b3c,raw/3dmodels/original/T/B07VP9NWDT.glb
6b86035da988f6b32a82a9d8b7c5b25ea6fa28887edf6ac502531e741922c86a,raw/3dmodels/original/L/B075QG3JWL.glb
6babbaf3af5985b963b7776f785dc8f48609e5209cd267671e07cdfe1c783997,raw/3dmodels/original/P/B07QHYDDLP.glb
6bb4d28cbeaa38e1f6554e25dd652555284b3b98947868ff41e294e32f2ee2e3,raw/3dmodels/original/R/B07DBGWFHR.glb
6bb96a95eb9584448ba1a83c613a003600762420ae99d5c17ae1f686397364c3,raw/3dmodels/original/P/B0714QGLVP.glb
6bd94b4bfffacc76341f27f14c357446162b510f2a60cefcf1b65175f903055d,raw/3dmodels/original/6/B07PBYX3B6.glb
6bdf80712fc2e20b76a5f7f11f2a85e2c8650d67b8866e25d9013428fc3df099,raw/3dmodels/original/T/B072Q1BNDT.glb
6be4e2c19bb1eecee02f2640049190207a732f42edd1ba0c05d3465db2c5074b,raw/3dmodels/original/W/B07QHKQMZW.glb
6c0937c706a942aaf9285e87c625bfd49cac01c341fad742d4ac24163ac7f0e8,raw/3dmodels/original/J/B07QC8971J.glb
6c1ca4bdd7f5fa99bacfb3d1289bea75ff788e61a5c611e5a0d3bca17effb270,raw/3dmodels/original/Z/B07124WMZZ.glb
6c1fa36adf6758eb1123376b7c586ec4c418bcc2c98a72b7f1c3f4d2a8f855b6,raw/3dmodels/original/J/B07HSM6C1J.glb
6c2e7686caad44ea2f040db3961ce117333f1a73165036043517d32b465bb167,raw/3dmodels/original/8/B075X43FQ8.glb
6c428af0ce55eeb7daf1e617dd95c541d0d1b4724dd383ed11fd960a5da91758,raw/3dmodels/original/T/B07JQWZX4T.glb
6c56457cfc2512dc139513951b38b556b39c261b8b968260727fbc3de4200834,raw/3dmodels/original/Y/B0828DYZMY.glb
6c87f7eb2fb94af10460fb98478c056a2e5d00219c3f11c6baa73eaf73851d58,raw/3dmodels/original/N/B07B4YNHSN.glb
6ca0a0dca4d81989056e510d33afaf82723b5330cb5285f43c595fac5189f0f4,raw/3dmodels/original/7/B07B8P1SB7.glb
6cae63b24dc43a6ac72e87c9c683dbe9ebae769dc97464189e1af4bb47925c09,raw/3dmodels/original/Z/B07TZ9BGNZ.glb
6cb2ae4ca03aba06dc668d237bfa9ebb297fd6cf85520a1b3932c0c41dd2d8fb,raw/3dmodels/original/L/B07MJL66BL.glb
6cbf4d5655ec6ef20b241947ddf3fd9e2947d22568e094c6ef958a11aef3a36f,raw/3dmodels/original/G/B07DBDZ2TG.glb
6ce61a68bb3dba9e3cdd96fd89cd377a56dfbe1b043e1bc22d1f3ee90a81f7f2,raw/3dmodels/original/X/B07BWJCZJX.glb
6cf09460b82cf652134944a7a422f16a88dee4a1b2c56814d1e8411898a46082,raw/3dmodels/original/8/B07Q3WM678.glb
6cf170944bec37376e44770173f3ee68ebc5b2687d16bbe7bc11b8a2830ec1d3,raw/3dmodels/original/N/B07J2YWSJN.glb
6cf2f48466b8e5d1d372c3bf97dd966a4815b9c1b9273d72b32e64600ef2c272,raw/3dmodels/original/N/B07P5LMFPN.glb
6d10b6bdc189f9b63e9c510bf5e58d1cc857c7868092a25ec0f574323a0a9829,raw/3dmodels/original/8/B07SYL3WS8.glb
6d15e83c8775e849e3ca4ab4c1a9d011a4b59df9355522686ecb80b4c27084c4,raw/3dmodels/original/H/B07DBG291H.glb
6d5ec3e78dedea1cc885cf46389cd291a7d047ff1003757488deb3bdf1921eae,raw/3dmodels/original/K/B07MF1RP2K.glb
6d65013f3528a776054090e8cec77298302d9b68dca427c38edfa003896701c7,raw/3dmodels/original/Y/B07B7L147Y.glb
6d8a9c5b841e76fe1181e80e34bf4ba8ebd9433eb64e75e55da19c2a61b4e760,raw/3dmodels/original/4/B07MNYTYR4.glb
6dbfa38fc95c256302fba3d29cb3ab1f7c1efdab6d5051d3b6e990a84caaca12,raw/3dmodels/original/Z/B07MQD29CZ.glb
6dc26a0dfbbeb6d74f670005c6399cb1b3838dacfcd904c68446878787ae5a01,raw/3dmodels/original/T/B07HSCRG8T.glb
6dcada2a6c17882198358bf12be9ec2e54889b0e6e2e415febc0207ba15d5ad1,raw/3dmodels/original/4/B086R33Q74.glb
6de0a752d491f8e027c81325a3caf1699fa77926fda4f4a422f412a535271eb3,raw/3dmodels/original/G/B07WL2VHTG.glb
6dfdbaa5cd5b5811279c10542f86e9d09fe9c8331b38c7dd5a19b2b45fb3fada,raw/3dmodels/original/4/B07QSBZLW4.glb
6e03e603f583e8c25acff1cc56189634d122421c889d52dd55105c846b65b3e6,raw/3dmodels/original/K/B07JWP2Y5K.glb
6e06b89e5f7352d4b07c9002e0a7a84eb050cb79e54896d586092e7dd9f63f40,raw/3dmodels/original/Z/B07K7NSKCZ.glb
6e23c773a26193683cde4861160f61d7c0c49d81b440186508d80c813486956b,raw/3dmodels/original/N/B07GFRCLMN.glb
6e347fedcff63249a7a8dbbb0553240400c206db6c8cc3dd1a0d2891c92826df,raw/3dmodels/original/V/B07QJKWBZV.glb
6e507edb50bf3c566408cc5098e837b16461b36073baa58fc390ebf1bfca7041,raw/3dmodels/original/T/B07VDD47GT.glb
6e693a69b91ac400339a6795e46c922f0294819f0955f7161c63759313ed3ed5,raw/3dmodels/original/Y/B075YV7SQY.glb
6e6bb1cabb20c13aaa32ab957acd235021f700e74810784721dbf7fbd78a00b8,raw/3dmodels/original/M/B0853L3TCM.glb
6e8c6c951fbbcbcc97b9073395a18b7d29014d1d9f437bb4210cc2243fb1bca1,raw/3dmodels/original/2/B07N2YBT92.glb
6e986ceb2816d2669b7dec2efeb28dd9ca6d9753630a62a72c8056db932adb60,raw/3dmodels/original/9/B07D3T53C9.glb
6ea858fb1541de8285b616287a40cb0199b61b9873dab2124d0a79b14fc0337a,raw/3dmodels/original/R/B074VMBGCR.glb
6eaaa33ac250be5ef308bcf3409f775e5652c547d0b55bcc59ff93ccdd205fe8,raw/3dmodels/original/H/B07QCMB9GH.glb
6eb149d6ae1cefc2b54372ca8a45e2b8959b65ebbcb84a337ac47bcfd8b69d66,raw/3dmodels/original/7/B0857JV4J7.glb
6ebda1037a4244235bed844fae1227a39bde781671e8c1066adb8cb1b088913f,raw/3dmodels/original/6/B07HSBJ5D6.glb
6ec560811a92870abe1153c542042f30f17e135aa19b587433a846857727a71f,raw/3dmodels/original/D/B07B4N273D.glb
6edffe7cfd467ca77ccf05b834d5b5c70b3a77b427a08c616ee0c75bcaa161b2,raw/3dmodels/original/K/B082XLN2ZK.glb
6eea976bd464af1edc152de9e201ae6c3f8f1dcd0582d9a82f79ee5500bce935,raw/3dmodels/original/5/B07BZQR5T5.glb
6ef6ab16445538643f1f45a778de3c92b14621882044be23bf8796749feeb190,raw/3dmodels/original/C/B07B4D88HC.glb
6efc014dc5a1ca9074f7ad98c98b306f2cd0da8a376c119a11ed2a1cccc719c0,raw/3dmodels/original/7/B072M1W877.glb
6f29c87dcfbf01820114a26bc8273a0ce45bbd1ddc11f22b7786d8133997113f,raw/3dmodels/original/X/B075YP38DX.glb
6f2a22532fe7d15106ce9c5948b8c3d4e24279d86b928330e6071c9db74fe408,raw/3dmodels/original/J/B07S6XJYRJ.glb
6f2d0fa4bf38cf5f6ff42f8ebf958c64148abcb51eee089902ae16768c177c38,raw/3dmodels/original/F/B07H8SSY4F.glb
6f3678e496b75d97261e48101a91cd4de0eb5d1ee72ff30e911e19fcfbb682a8,raw/3dmodels/original/Q/B075X2Y4HQ.glb
6f59f87366305109e567fa068ca00a1bd8683031b876917ee441cec81a6976aa,raw/3dmodels/original/D/B07DBGJ4KD.glb
6f6aa18ce5fdf2ffc87646f5c62c149661c42906621b80a44e625f7dc7e6b679,raw/3dmodels/original/Y/B085FH4N3Y.glb
6f6b02c5930a12ec0a01f8d235f4f3972215ea99ff7e2ac98f8dbb06ac1bc105,raw/3dmodels/original/V/B075NRBB8V.glb
6f99278ab03ca412f6a2f804869f54e1185d6a584527cdc005dcff90c0a6ae19,raw/3dmodels/original/F/B07G2WZM2F.glb
6fa006960bb165bfbaaca248e3dd6541dc93aab596de8944deb00a00ae9d80bf,raw/3dmodels/original/C/B07B4ZPGVC.glb
6fa2c6fbdc3c8b58574b43c9dc2aeff1459b3b1e2366247e105ffc2294eba2a5,raw/3dmodels/original/K/B07JW75VPK.glb
6fad8c7c8f9efc885cbb2c2b01b142688e46e3486fc8728025ea2bb74de1adab,raw/3dmodels/original/W/B07B4SC2KW.glb
6faf11ebd279691d001284603599e6083d7a650f25939d2f5964e2ed5b45ef42,raw/3dmodels/original/T/B07TT2G9YT.glb
6fbb77c20f0bc0b18c1d69b688305ed55ab28c96b1d97767ff20f5150fdd64cb,raw/3dmodels/original/B/B07HSJQ3DB.glb
6fc342e475ded8241244d378648588f8bfec1d0906e74e104c23375af248234b,raw/3dmodels/original/6/B07HSGGNF6.glb
6fde113c0f8760d772c418b0e35e504b5b6cb0e200fb1d0e2ad8152fabd25e34,raw/3dmodels/original/Q/B07HZ6YX5Q.glb
6fe94ff73920b8631ffb50621ece12184edbd11b485480e9ec2eba992faeda26,raw/3dmodels/original/F/B084XMYGBF.glb
6fec80766936f489d444b0135c9a087395de44e3f931fc8781cd7fbbaaee0190,raw/3dmodels/original/M/B082VLQY4M.glb
6ffa5093fef1f657ef9e7ac2e6b70a6aee267535efcce558daef60f4c9e188bd,raw/3dmodels/original/Q/B073WGSN2Q.glb
7050b24043bf98b44f31b6da033c95affed1c7e391176730ed33d5499f6a7327,raw/3dmodels/original/1/B07DBB7831.glb
7053f7dc4e8fae5304580a0c69534a688165aca36307c6d76458a39528108c1f,raw/3dmodels/original/2/B075Z8THZ2.glb
705f793f80a2e5cabc2ad4fba45761424a8bb76714a5ce8302439be7cb29ea5c,raw/3dmodels/original/3/B07TYTR8M3.glb
70659196ee94dfa81fe3f3afceb91a676ba4ff8574731bceac37cf6f6ec2ecea,raw/3dmodels/original/7/B075X54417.glb
7074a74bf21f188cbfef685aff837976bf400289d7b12509f34edb4de24c9268,raw/3dmodels/original/V/B07B4FZF3V.glb
70dcd8bfa6f6c189d4afd29b6d7c6019c076350ad382cad64567ba435d6e1777,raw/3dmodels/original/L/B075X4F3PL.glb
70ed33821dc533aa7153e8257b6c6fda849eb02d4969aec60007c22d87c72740,raw/3dmodels/original/T/B075X4JB1T.glb
7106ed02034923964647f566a53f35dfc211d26a3fb5e39d424ea7158739ebe2,raw/3dmodels/original/2/B075YP32X2.glb
71137be64a77ee86ce3be9d9926e7fcbe87cbec4684d50b76666e1aa39403010,raw/3dmodels/original/8/B084W368M8.glb
71150aceb92dfe88a0351db67f707836b5a4231718ad0495cd03803b158847d8,raw/3dmodels/original/Z/B07DBGJ4XZ.glb
71169784a7b6b7722eed16bb38627c5e2b3f41114bfab2fcf91b5ab509d26019,raw/3dmodels/original/Q/B07H2MHYDQ.glb
7118e129eef73ef6cb89c734730372341b44656da1ea100b142886d63de57ce6,raw/3dmodels/original/X/B07Y33F9KX.glb
712322d966acbf90d5e3b057b07bf5943f3621fe3f4252c4805a2e5cf94327a9,raw/3dmodels/original/Q/B07BKJXRTQ.glb
7124d631c9a01aedb19ef6ee929ca1d06eec654ec0dd80f6ba340912f8855403,raw/3dmodels/original/8/B07B4MRLT8.glb
712d58ffdcea4c05e49489655e30a720f838a146d69afb4d1938c4c11e8bb84f,raw/3dmodels/original/1/B082BM2BC1.glb
7134805db18e5de61b35bfa77771ddec90c95a491ea7f5517c7b3f093755ea90,raw/3dmodels/original/S/B07QBMQHFS.glb
7138e01433762185fca472bc121bb3d9a07bad228ea3d36cc971b739bdb2fbaf,raw/3dmodels/original/H/B07TTHGW2H.glb
71392f93596fac0be91cfe0211eedf5544c71bdd395cb9f1f32e39eb269d3450,raw/3dmodels/original/D/B072Q1BNCD.glb
71545290d439163e1521a140d7fbd754f8b17c05b0c185fd5fa5b2ae0b21aadf,raw/3dmodels/original/8/B0746H7RL8.glb
71599a6f0010ee19b8c27205d4b3d5d3ccaa1d14ec687b73a83e8ec39dd7d43f,raw/3dmodels/original/F/B07QFP4SZF.glb
71667889c893ff263c14e40900aa27821c64b8c14eb06d4fd6d31287b25cc136,raw/3dmodels/original/B/B07PHP31FB.glb
71794c47dbec51efcd0d934797d5036dc818edd8d1eeb864614bf1e392fb1bf0,raw/3dmodels/original/N/B07WFNV31N.glb
7183737667d4300756a037024754fc3e9f63be1987af62b8da9b4550e9f34713,raw/3dmodels/original/P/B082MS2R6P.glb
71927f67e8d23594cee703a3d8e93133a3fc0c4099804734189d72fdae9bc4e5,raw/3dmodels/original/F/B07FFWSBBF.glb
71a3519ec78be0c751498df5f7075228ea27debbf13dae5548cce7e99c33c524,raw/3dmodels/original/8/B07K54LSM8.glb
71aa9a5398bc81b1cb4eed005dee75c5808082bc11eb72d002f9df338b4c4a86,raw/3dmodels/original/3/B07WQ4P373.glb
71ab8054c978f835fc7aa6fe025354cc0bfeb3c77ddc02201c78e95495864f95,raw/3dmodels/original/2/B07QGG24Z2.glb
71ad8024733b43cde1e84fb727c78fcc9d8cfc7a56cc87daf26d0faf8f10d11f,raw/3dmodels/original/6/B00DUGZFA6.glb
71b9f7504d552f682edf6abf7788a32d1f0e17a1bf31d0ecded06f4d9ebf08f8,raw/3dmodels/original/P/B07QV194JP.glb
71bd9860c1b8a820d64c569dc9347a495de926784b49226dc132b4bcea31499d,raw/3dmodels/original/K/B073WGSN2K.glb
71cbd71b2e6667ce1fba7260c42bbe83b539bfa2a39fe80c4a4e587d6b9f71b2,raw/3dmodels/original/8/B085FJYFN8.glb
71cf4799efd58ed0876d1855241da7ff2fb950ce99eb2778ec466807b48c1d34,raw/3dmodels/original/1/B07MCCSGS1.glb
71d37593fd6833ce57f61ca606a94a7be0141a75c6ac51b4a49d2564392e8c91,raw/3dmodels/original/J/B082QDDJXJ.glb
71ee61ac2be34a048014497dbdce7f8326eabb0be9f3676c27f951a2473938eb,raw/3dmodels/original/G/B07MKQNY5G.glb
71f3e3a0833cbac2cd9bdf24d45193930b3ba76d7b63091fa0f1c11135e271f2,raw/3dmodels/original/9/B07GPSQKV9.glb
71f92d9a9873ae8f51eb26584e9e0587b900aaee976ab137698afa996e91ad9f,raw/3dmodels/original/V/B075X3SJ4V.glb
72009dc9945a1f9b5654b1334ac0fe1ec3923f84761f7adb301198a72d8f20cc,raw/3dmodels/original/Y/B07J2JGT7Y.glb
7213f37dcaf9b9cb7e24c00491ab35c4ec384ac4a16bc586d68220adbc1fb0da,raw/3dmodels/original/N/B07HZ6BJVN.glb
724133557cb9780d7bd5efd9e52126b05c5851ee214a0821752c6c445f609c3e,raw/3dmodels/original/Z/B075Z8GZ1Z.glb
725dc26a8e67e66ab42785de40fb7073b050b45028f5c47bfa7932e56e011221,raw/3dmodels/original/Q/B07HSH278Q.glb
726058f2897ff39e85f0b842a2453bfc87972d5dee21b979ea03ce8bb46097a6,raw/3dmodels/original/5/B07B4D48Q5.glb
7272edf9739afb1e36a24b950992383ee2e91fc66e2620f364bef84115b5ac6a,raw/3dmodels/original/Q/B075Z6YRWQ.glb
729bc2c1dbf813ed693947938f86376612ec7d5c0e5e9866e450944abcd810c6,raw/3dmodels/original/H/B07HSKXDVH.glb
72bb1d56ce187be8ed3aa263c5eda29851b097e65a87ae841141b26cb982ed89,raw/3dmodels/original/T/B07P5LP2TT.glb
72da472b4bdb91b94fd2b89f1ffa4b497d55e9702a0da9a47a67b764a07ba812,raw/3dmodels/original/R/B075YQXQJR.glb
72df651ab462b8471be467c37e56aa4f5d301a312072c67a21158ae2d2c561df,raw/3dmodels/original/6/B07DB92J86.glb
72fe44cdca90525a00ee2a81105d63116adf5c067209f7d36bb74cedd5e3f1ce,raw/3dmodels/original/V/B07Q2MFD1V.glb
7323e7a224618475d5de519bcc9951f495fa312fb72bd31e06aba8bc389cf9f3,raw/3dmodels/original/B/B07QB748ZB.glb
733729a1873666d9f07fbaf2c8d971567629b4c3921c3f0e50c7ea152e1bf66c,raw/3dmodels/original/F/B07S57CCXF.glb
734121cfd2407ba0a30503c5555ed7e11bf8bd8fced2b66ed1eede078ac4378b,raw/3dmodels/original/N/B07QJM1BSN.glb
7344a194c8ee194c7beaae8f14c783e7a98d4cd854373d40184a27ce42e4142b,raw/3dmodels/original/5/B075X5HB25.glb
735ab79cdad44350a5cee829315379111ba99e245ac245df088b72f21bbd0cf5,raw/3dmodels/original/D/B0824DY51D.glb
736ac1395acafc69f6f32a2fd95e60c0291cc53002b25d077451fb51ed6146a6,raw/3dmodels/original/F/B07HZ6X7ZF.glb
737f516754e62f033f978eaf02edb1b32e83f13a0f8dc4e3b41a72ac059412fb,raw/3dmodels/original/X/B075X43FHX.glb
739e2c25f532fc4a3959c80e2f6a9008a34f639cf641d7d607fbda0f54ff1559,raw/3dmodels/original/B/B0853KZW8B.glb
73a237e1271391f3bd31a754d7225cd7bb8443c56f18733a820f5198534639f0,raw/3dmodels/original/Z/B0735W9DGZ.glb
73aac678233a24433274c25039e5f822a4070d827b58cac27b72ed2ea314a53f,raw/3dmodels/original/F/B07NR2JW7F.glb
73b39dbc7c2b5b949772132683d8f5f2e7deb65008241aa6018875f880cc5e75,raw/3dmodels/original/C/B072ZNPRTC.glb
73b91520ae4d966f67bcac820eebd708bac091492e94deeee802e3a903d1a0c8,raw/3dmodels/original/7/B0735VGDQ7.glb
73bd40e1a70768e4cce8a95f273beeef46a0bffbf12b09bd7e276e2c05c89e67,raw/3dmodels/original/C/B078JLC1LC.glb
73cf9f250fca411a18fca9eaa03501b2d88c42c2e027587551298dee52ee8850,raw/3dmodels/original/F/B075QG3JVF.glb
73d6ccf46fea69706e0aedc7fb420d3855ac9ce56f4c2791751d8b9a918565f2,raw/3dmodels/original/F/B075X5TMWF.glb
73d8ee67abb0d8a19cb55d1d55ded98359c0b8a1d6cb0d5f142fa87dc96fe481,raw/3dmodels/original/N/B07QBQF8NN.glb
74086e71f6e279860b49546993ae0e9260a23083f2b5ad493d1c7a4a25dd26d3,raw/3dmodels/original/X/B075X33SRX.glb
7409e1bad5b4880f8879b91c5621b3c2e9237103479487063eceb826dc81a2dc,raw/3dmodels/original/S/B07DBGJ4CS.glb
740fdc002a1410ecb388b98c1d0684716dff33fed3f6339ba5102f1dcd68381d,raw/3dmodels/original/S/B0853QJ6VS.glb
741af10ab3c86f1f5cb87df3c37b29482f04fbc9e605943a3901cafe181f9987,raw/3dmodels/original/G/B07J2W39LG.glb
744c2d640fb2e2022e26ddd59eb4654c45103c395cfce88dc2f0356e04302848,raw/3dmodels/original/V/B082VLJR5V.glb
745735a85ff40ff8c0d2e3bf22cf41cbf424114a9139047f977c6f2f29ad71f6,raw/3dmodels/original/5/B07RG6ZCZ5.glb
74641f7068bb811c0220b7f4f8eb13fa4e83d9b0bf7b4b84b171c1d4a5db44f7,raw/3dmodels/original/N/B075Z93N8N.glb
7472818217e381c60ee8fe550e26fec42bf54828ee6915f09c84d9effa26432a,raw/3dmodels/original/C/B07HSDY9FC.glb
748d3914721c2819f9e9b1b84d0c93473ec35ea8033ce489a6926884303a3d96,raw/3dmodels/original/H/B07B78G4QH.glb
749275504663b47ad008cf86fbfc464b5ce701ba2a4d2f1e2d82aa10b0658829,raw/3dmodels/original/8/B07JQMLVF8.glb
74971bf6932ee24a3dbd4cfefe61fed5387a07531584b6f58d63ad7fcf126c5f,raw/3dmodels/original/K/B07B4GSN5K.glb
74a61880ad563d1bc13ca09a8f88d914836468c95f2b2a31362ce2c08a2b5277,raw/3dmodels/original/6/B07MQD22K6.glb
74b36781bb1625fa5720eff756fbe1e0e24eee86f7d3248640619344338be355,raw/3dmodels/original/X/B075Z8GZ9X.glb
74c6dcdcd009e6fa3d932bc935248d2b627b0606949ceccdf5a482835db0621a,raw/3dmodels/original/S/B07DB92HMS.glb
74c79e0339d997a69ff0e6290e5f31e73c8557b6858002680830beb9a0834004,raw/3dmodels/original/D/B07QJL73XD.glb
74cb35cfb673b9c6a0105f09c229099fcc5f8eb40f5df02688ca7b3c9616486f,raw/3dmodels/original/N/B0719WQH8N.glb
74d5b0a21e5d0919a3416c41dc4a20e32305c07fcaa8d66a95e2e061bf917113,raw/3dmodels/original/9/B075X463H9.glb
74d75210a7ee540c8df0e347858aadf8a575ed91cb071b67b14f48d5108b5b3a,raw/3dmodels/original/W/B075QLD8DW.glb
74f70c2618d1cc901c5bd7e318b3df9f5f931b1c31bcc8212b7dac5dd90c88f3,raw/3dmodels/original/P/B07DBB1R1P.glb
751a4afe60c60db7609e0c9b7b05c61c4717d8129e5496698ee3e338c0f75791,raw/3dmodels/original/Q/B07BKKD52Q.glb
752ac5b8adec24272e1bfa86b977caf58b3d5ade5492f702acf37731b5d13773,raw/3dmodels/original/U/B00IFHPVEU.glb
7548bd31c89ca02e70043ad12cb7c7b4d0cd8b631ff92354e49dd3f7af3460ea,raw/3dmodels/original/6/B07B4MF6S6.glb
7548e2f6a4688ac5a29c15826cb887b118fedff23dc4fd8a19ff5817fc535e58,raw/3dmodels/original/M/B07HZ72LZM.glb
755311a0ac6537f105c330f4448b16f7829e6c0467796e1b3ff608c2692d820f,raw/3dmodels/original/Y/B07RMYWFHY.glb
75698ad1ab534329e004bc74adebead42efc757c2113266bd9e161e99514c4be,raw/3dmodels/original/P/B07B7B94DP.glb
756b8bd3da2cb68ef3519350bd797d0eaa5dce3d48f610b31401a67bc74ff4de,raw/3dmodels/original/H/B07HYYBHFH.glb
7570f60353c92e26de636b5670410ed536fc95dc93ae9506f3e6c1b1a7cedb87,raw/3dmodels/original/5/B07B8CX5W5.glb
757c2d504bb0d14293520b4ebcafc174038207f95571c627965be083e897a100,raw/3dmodels/original/K/B084W339RK.glb
75a62a3b9608fa546b44e8cd1ebf3d507bf64f0e5509ac4b59300ada8f350ba7,raw/3dmodels/original/A/B01D3C7Z4A.glb
75a995dbd6fce67c8852e1b302b29b7a9b65ee26a57b195cdc68619777323e33,raw/3dmodels/original/L/B075Z96KQL.glb
75bb869d54c6dabbe70f268038428911ca3c63c39a9cf52b4e73fe50c52b7720,raw/3dmodels/original/S/B08568W6MS.glb
75c7fecc9e935616ac193ea87883f5f7eaa3aa39d8ed20940ac4da29f1f7549d,raw/3dmodels/original/3/B075X4F5C3.glb
75d0c18a269638f215e9c81d51608ef414d7dc86309adcd759d4c8c84ee30a7f,raw/3dmodels/original/H/B07DBHC33H.glb
75dcd5bcfb373c8f4942cb0e7edcd316be5d83e910c45b24140f9cb68b7dabc9,raw/3dmodels/original/C/B074VLRNLC.glb
75de6dc922b4030970f24657349a35a1150acddc3506e555488f35dceaa47cb2,raw/3dmodels/original/K/B07P6JTZ1K.glb
75f7e2ad0cb52a43de02091a55b171deb54e9210f6f0415f03d7c1d00f2f38a3,raw/3dmodels/original/G/B07B4MD5CG.glb
7635da3fbae69a2cfd7326ba95673d4e18d6853685e3b323bc47290004b29c82,raw/3dmodels/original/7/B082Q9R957.glb
76369dd82a3e3303776febe7c79abb648e633044c1ecd318d1124242a5911911,raw/3dmodels/original/P/B0857JWWVP.glb
7638f6f8c916377bf3d6946c56a642aa9b6a5dfdec01a3c47a7bebd6dfe9583e,raw/3dmodels/original/1/B07GF7CSL1.glb
763a357dd8f543e868aef580442ce2920d7f7db66fa7da38fd1b02644968fb42,raw/3dmodels/original/W/B07HJ27HHW.glb
763de573c9440b8b5cf5ee75b82722c06a169edab477fdd15d2538dbce0b13de,raw/3dmodels/original/Z/B07GFRX4WZ.glb
76576865d0a7e94267fae2f3f5140659a8c8c5b82f008fd95984030f2203b4b1,raw/3dmodels/original/L/B075X4PTRL.glb
765929a03ee3243c67ca3841db869824a1d457a4db498eb76ad428e27201a054,raw/3dmodels/original/R/B07BWLC7ZR.glb
7664b9c9fa2cdafde069879e1be61dce11cf8e8bd18819bfa2a0517ff1951d38,raw/3dmodels/original/B/B07B4MH9DB.glb
767c46cf59ddc532166d036c0f626dd40d45bb9f93a27958a50444bdb2321685,raw/3dmodels/original/N/B07JPG7K3N.glb
76830dc404caeabead64ebf94e08a7c1f1402a55f0e34b227f40f6057c4dbd09,raw/3dmodels/original/7/B07YF1TNL7.glb
7683629fd7024283f06b6163c2a1d096512897970e34dec52f44bd4c85d5f1a9,raw/3dmodels/original/8/B07G4ZXLC8.glb
768521a0185347ab764b5d8e3c83507f325d7be160c6a9586e41bc7b657c61ce,raw/3dmodels/original/H/B07MQF769H.glb
76a5cac3abb8655c61894e058b099819c781e83403766acff7e76e44bf8451ca,raw/3dmodels/original/G/B07DBDV64G.glb
76b047011f66ca63050d43cbe9ee89bfad4a7955d6a7817d2ccbff01927f5d75,raw/3dmodels/original/R/B07G34D1DR.glb
76bd290ad08595a363ebb1cb09005a6d079f0b330595a7a8c007342a2eb790a2,raw/3dmodels/original/A/B00TS18AEA.glb
76c4beb251cb11f9e453ff3bbd56b755f1e37b9de72d596abb70447f7fb863ce,raw/3dmodels/original/K/B07HZ57QKK.glb
76ea5ce79e938860cb9b482a19576f5d93797b99f396b85b728b7887d8c14489,raw/3dmodels/original/6/B07QFB5MW6.glb
76eab79cd3699fd299d2085b57a50acd0fcc7d5c5a3b55b4fc5124be1c4d0166,raw/3dmodels/original/Y/B07MBFG1LY.glb
7704245766d0e90edd20bbe92014eef6241307d360d63c9a5189ab6be8a5ec04,raw/3dmodels/original/5/B07VQSWXZ5.glb
772c1d798556a43932fa2683a33124c396eb1f2f2708cbb13d9020c4c9fb06a4,raw/3dmodels/original/9/B07B7J8FV9.glb
77337736d3e5ec511e1cbbc493c27bcb08a0736d001ffc643626209bd6673af6,raw/3dmodels/original/N/B07HSCRFTN.glb
77352b795c4d638babe7bed164b9245a3725430ec140bb86800b3a749f63d02b,raw/3dmodels/original/P/B07PBZVNWP.glb
774f49d6a4698fb459b827a81d73b9a7d1990ba4da194e5fb4d104dc5f272720,raw/3dmodels/original/X/B07B4ZBPGX.glb
777bd66f9e494c34ff43bf618700d96c81a2e8ae4d028a777a8fe5c294c0b322,raw/3dmodels/original/J/B07QFP52TJ.glb
7788caeaa8dbeba7b5ccbf0528e7a94eb513dad0d2e689f283bcb9a14efbffb4,raw/3dmodels/original/Z/B074VLPC1Z.glb
778b0627749e73fcef9598218aa89573103a2ce6ef2352979182be873013bf7d,raw/3dmodels/original/4/B07J29N3R4.glb
77b197f4fe0b5bc419a67a230c329dcf215f1a85bc7561d805262d7d7c522822,raw/3dmodels/original/V/B07B4LZPBV.glb
77c170b17d7d7592e516e5c939f1508f0ae09187dcbe342de739f0f332391c56,raw/3dmodels/original/P/B07JKQBXKP.glb
77cb0c74dbcacf5111c9a78fe96432176f76f0ba1abdd5557773c26140922a0a,raw/3dmodels/original/C/B082VLYCRC.glb
77d37a2d0c273f733d394e331d4fff94a1f385c5ff48a5a6de3188ed9eaacb91,raw/3dmodels/original/M/B07HZ73SBM.glb
77efa285abb5893ae6a20bf04d7c2d2c569b7f88e29263a59865e8a030321595,raw/3dmodels/original/D/B07BWLJRCD.glb
77f4f88232554b7b9be83e38a16f720d39a8d09f0a04dc086f009369364ebf74,raw/3dmodels/original/K/B071W5VJFK.glb
780381cfb03a0980141d7a4d2226554a80b2fa011c41118a667ef97d3acb1c2c,raw/3dmodels/original/L/B07B4GQ95L.glb
7828f43fa5884d3f5000b9b75f5b9fdf93a25e5841acd3eed7cd91cab260ceb7,raw/3dmodels/original/5/B075YPTDT5.glb
7839480387834ac87eae44c841cd6e8f6f07bc9f0b1b65287156eafac5bf9f4f,raw/3dmodels/original/K/B07HPQ6PLK.glb
7857cea3943b295d2f864cb8aee32e20f59deb510c49db7efa9f38cba1063df9,raw/3dmodels/original/5/B07P6JWDG5.glb
785a9df355150be8ca37e02b01fb0137e65e598221e8fca6bf095846b31e0e36,raw/3dmodels/original/H/B0856G5SZH.glb
786433f76b2e08ed53b168b3b35ec750924d0f95a25d2cc8db6c4b8884e33915,raw/3dmodels/original/S/B07DBFT7MS.glb
78991d5ed43a431b67be27bda81c7a7acf61f7e18370d930d605b68ecb70d2e2,raw/3dmodels/original/Z/B07HZ7K2TZ.glb
78edf198751313956e5a569f96bcafe9381fdf94f8750d4660644539bbf46fd7,raw/3dmodels/original/V/B0831X7B8V.glb
78f3ab2907ea017f9503377131a441b44761ef5408d64f4d3b7760cb2ef709c8,raw/3dmodels/original/5/B07HSK7Z85.glb
7908c9be0edc72395a2ecfc524f6ac6021f11185c4ccecd31f191bd9d028ddf2,raw/3dmodels/original/8/B07HSJJVD8.glb
7918bcbb44376e0f33d40a680f8ecf3079ddf008b157cf6c736f34e77cc5516f,raw/3dmodels/original/C/B07ML7PPZC.glb
79231f3bfdac91075b3bf8eeb9d7757923fe70d2df2a38a5826f52aab2067830,raw/3dmodels/original/G/B07B4MDK2G.glb
7926bc506ed4ca3996d3ba6964595c5fa9c3582c6e0b7842d781c741c806aefb,raw/3dmodels/original/N/B07HSK72CN.glb
7932bca20b7aa94f9bd5abe362a8f2f0338cb77ebf9624a488c718f8f5edcf2b,raw/3dmodels/original/V/B07B5127YV.glb
793337f219f53520a6763c2eab3278421f413aec87bdd816741bbdf116219756,raw/3dmodels/original/2/B07BWK44K2.glb
793717cabaa741c0b134c3a5a20c488d6ba5930504696e79af5892f677926483,raw/3dmodels/original/1/B07QCMB481.glb
7948abbd35005eb8a3188984eea5e9e7d6bd8f60dfce8c7006de4f2fadcfe357,raw/3dmodels/original/7/B07MQF8SG7.glb
79494da712baa3d3b1724a51c4582dabcbe96124e9052f7c31447935515ed4d4,raw/3dmodels/original/7/B07JLZC567.glb
795af49a982743975774a95afcf12dd2354b2c56f95ad8c5ba759a1720ef444d,raw/3dmodels/original/9/B075QFCHM9.glb
79918c529950e006f1a684a86083c2c808887ac9650aceff973fbe10c5aac2ad,raw/3dmodels/original/9/B07DBF1BC9.glb
799c05d8e1bb11e98a8384776e92fcf75c4ba12a82b01642d46055f3cbe9aff7,raw/3dmodels/original/G/B07TDMJPWG.glb
79a457385659c661b1496129691aff47b93e9647dc5e521f0ca87bd79126a703,raw/3dmodels/original/K/B07N2YYSXK.glb
79b8987c7d6619bc7d9c7c7efe093a9e53a2832373a44ad5fd2756fecc2c482b,raw/3dmodels/original/Z/B07TTTGQKZ.glb
79bbdb6b973340ebb9988d44114082ea294018131ebf421badee6ed706c7bc58,raw/3dmodels/original/9/B07BWK58D9.glb
79c2a37010234e84aef1816c013928518427c95ded86e81728044c9900f18562,raw/3dmodels/original/4/B07HSKB7B4.glb
79c5d321cb8d92f95bd077c5db7aae095a9d2992ea1ab3a5713836ca5ed5a820,raw/3dmodels/original/1/B07B79SZV1.glb
79deb49ba746a01062c40cb04a7d7c5f600af3c27302632db85fd514ec65eccf,raw/3dmodels/original/M/B07QDL48XM.glb
79e6a564818cb3d040d4fc281b1c74f5475d8d31948304d6532705558cdb920f,raw/3dmodels/original/C/B07Y3R8HYC.glb
79eb9e261aa4ffe73e6f364fc76217a9e5dcb952d1708437d712d76325b9b234,raw/3dmodels/original/W/B07376VCCW.glb
79f6a086006696183ba5c74b84b8b9016f397f52dc8e1d90652eff954c9694ba,raw/3dmodels/original/P/B07B4N1RJP.glb
7a056618d6600feda755e49c832f4ac8bfc90e1998d883c44b2613eac3f99cc0,raw/3dmodels/original/T/B07BW8PWHT.glb
7a12df72ea385285eb7064afcf1ca327fed8ff69d6df239d4347d714eadbef6a,raw/3dmodels/original/5/B073WHB435.glb
7a3aaca2d0a3e53bf2ae1182fab3f4eabc6b7b5f6480a692d0c0dd936eb4634c,raw/3dmodels/original/5/B07VLFWG25.glb
7a7c65be93c29faeb70f384861df7fc1f1483afbfc4f29b5fe1f199842a53edf,raw/3dmodels/original/8/B07HJFY5K8.glb
7a844763c6264df2e1da92ff0879c5046a13a50e89ea8821597749d467eef8a0,raw/3dmodels/original/D/B075YMY1PD.glb
7a9c16028f21abe658aa137150b0f558682dabb87bed6ded6674acb0bb0480df,raw/3dmodels/original/4/B07B8FHTJ4.glb
7aacde101b05ed32ea73369e07e0f50be0ba6908ff73e12d312cee93160a76a6,raw/3dmodels/original/1/B075HWDSZ1.glb
7abacebd2e5b0561bcfe89f78a2f608d0092da6def782cc1b42983687fbefb37,raw/3dmodels/original/S/B07DBFQFGS.glb
7ac02366d3277f169dc6d3925aadd4223a7fe134775fdf26a0a3f82de0fae541,raw/3dmodels/original/B/B07M6PKXBB.glb
7ac123fd3d7e64e51d4d3e034f1ccb2f47f30689cd35cb57df602a342cc95d5a,raw/3dmodels/original/L/B072PWGSZL.glb
7ae562a30bb364d0bbc6628691482fc540f37cf6a1bc62c7ab4b284fcb045172,raw/3dmodels/original/X/B0754KHKCX.glb
7aef197d1dc8f801d2cdc50a01c3bf76e413f20435cf3f058120d81bfb895110,raw/3dmodels/original/Y/B07HZ48ZRY.glb
7afaf5dab52dc0d02be2c0593a40ec448ac856ffc7aa3b36bb429fcf21ae7e33,raw/3dmodels/original/5/B07B4MF2N5.glb
7afb2b345b68f57c2652c9b11506e9349a3e755886341458d8d0186b1b8a20cc,raw/3dmodels/original/5/B07B4MKFR5.glb
7afb4b82dc1b991b27734db18604d909b3910d625626df79edc1879ac1714f3b,raw/3dmodels/original/M/B07B4MKCLM.glb
7b2bfd07ca610374098381e6914fa906efc3562d5c28569e4b2d8e7a20d4e1c3,raw/3dmodels/original/Y/B07B4M364Y.glb
7b3fbda5655b5ca31f7bf206f3871e8c428553f7c2b0454c08857441e16055fa,raw/3dmodels/original/R/B07P6JWDCR.glb
7b4b8890e9b5f9fcbec2388b77d172e9869351a922ece1fbba8f5647e15f68e5,raw/3dmodels/original/L/B07DBHCKML.glb
7b59e252bb6026b92c93a0df3ebadf6635db2db60e496b90e0a71a56a877e98d,raw/3dmodels/original/Y/B087CQFYDY.glb
7b6aedb64499aac317ab2d8bdc523ceedf3090d8cb5023e7fd55fe022912ff56,raw/3dmodels/original/R/B075YV7TMR.glb
7b6c9cc1184326497a0bbf0b703b8af9dda480b64fa024fe81d6ef7e194459cc,raw/3dmodels/original/H/B072JG2DHH.glb
7b79f7bf44333713c1ea69539b4017ded2a5a614c689fe950c58e4a6ba4c582d,raw/3dmodels/original/6/B01DN8TG46.glb
7b83ae0b801cc387fb5dea3eef87f7a744a021cd4b375b5d5e89d75c27afbed0,raw/3dmodels/original/4/B07B4D4964.glb
7b904e0f60e7068fd70e99c1647d5578a86d8234a0a2c90921a90f8197661ce4,raw/3dmodels/original/H/B071W5VCTH.glb
7b928c1f38eec3b19c11787112728e7cba47d1cd0221aa2033018196bb1b8fbd,raw/3dmodels/original/F/B07QGDQ1TF.glb
7b98842fc6213ad23fc1ce3b2eb068c69a130905de2dd2bdfd6ed62b3954c86e,raw/3dmodels/original/G/B075X4VW5G.glb
7b99c79cbea2767cdd3c0f43a2a2a4ac434604fb1553aa7930591bd249fde3da,raw/3dmodels/original/V/B07P6JTVZV.glb
7ba0cb32fe1175ad0a4472fc4bb0d709b999cdc27fa7aace7a7c259b50320ecf,raw/3dmodels/original/2/B082JHMPP2.glb
7baa837145c4f0ccb3261abe9c4d507ef61bc32987809c060d92ac97eb2ff8d8,raw/3dmodels/original/M/B085FJPW9M.glb
7bc0bd0f1421f5ce566bdaf2a51fec41d705538287f9e9ed5149fe58e2dcb5a4,raw/3dmodels/original/8/B07DVRLW48.glb
7bc240787f00642bb991fa9ee7e8eb33670307c2fa548e3e5359a68fda114c1a,raw/3dmodels/original/P/B07HSBHY2P.glb
7bdf2d1ae8456caf5ad314f168792a5c6d01d19548b0918bd5b8cc7580b462f9,raw/3dmodels/original/J/B07B4D48XJ.glb
7be8ca17c2aa044decb075f6c8c78099a91f9a7484f3cb31286652610263f723,raw/3dmodels/original/W/B085FJY5SW.glb
7be900b95f9a27670873a4edf64017c59f6070ded9151403a4704b83d182f33f,raw/3dmodels/original/W/B07QHL2CWW.glb
7beeca7a2cfb544b4574870fe17ad2d8209c35b0f200f3f5839061e49071ff78,raw/3dmodels/original/C/B07B7DMNZC.glb
7c0852ffd29dced168af31a5cebe909f0dbb61e837bc480416c81b7f283224b5,raw/3dmodels/original/J/B07G2N6QSJ.glb
7c4bad102e44302118c8dc57ad2fa98aa17e40a50e318436178583b1e16494c2,raw/3dmodels/original/D/B07B4YXR7D.glb
7c50fb1ef2ea31ebd718c4d820e60d0e8397b3a3fd915ebe670ffd4956336741,raw/3dmodels/original/N/B07DBDZC9N.glb
7c660ed1a94dd6607ff83ce47521b234b56730589383118d997c751b77011527,raw/3dmodels/original/6/B07P8SV586.glb
7c6971b48cda0b0619d59dc2e41c64a41bb3acd8efc21d6486b14e51c5b51f89,raw/3dmodels/original/X/B07R17YNZX.glb
7c752e6a757918e86c4fe1d3cb2a89062a65185ab7ab3237887665a7b98c6afb,raw/3dmodels/original/G/B07B4YXNNG.glb
7c7f5f748c72930ab0c59c984f8e971ae1613e49c60f16f21b43d860260af608,raw/3dmodels/original/Q/B075X2WNYQ.glb
7c80b9f770026602507a8b1c69f8d9df8c1fe38ace3d038600957dc623438dca,raw/3dmodels/original/H/B07B4Z3B8H.glb
7c861d34232cda6b27274739427b944ee999527594f36e614a7925a869549581,raw/3dmodels/original/R/B07B4YNHSR.glb
7c870c8b371252a1aadee1bde76086ce60c9ed3849534f099a8c08c60adf3b9b,raw/3dmodels/original/W/B072M1WJTW.glb
7cb135de53d73e56cf2a7044ddac7299b1eb6e381f2cb9a608a3d59c4dcda0ba,raw/3dmodels/original/J/B07GF5DCJJ.glb
7cf5e7be9b63d6dc5f905219ad1f5a53cc97c5fec98baf279d249354c7005f4a,raw/3dmodels/original/N/B082VM3G6N.glb
7cf6a6f88cfb837f49a3c691ca382b26d8e1e801de7154587099619be05ca379,raw/3dmodels/original/X/B0861TDHVX.glb
7d00c77a1ed64fc3c2b8db31bb5a4b64d6182f77615d115224abaa6d0c6776f9,raw/3dmodels/original/Z/B073GC43QZ.glb
7d01948a205742eba7f6cfb2d0f58fa0cadd2a70b6b185e41edf8ce6bb20edb9,raw/3dmodels/original/L/B07B4G5ZHL.glb
7d0f7561e5e7bb54f27a96bb93c2e9d3d87853e5aaed0269f2c5079a4bca64f6,raw/3dmodels/original/5/B075X4N4Z5.glb
7d35ab496c3bb2fc3eab275e1186eab28289d3cc4ce2b241f5e09cdedf7922ff,raw/3dmodels/original/1/B07GF51KS1.glb
7d35bf6f2143ad4f0b5590ce5dc0e6647376bab7b6723acb5657af4af37a884d,raw/3dmodels/original/D/B075YQ8QSD.glb
7d3908b438ae1d3e0f2de4488de123e3ab576673cb46f1487c0b8e9fa1b3fca3,raw/3dmodels/original/K/B075HWX46K.glb
7d3c820332843c8e417af12f3fe463965f296a10603517ea12cc83323735b8e3,raw/3dmodels/original/2/B07PC11RS2.glb
7d4258ac16c11aa2fd40508699038471fa6a91c41768425f92949feee08863b7,raw/3dmodels/original/8/B07THCJGT8.glb
7d601230e1cef1e3ea15646fd93b700237f0bf5c27cf1bed2dfa253694950e37,raw/3dmodels/original/9/B078JH73F9.glb
7d63aee9dd11d0df2d93006fd0c7fe3a24d97132ee5be32059b92edb99ed12cc,raw/3dmodels/original/B/B071W5VCVB.glb
7d7bafcca5e1ded3b215fd21debcc578b5ecb057b0718b91fd21e9eae3be0db8,raw/3dmodels/original/S/B07B7DFS3S.glb
7d85e1c8684894ba8440ed26f28f8b3864181c9866d83488f8c63c5f0300fd2e,raw/3dmodels/original/T/B07QHKF8CT.glb
7d86ee93709743743a9519fdf4fa64933fba2d089f4f4a9c3f84ce022a3fde6e,raw/3dmodels/original/N/B08DJTMTQN.glb
7d9e5965ad8d2889db006450e2fc69cf5b58b932d1d282778d3ba20acd947301,raw/3dmodels/original/V/B07DBB77DV.glb
7dbffeba64ea49563cf5f19a87f4bedf8fe753fccd2d289c778f8aee938535a4,raw/3dmodels/original/W/B084W2S61W.glb
7dc7742992dc8d454c98bdd7d95e369f8d5faa353b62977d29c0f5b6f76be667,raw/3dmodels/original/P/B082QDJLSP.glb
7dc946646e66f2988d81b42fa66c0c337103da0f6a2afc3c8f1ff4762dfde10b,raw/3dmodels/original/W/B07B4M2QSW.glb
7dc95ff4b2efe5100ec0a15d18b1984a616ae38eb6af571cf173cdf566238cdb,raw/3dmodels/original/Q/B07ML7QBHQ.glb
7dc99bb4667e9bc7f5e96aa9a9e70a6d47bcd338c7dadb2560ef2084b6273639,raw/3dmodels/original/Y/B07124WCZY.glb
7dd9603621770ae5d927a123f5064a0a43188568a77c4b1ee0aa0950bfd9719b,raw/3dmodels/original/L/B07HZ7YDCL.glb
7dd9ee7fc95dbdccef00b62b82f5c93ef1f2abff653ce8ec71bed69e8ea9ae5a,raw/3dmodels/original/M/B07QGG524M.glb
7ddd7c592622af9e68d1712e477be89db739c622b989bf27f7f32dd6b55df129,raw/3dmodels/original/H/B07L48L3BH.glb
7df7a1071271cb013ff1cc19e27580a674dcfc63aaf5b46d0fb0e3fc89cd50f2,raw/3dmodels/original/0/B01LR5RSG0.glb
7e08556093443b1537735e1b9d3d3ece975c0357b275afd289894f285a65d969,raw/3dmodels/original/S/B082L1F4MS.glb
7e15ddbde56d36c71e66fd33a0fa367f8b16c756e400eb008c716ca422c8a69f,raw/3dmodels/original/D/B0853NLYDD.glb
7e2662d5b4fcd8b0e5174506dc079adf382fa5a176b59c8cce811fe3c41749c5,raw/3dmodels/original/8/B07HSH22K8.glb
7e30198246818a71069936a0eca5b371772ebd0cf63a5f3650f52b843bfe93c2,raw/3dmodels/original/P/B07B8FN8TP.glb
7e31919b11a9b581261502710291aa1705e6940b84c77f941f8b8a4565844df2,raw/3dmodels/original/2/B08BGFJZR2.glb
7e3efc4634477fd6336f55a37557a825b2c787b1dda0305d471c58d26197dadd,raw/3dmodels/original/2/B07RJFG9Q2.glb
7e42fcf295bf9555db790e8933bfd4776b21ce641cd7ffef72b69308058166f6,raw/3dmodels/original/D/B07QJXK4CD.glb
7e48bb535167fc7aee734b0338b6ddfc2045c5d645b54878c101277925bd923d,raw/3dmodels/original/9/B07124WN69.glb
7e562b0137b7a97a76c9dc9c8d9703260724b3f3eb08840eaa072aee3582517d,raw/3dmodels/original/S/B07JK8CL3S.glb
7ea7cb61e3ffc26213fa2fbc45d32ddba9fc58c1c9cc3e17b4c4ecd5439895cf,raw/3dmodels/original/N/B07DBFFS2N.glb
7ea9da55f2a6602f9c5686e63fd6fc1f6f29e5222e953a71d8a5b83281a9466d,raw/3dmodels/original/1/B07V27PX61.glb
7ebd6d7dae7e57f888d18955589797c7c45e7a6a7663ad4ba61bd9e2f344694c,raw/3dmodels/original/V/B07J55BBVV.glb
7ec1cb1ab31da6a94a84311111859c0951b794ccd5c67155173baa4e4ad3145a,raw/3dmodels/original/B/B082Q98JRB.glb
7ed4ba52758aa7a4f42b0f9468be1f56b76615a1114b0c2843527f8db6c37127,raw/3dmodels/original/T/B07QGWPJZT.glb
7edc2a1a8e2b960cc3c49e47e9edc7385a42727edc8fba61d0ee907400766fa9,raw/3dmodels/original/P/B07L6KPT9P.glb
7ee36caa5b2e61332ab971aef4f9eef81952a2e1ce83010ed8814117cd1a190d,raw/3dmodels/original/S/B073GBHLFS.glb
7ee6105caca6256ce4cc7ee2f32d925e914cb6b8ab6fd7dae71fa57cabec5cc2,raw/3dmodels/original/Z/B07HZ73SBZ.glb
7ef4b584a66d191b2f64afccdc5a29e21e41808ecc1c6d8ef2dea9c1ec18d6b3,raw/3dmodels/original/B/B07M6PKC6B.glb
7f3df888ab0cfcd956935a1568b4e75936c2c239bc8b616d31dd096c38a7ed44,raw/3dmodels/original/3/B0824FBQF3.glb
7f4900315ecd27de946a6ce6893508842f640e4a999c0d76e022be426ef0b325,raw/3dmodels/original/K/B07JLSSW6K.glb
7f490c7d9b856c5f988250ac8c1f0515435bd4caa429119db208c98adf2b688d,raw/3dmodels/original/1/B07B4YR7N1.glb
7f5a8b2e6582ad5a6f5e032beedbba4d9fab2f49c25fef285cfdd0573d2e9002,raw/3dmodels/original/S/B07P5LNMMS.glb
7f63e21f740f03f20bf78aebb12dc9b2aa11a1b0cfb793b90208774cfd1ee9dc,raw/3dmodels/original/G/B07B4MRKQG.glb
7f70b9d96188ab30b93c2abb7681cb07d29d3462213ff6c425b66e3ca582cece,raw/3dmodels/original/7/B075YZ16V7.glb
7f7d96660d863afcc94df5cbd0133de706bd10d8f7ea6563e19cffd10eeb39ea,raw/3dmodels/original/6/B082QDSXL6.glb
7fa899fa770f09b2be439a6b3067894b7109f80fa536e3a5d3a15772f2653993,raw/3dmodels/original/P/B075X2WNRP.glb
7ffd5bf59e795bbe991ca4ed22ce3c9600641cf81d89cb923af41b0759aab283,raw/3dmodels/original/P/B07QHYD5ZP.glb
800763597f8af3371eb498c88b559aa048e4674b3050804cc212d7dcac0eae33,raw/3dmodels/original/C/B07YPV3KTC.glb
800cf4663120ad66b9b62c1fb3224e1fde66a739f520aae68ab34bd8395670d2,raw/3dmodels/original/3/B07HZ7X963.glb
8011036b4b6ec112677c7f2222fba366620dcdd382107ca636573cca02467bef,raw/3dmodels/original/9/B085FGXKG9.glb
801e7a9365812f58e5c6b6e738fc192d17d9e7ffd4737d97ab588746abd564de,raw/3dmodels/original/5/B07BL7H8N5.glb
80278c4d6bff2a6357d8d5a65ae4ae25b4d9551c24cf8f2015e02f3e9ba60a37,raw/3dmodels/original/Z/B075Z8GZ4Z.glb
80505d9314529921790db348c055c796996aad3883f3c092770ee1faf51d64a2,raw/3dmodels/original/2/B075X4QFK2.glb
8058ff0983208d0a026572ed5d0877c4abd10be4b3fbad4648e2178ded4fd529,raw/3dmodels/original/1/B07JVNB871.glb
805e33b2effc23bf4c2c4e27f314588076658f9d8d2dc25cfcf8a43d7e132e47,raw/3dmodels/original/K/B07B4MFSCK.glb
8061e32af416731bc8059724776f61b331f92eeda500b7608511c954c7afb79a,raw/3dmodels/original/7/B075X4PT57.glb
80822c0115dab21ecc92181c581c7639b17c0f187fee5424c37dd8fb8f0351e6,raw/3dmodels/original/D/B082VLWBGD.glb
809573a7352382bacf391c53845ef62e98d6f85d9ba3947d1b80bbf0c2900e9d,raw/3dmodels/original/Y/B075YMN1KY.glb
809ca317308edf5274ada72d858f959586db70c5425c2b845ded75b8b3f147f9,raw/3dmodels/original/T/B07MCBKLYT.glb
809ee6091fbc53942713b8b1e161d53f2dac41bf91f30c737f70afe2585d7df9,raw/3dmodels/original/P/B07B4SC3KP.glb
80b05c8cf32d3b3c5ff1bd41c1aa05beca1742d7e2d7cb0b168cbdcec0957304,raw/3dmodels/original/G/B07QBMQPWG.glb
80b365b93c28fa1cfbb38dd3f4ed3d17849b4c6f5823a385f6d8c04ea4f64cf2,raw/3dmodels/original/6/B075HXJPW6.glb
80c5dd45b1ae25e870fb29241c3ce86a6d62d35c695bc8b017b97c18fc859be5,raw/3dmodels/original/Z/B082Q985HZ.glb
80c91b3d2902139cf28efc27e3cba811f8a8a689cda39e7da5b2cfd0e89ff675,raw/3dmodels/original/C/B07QJ23K4C.glb
80cbf2b4ecb3fd544b0b58c66da4008b5a4a8b58ba74aa86f76e569d134f9338,raw/3dmodels/original/N/B07TMGJC9N.glb
80d5b9c943459092863060516036c1d51eed1625e96842e7056ead9740e9fef4,raw/3dmodels/original/F/B0735TZD8F.glb
80dc80db5558b8732d7fbc71440e07e5ed97820ebe2a91d61a8d510d6b999ae8,raw/3dmodels/original/D/B0831XDJKD.glb
80e0ddb3931b67ee870ad924328b6e75db991f14ad424aa48c59a148c11d4bed,raw/3dmodels/original/C/B07P8STHJC.glb
80f259cb7b2fa2e824bc8df97ef335fcf982a61069062d8787849890433ad736,raw/3dmodels/original/R/B07YBHFPWR.glb
80f51b7c8c9b3fbce8807863a7f0fd3a3b119551e7ad06a3f5ec7241ad7b2b66,raw/3dmodels/original/P/B07QT4HWRP.glb
80f66e245584d368a3d3f732cb87e949d7432c8bdc515572731e323093b71ce7,raw/3dmodels/original/3/B0857JWY13.glb
8118621bae9a3aa06c69ad6994fa2709def28962a900af2ed69fc3cbd5d9b9a8,raw/3dmodels/original/D/B07QCMBJ9D.glb
8129bda7bc3d78da767e1f9c1590c7e9aae93c55bd81e1fc9865eec132c51f93,raw/3dmodels/original/8/B07B4YLW78.glb
812d7a80a443c778624dfc2e31f78223c91c0a1ca13b2ed00471a31b84550bc4,raw/3dmodels/original/8/B0853KTNN8.glb
812e23479dd6722a7125097299cfa20417e349988743cde8214b0766eec99f9f,raw/3dmodels/original/L/B07JGMW8DL.glb
8145e2969d197dee1374a3355d84208bff82d2472bf0c092b3340423a7baf130,raw/3dmodels/original/R/B07DBCFM4R.glb
815826163eab45aeed2179a01e857ba02ee5b297e4d78dc37747ffb43debb93e,raw/3dmodels/original/J/B07B4VY16J.glb
815cfcd0c793cce509567f131a5c3e76f2753118d059f459550ce1e283a577d3,raw/3dmodels/original/D/B07TLFBRKD.glb
815e65d34995e264a7066c9fa5983e1a8645cd7fceeafa2178ebd821bf924345,raw/3dmodels/original/B/B071J7Q6KB.glb
815e6677fb98610eee8588427ba856a4a9ca4beeeb13b4995659f4963f0a23ac,raw/3dmodels/original/L/B07TZRKLXL.glb
816410164d624a4eeafbf561837cda7061733b9f343dd0fd80f7a25b7bfbe1d8,raw/3dmodels/original/H/B07YLYRWJH.glb
8165d574b450c9df26c194f9e5663c047740124de5d5cf20f3e85debff06198e,raw/3dmodels/original/A/B00NUS5GXA.glb
817a3408f1013ba9101d4fc73a8fc20346fd729b6e5499113487ac6921ae62ef,raw/3dmodels/original/G/B084T7TZDG.glb
817a772dfe9185dc1066f4dd0e1ddc48e30ecd438518ab55938411b87feb7cd2,raw/3dmodels/original/9/B07TP4S5V9.glb
818576bcc29cf20fa0fa4f81ad804fc797782c15dc1b2aa01f712bfbaf0db399,raw/3dmodels/original/W/B07QPZKC5W.glb
818f0f91e5466531e7e8bc2e3657041442e9f1b9f4508b46fb6ef01376c03052,raw/3dmodels/original/V/B07K12WN6V.glb
81a6753db41283a7ad1cc63abc20c7633d51c84f079682401c4b1f9de2b17ecf,raw/3dmodels/original/4/B085FHGJT4.glb
81a7078b55b652537ecc11ae35d577c2daf88d1cd02f57401eff73487942ef02,raw/3dmodels/original/1/B07HYYBHW1.glb
81bb031e8f462beb28d84c90c6460f5deab1c25f54ed6fb05d3a173ff8f4a3d7,raw/3dmodels/original/4/B086JJQQZ4.glb
81be1803b42cfdc0bc51c8fa3bf58a550e1eea1ab829ceab04feab0109a376d4,raw/3dmodels/original/J/B071HSN4ZJ.glb
81cd945c36d8324ed036a7120e1267fe5337bca98aab6a8f09ab218dafe207f1,raw/3dmodels/original/M/B07QGG5LLM.glb
81f35c0308d55fcd1d9929fc0bd7cd48f01f583df22be75c3b00c7ab915c0526,raw/3dmodels/original/G/B07QGSZ38G.glb
81fbbb289fff24e0abb391400a8979dacdcc55fa5749f09822c924c4b9c257ad,raw/3dmodels/original/B/B07SHYWNQB.glb
821381d62a1b39ad92ce4bd8fb5bed76617503624986f56538177ec1167dee8c,raw/3dmodels/original/F/B07QDNQSVF.glb
8228f4667f891073ee4735307551f0fa4a1ee4f127bd717a92a135fdc7026b2a,raw/3dmodels/original/H/B07K8YVLGH.glb
822ccf10c28abd0aa9003ba270377d8481d6f29779847becf8fdc696d4374516,raw/3dmodels/original/7/B0711Q7WK7.glb
822e6597dfe3790acdf0a26b3dddfbb30b9ca898949f550858594c3948ba7a84,raw/3dmodels/original/K/B071J7Q32K.glb
823f1455babad9e5c23c04d2a4c17a193bed44c9b71083b96535c209dc63d9bc,raw/3dmodels/original/6/B07BZR1KV6.glb
82450a10171462dad3840a6170c53931fd64b5ecbe164e33f3ddc6c8896ae764,raw/3dmodels/original/J/B07JGYH2GJ.glb
825eaea5e619cc38c3b4ed6fe7e9da5ef138e9f2ea36e316971e286bc37e3c47,raw/3dmodels/original/Y/B07HZ5RT3Y.glb
8261eedd63b9967b5b5b9d9d9cc4e55deb7fe7508f56a5097821628fc1fcef33,raw/3dmodels/original/C/B0842H2F7C.glb
826c6dedbc1874f580debb34c5912716bf18967acf61b5b140503a04d6e3c34b,raw/3dmodels/original/J/B07CBP6GYJ.glb
8289e78cf0612f87a203c5837a3800d1b1461dee348bc1c4b05931698c2be2db,raw/3dmodels/original/C/B079V96B4C.glb
8296a1119d042ef760996203e18deecbf586a07fe5b8e2c2d04ba14484e89ffd,raw/3dmodels/original/F/B07HSMYNYF.glb
82e70045ff76b3d76658206737adfcaae4a11012e4bdfd9603935c76028c0891,raw/3dmodels/original/S/B08554ZRTS.glb
82fab3f249dbd1a2c6b3bdf87383844e98c5c8dadfe4e3085a039c408ef90d96,raw/3dmodels/original/L/B07VMLDR8L.glb
82fb1dee6c83e51db6e1ff6757f71b60dcaddc8df1123e5d9b4b96671dc7a73b,raw/3dmodels/original/S/B084W2RH5S.glb
8306012656a02482a06e682cdd24696e70329eb44e0240da8db268bfa6333da2,raw/3dmodels/original/1/B07YBHC881.glb
830b266b021d45a23794b1743edc77701e7e404033bd29029ae4e87e44550337,raw/3dmodels/original/C/B0876NZQ9C.glb
830edac48fdb1f2d0ccb419d5ede598f90c9c55cb28d506b3b35144a6794a79b,raw/3dmodels/original/3/B082VLYF53.glb
831d771c25385b010414169dd5a248a82e39c96c6d66a58edce92bcd79d05090,raw/3dmodels/original/F/B072C8Q9RF.glb
8320d96032aea41d8dc946aa810b362137f3a0fe53ed64b5e059e98a49bd7eaa,raw/3dmodels/original/J/B078JM9XSJ.glb
8328051875e17291c0782b271642398cbb0342ad8ca650a0f9f37569eb0415fc,raw/3dmodels/original/L/B07DTFBDTL.glb
832b754c336b3adc817b154323b94e865b559970d5808d6b1fc6004fc1ba6238,raw/3dmodels/original/M/B07QDNT1MM.glb
832d59660d8fed7069b92f13a1d6dbd6ac8cf14297f38607b4b3c13c54d19556,raw/3dmodels/original/1/B07PX3CC31.glb
8332ed01d472549d8f71f92b4738a5a2a18d06fe2a6a5b57052c9d572fe88960,raw/3dmodels/original/V/B07DC1LJFV.glb
835053a3ad6525f6c894fe5bc4ff860a9d98a596fcff3fe5047b6a7ff93acf24,raw/3dmodels/original/K/B085693MWK.glb
83567b014c8e5305ee6f1b8d61edfd760761c9cfa62546b0931899b4b3bd8504,raw/3dmodels/original/H/B085FGSHQH.glb
83688040520dda45fa746cf86544faa3422bace90c3d7686b9c5b035f0f8bfa1,raw/3dmodels/original/L/B07SMSB64L.glb
837adee875a7d4140e6becaca3c55266fb9e82cff773c32bd0b0f5eaa0e65997,raw/3dmodels/original/1/B085FHBF21.glb
83881ce4e9f7b71ffcca8ae1e119f71ffef76fbb581450d181d3cda22f71a981,raw/3dmodels/original/G/B071ZLY13G.glb
8393e91d54516f6011939f1b9751cd253126ab3a2c063921ba3d9933a50d5fa8,raw/3dmodels/original/C/B07JKTR8NC.glb
83e37f3d2eb00965a0ecbdcc23a8d89b7d4a76087c7127371e47bc96dbaa1a95,raw/3dmodels/original/F/B082JH65ZF.glb
83fac4bb2d7c39137c3dda7c8d303f14b22e61f644cc42169c1d4d2d05168f51,raw/3dmodels/original/2/B07DBDX1P2.glb
83feafee1bc23d89296aaf5f9b4a9d911132335d98f15a1a30eb3c5f021165f6,raw/3dmodels/original/Z/B075ZBL75Z.glb
8403c1610b298608ea12940c7e338a27696566e8f796cdbbef21f7dcd405bd55,raw/3dmodels/original/2/B07HKGY4F2.glb
84083188ff52991e301b2c4e54d6427a582a6aece54317f409e7db376cf73637,raw/3dmodels/original/7/B084RYTDM7.glb
8410fbda78cd0bd1131aab79f219be8a5e43e1f6c0b612be38a743d2c2dd7324,raw/3dmodels/original/T/B0853J9LTT.glb
845f75ed969990260cbc8892d4f105af2c9eb4ffdd3a343dc71b6b95d522f4d9,raw/3dmodels/original/M/B07QFP52JM.glb
84673143337b37d25a38896ad006eb6d8441222da9a5ba999c3d319f07cc51d4,raw/3dmodels/original/7/B073GC43L7.glb
84769f92074f80da19cfe0f5208007ae17acba399d14e491539610548e391509,raw/3dmodels/original/P/B075YQ46MP.glb
84991f1532b5f634405c4f7bbd3da4067809b1be713f7dd176f660996d80ff89,raw/3dmodels/original/P/B075QDMWTP.glb
849ab9aaeceda490e731479515fcd0da6368f9e714f74b0beced5acb59ad9482,raw/3dmodels/original/L/B07MBFDX7L.glb
84a1b59b64332354d1cc5690e1a9259590fc79d43c80f0e0ee2aece6527ef31f,raw/3dmodels/original/K/B0857JLP6K.glb
84a31deec84aef5373828c347f67769e567f0d6f51c6cb5f98560f03e1141681,raw/3dmodels/original/C/B07B4MRLNC.glb
84ac1311036050b579f03a7995162e2e5aa0ecb5fdd7ec5c8a5d57b8858bbc83,raw/3dmodels/original/6/B07YPRSX86.glb
84f60913d8fbc18927661eb68219bc7dbe99781cfd844f44c9430c5d07318cdc,raw/3dmodels/original/1/B07Y3P85T1.glb
85005ad90f109003480236b6d760998af83465b86d927ae4968ce58cbd6deac2,raw/3dmodels/original/Y/B075YQXR2Y.glb
85095a17ab284a2d7c700d6d49f2dfdb133436f2e3dd9f9713890ea11c0a2126,raw/3dmodels/original/R/B07GDSF3MR.glb
8519ecba9a31e52f31005457299901452bd5dfbdfcd6bf34e1c8e11de378c7a7,raw/3dmodels/original/7/B072M1WJC7.glb
851a1f1715bdb62c7c2aea8b073c47decf2d488fee175d734f97f1921838a4c1,raw/3dmodels/original/F/B07QJCJ6ZF.glb
851ceb0f204a35432488cf6c04ad7846cc24dce09c0e60bac4eb13889d8f61ca,raw/3dmodels/original/H/B07HP9976H.glb
8524ecb23e0f01fe5a296df69df837e2b9b43a6dbb0667efc6e424d0ace0d54f,raw/3dmodels/original/S/B075HWMC6S.glb
852af25cd14c7c266d5ae3974c17ad0369f384028d1ac9e24fc5aaf084b365ad,raw/3dmodels/original/9/B07QJXTGP9.glb
85361bdfbb56aa9aad469c94689928bb114e461dc29ffeb61f90c8607b011c94,raw/3dmodels/original/Q/B07B7J5XSQ.glb
85535656cb5e8a2082d04974a6e7cf3f3daa0b44640180259ec5d23973a1d2ab,raw/3dmodels/original/X/B07M6PK8HX.glb
8554f236c94868687408312ea1c610856dceada63864c3423620f6d8ce8689b3,raw/3dmodels/original/H/B07MBFDKTH.glb
857fc04e24c564e156ceb1fe15ca8f8535052a582af2c5a9f94192cb10abda18,raw/3dmodels/original/4/B07QJ1WX64.glb
8595952215d8dce70f4a2fb85984965939795ab0c9a11ca2ae1f7879597fa083,raw/3dmodels/original/V/B07H3SY51V.glb
85b0b013f8d76b8d5f0cffc2385250f196d48cb3f89f4d37dc84651a90e36e9f,raw/3dmodels/original/Z/B07RJWX5CZ.glb
85b733d92427645d4e9872656bf909a83856fc46026c8aa864ef018d8c6a2ef9,raw/3dmodels/original/2/B07VNLBJM2.glb
85d213547fa785c2e2aed83132de53cbb21b49a03ac5641cd23b9c314baa5583,raw/3dmodels/original/3/B07B4MN2R3.glb
85d870f501f9bdabd0f8b59a9e5abf0c6f554e64afcab95830b97b910db0bd8a,raw/3dmodels/original/Y/B07DBK2NXY.glb
85edd16f692a304b4fd09d4b0e61acb99ea111b7af49c0ade8b273d08dd1c658,raw/3dmodels/original/Z/B07TP4SSTZ.glb
862396e1f54a0db0288c17634650f674dad25a37bf1aa41c24ad08e5661eb9b8,raw/3dmodels/original/H/B07HPQ358H.glb
86280657481055b2f66ce1542789f697a6895253b475ef1b6779e89ee99ef22c,raw/3dmodels/original/3/B07DBG2663.glb
8628919d41d0394ac90d1963e893cc20eeec9d37609d5edd20ba3db8cbaac9e6,raw/3dmodels/original/F/B07RKK356F.glb
8635d5897c25a5ff3eacbfa8119413d8676c1779207a393348e61ca560d75ed1,raw/3dmodels/original/3/B07B4MCSF3.glb
86465239d9a76697e9d88680456d77075bc28afc2720dc8a9253d0535db6ffa0,raw/3dmodels/original/H/B07B7DL32H.glb
864683b5ddc6243dd17e9824f030be4bd019aa10b69ea1139488ff5e35f577b5,raw/3dmodels/original/W/B07QFP4ZXW.glb
8664ab9aac5c659de45b2dbf589570a190c84fc09aea7d1612e57e1d801ea05b,raw/3dmodels/original/2/B07QJM1BV2.glb
86a563efb27aa105738f6d79c941a4d216e9ba696d96186527c58bd18d7c9a73,raw/3dmodels/original/L/B07B4N1MCL.glb
86b75853efaa3695bff38402bb4549f8ec2d8a7d08926445a697c9f44abb1924,raw/3dmodels/original/1/B07J2LR5C1.glb
86c87501144395824f5bfd00cef336506d0d6580ab24ca863929426d2d0fd72f,raw/3dmodels/original/V/B07B4VY14V.glb
86d321efd67453a7c00a9701400f9c5e37f19efd12f79710a469c8a3a2b096be,raw/3dmodels/original/W/B07B4W2ZRW.glb
86da78fe8ab14a5d433cfca97ecf8fdfd3a0a56243a1b6227f3e4688e972f8f1,raw/3dmodels/original/H/B07NS3QCJH.glb
86e4a68212116c4feaa78037484ac00b00495270a29b8934caac9caf6a2117cd,raw/3dmodels/original/L/B0853NYVYL.glb
871060e7b0bdd265eee2056915d6d06faad07b3c982c39b32ae455376479b3ca,raw/3dmodels/original/D/B07VNL9T6D.glb
87343734ae93f265f4ac52d0502a9a4108080c425a8eeceda4a3b21643480bad,raw/3dmodels/original/K/B07TYTPQ2K.glb
873897c58bac98165d3c348601353f72f0d5d436302ef1da96369ff94995329a,raw/3dmodels/original/H/B07BW8VJ4H.glb
8744e662d0cdc0f349cfb0bd5af099bccf8fcd7a2faaa43d3b7f07d06ec36411,raw/3dmodels/original/3/B075YN3HB3.glb
874bbcc57eb178cdd59209887c8a1ff27d56d19db894968c7cc6ea07e53d799d,raw/3dmodels/original/W/B07F4D1TDW.glb
8753ba1df00124f566eaabface3b22ae7a77cb5f45e38376f9117752592fa648,raw/3dmodels/original/A/B01LR5S1WA.glb
875f73651d3310736e9f54791be4d55a21e563032f7f6db69823d8e8cc84f417,raw/3dmodels/original/Z/B07B4W5TQZ.glb
87603c601d7a7e17159bfdd8b812a90b2a083ff38f1e39e72f67ffcbbef615fc,raw/3dmodels/original/W/B07BG69MRW.glb
876099c33b484a73e2c342f32aee52b2e96ad6dfbe2404cc8b864f25986769bf,raw/3dmodels/original/6/B07B4ZFC76.glb
876e8fb9e4011d523a2fb00219ab6d62e7a763ee40d19439610c5695e443ae39,raw/3dmodels/original/6/B07N2ZJYH6.glb
87748fa45da066cc892c62bcaa3f5825fdb4f7c0782a4b8b76837bec5c610c57,raw/3dmodels/original/4/B07GFWLSS4.glb
8778f1dfd4b1ce7f7bab1e4ba6f708dae59d77d8296e9298d45b04fb5961d661,raw/3dmodels/original/Y/B082SVPLZY.glb
879261a5cdabd3e929cfac5c3ecbdfb8180063f5f0eae7e47b2f3026a057f14c,raw/3dmodels/original/T/B071P9WJBT.glb
879eca4e2ddc75e595ace3fcb7e1b39f4dc2a2c98eadc6d87ddb379ab33fa45d,raw/3dmodels/original/6/B07HZ65QC6.glb
87af87a106dddbec6e472e8986d976319385333391140638d7ccb0dfd34576c8,raw/3dmodels/original/6/B075X2WN36.glb
87c068deffa9fb6a8fef47f28a38da5fbc70a5a47c2d791d32e3f38b5cc88601,raw/3dmodels/original/N/B07DBDPMWN.glb
87e899c388db3e66d603afcadca32d8e3e9f6f249f068df36189d1bb65dc2646,raw/3dmodels/original/2/B07MF1S1Z2.glb
87fab479b9369e5b6c8f1139e2d9ba929dd48deb668f76a32c44e5103eee2844,raw/3dmodels/original/F/B075X2FW6F.glb
880608c693df4580bf7605350042a00d345b9e1863a3c112cc94700892096cf9,raw/3dmodels/original/7/B07DT6BB57.glb
880cac2ba4f8deeaa33cc20a6fbee5b5a99a1e70a342d999c7decd178da2c5ee,raw/3dmodels/original/X/B07B4VXZZX.glb
8814606c283a48063e09a638e8d81851a30d8dcce7c0f31e5ce7dd07c5954f0a,raw/3dmodels/original/4/B0831XKV24.glb
881f28e134f809745a28bf0e3f1ed88a8f421dbdd8d758f918dbd049d8af58e9,raw/3dmodels/original/Z/B07K7K7GTZ.glb
883a847971ba96caaa3b2d8ae6510e03983e3a9870737350f9680888a7f85c68,raw/3dmodels/original/J/B07PBZL51J.glb
884c4459713074384f6d543af729f63cb02f8d88ff69eb16d37851b6e92d1201,raw/3dmodels/original/P/B075Z9CWQP.glb
8853343e3102b3d4b0f9533f821b05911686caa361ac7b4140a36008c30ac839,raw/3dmodels/original/H/B07B7HFYKH.glb
885416bf426a31e7ad4f6d115cbf5bfed0f085eabfd5747d0d8d2bcc7bc1884a,raw/3dmodels/original/5/B072PZVYG5.glb
88694ae437b7e29db229bf2a02976687dec31a492fff1b71debd919282b56aef,raw/3dmodels/original/M/B07QCQ1J7M.glb
886faedd6df40817bc330e0588aafd1b7f6e96cc1c25f586ddecaaba607cc14e,raw/3dmodels/original/G/B07QGSZ78G.glb
887d74375397ee81e432681f5d1ca7bf55805cf5a6128063825db3a15b272a51,raw/3dmodels/original/L/B075Z8PMML.glb
8881440ab8c8efffc157532f963c883b6e749c938b279c5d02071cc3474b75fd,raw/3dmodels/original/Z/B07B4FZV6Z.glb
888a4f6dbd090f53561ddf85421808e3c844e1ca1b41f86fc6e72962bb54f59a,raw/3dmodels/original/Y/B07YBHVN3Y.glb
88a9783a87632452e12b0a61c4902036ae966fbeddaa48ab3b4975d746eb2f10,raw/3dmodels/original/D/B07MDJM5QD.glb
88b1ae3eeac058697051edfb619db163e519a807438abfc14fd8f324adf8b3d9,raw/3dmodels/original/R/B075YMW6VR.glb
88b76d555741f724841b3128a5cd3ce72bcbc8586559272ea2dca858d369ccf6,raw/3dmodels/original/M/B078JK89KM.glb
88bc75132a1aebbe5d4621a4646299d4824ac6c875e9597756bad3f51a26d976,raw/3dmodels/original/E/B01LR5RVYE.glb
88bd1834cf6bc1d072da2e19a50bb0ccc2ea54a8db2908321081d817d3becf7a,raw/3dmodels/original/M/B07HSJY1JM.glb
88d7a68557cb1186b40c832dc0be157ebeb5ad9f12fd16f3081e9a66824d9c2b,raw/3dmodels/original/D/B07JKJSRQD.glb
88e0f30498007ada81749ce1e73c9530e76be411d7328770deadea9a93b9c0f2,raw/3dmodels/original/M/B07HSCN9RM.glb
88ea2d73b4bec4ba2fc3defbb5caf71ea9cbc6352917a15936a241c9a67d1b6f,raw/3dmodels/original/N/B07B78M4DN.glb
88ee725b15ed3563d988048e29d425e7fd437820821e140fbfb8ee64b8c2dfd4,raw/3dmodels/original/S/B07B4SC6SS.glb
88f51b06fe454faa84516cf52a4bc0954e4bc38aee2b7b75613433a5fce9fbb7,raw/3dmodels/original/H/B07HZ72L2H.glb
88facede1c0986c1d824ffe41e587f764135aafd1ecbe90f58af56a5e2ba2d17,raw/3dmodels/original/D/B07JQYHQ9D.glb
890e11fccdd8bee9dd9ba2532a7b5cc37041efb21589695d4ef8dd352a2cd585,raw/3dmodels/original/8/B07124WCH8.glb
8917f49e54692ae6b947c2ecd669e5ae143ce88ce66357c0454e509b615484e1,raw/3dmodels/original/K/B07JQZM7KK.glb
894e508ac871d0db8849e90f671fe79c7114fd5f3fa4e18d7bad2df83bd27813,raw/3dmodels/original/B/B07QPZLFCB.glb
89500eae85d908d1bd000f7ff608cc4823ee857ca4bc111991e3800bda7ed89b,raw/3dmodels/original/5/B075X4QFF5.glb
8960c716e0eb493cbac731876553297b2d62621653a63f899c142ceb8fd0cbb9,raw/3dmodels/original/L/B07B8K1DBL.glb
896ca65a0a50bcc115b19678c40293f6890ae65831ec5d6546be5de1efbcf403,raw/3dmodels/original/T/B073G7BVCT.glb
8985adfb8ecaa9a5e1381cd2a23f34923f6d609a354999d6c0607e98f3642c89,raw/3dmodels/original/G/B071LTB14G.glb
89a9a5392b8806176e5e8ebb9b48f10d4d377bf6b13701851201df01cfeef8b9,raw/3dmodels/original/T/B07JKJSTYT.glb
89ba1b5ce1b7f1edd485bd83a31d0070290b14d96b4823dfb96341ee67f85456,raw/3dmodels/original/B/B07QFB4DQB.glb
89d19e3a32703279fe6cc1e9b28996fdef5a1733c777ece5f8bd9b8de0409738,raw/3dmodels/original/W/B07HSBRV6W.glb
89ec8315b80a4d7d2f3c38e30099435b5f5bf90837026b11dac3e6a3d1fa4f38,raw/3dmodels/original/4/B075ZBW1S4.glb
89f06680864d3d497184bd95e803393e94157fed5e3f98782106e0c0459b983b,raw/3dmodels/original/J/B07MBFCRBJ.glb
89fac24678c6932dbe9ebf40e7ef95171ac0bf969cce9e9761a9582003a5fe49,raw/3dmodels/original/V/B07H8JWNLV.glb
89fb702e3f85afd9e595058c2b467d17cb60d2ee6d232ba861cac21a375f294e,raw/3dmodels/original/2/B07HSLXH42.glb
8a09261701e4daf2d8149514b9829b90694a8f96cccaa61631e0e366b0394f53,raw/3dmodels/original/Q/B07VPNXK6Q.glb
8a187437316c7f7e2eea24508ba34a3e7de56efd2074eb15c903b85be17a8bc5,raw/3dmodels/original/5/B07DBHCKK5.glb
8a20b29ee6bcc842514e1e45704eff797a102d31146f5d053c6dec3136ecd4ec,raw/3dmodels/original/M/B08568W87M.glb
8a247526281adeaea00ddc65df267e0a5b462d4ff5f296f2bdc47d5b207ba7a3,raw/3dmodels/original/S/B082JHGDTS.glb
8a31d556685fa641baccf533a4c12c29cc2cf6047aaeb2072c5dce3dc583dcf0,raw/3dmodels/original/F/B07PXG7ZXF.glb
8a3205be858ecb646a276c3229c93213e87d5fbf6296c0383b5600f87cc51eb9,raw/3dmodels/original/Y/B085GXH67Y.glb
8a4864e1facda26a069aedec503415da82a1b7baed643d6c021b60d9075b847a,raw/3dmodels/original/X/B0836YQ7QX.glb
8a4d9f81766c72ff00d99fd4b1054f11c108b0f45a60dab5f7e9bb1f400b6a1c,raw/3dmodels/original/L/B07374SBFL.glb
8a5075480bad2221751cc5ea9a22948b81f0cd053dc9b6e76044a4a8857661be,raw/3dmodels/original/H/B07BWM2CTH.glb
8a532167f2ff37c57c54b6a53ab53358467ca603b5d60ea27c9853e2e90891fa,raw/3dmodels/original/L/B07HPD63BL.glb
8a8033098d791378823c456f2295dd467a797aba622a7060228d3761bbfcd858,raw/3dmodels/original/3/B07XGQ9RM3.glb
8a85d36b0719dfd10c5c9cb2bab63ba326191df91793d262d162bc496d8d7c82,raw/3dmodels/original/Q/B01M0ZVGCQ.glb
8a8f703339d8e7b3f932d58ef8bca989b7097d8067167ad5565e15ac227a25be,raw/3dmodels/original/Z/B07F4PXFWZ.glb
8a8fdda039c32b444d5403154323d523c68e30423a69b56d6b2db19f0143a65b,raw/3dmodels/original/2/B07HZ6GJC2.glb
8a91db08b87ce389af91b5a058ebb455f44b2af348134f0eb830908e53b59c6d,raw/3dmodels/original/C/B072FVHSSC.glb
8aa046eccbee2c53828bb4f3197e86b563aa4a35502205be7ca0ecb59704e427,raw/3dmodels/original/N/B07QGWM3FN.glb
8aa15dbe6baa4732ed043637fe5c5d829accd63806f0e42940616c5a286c622d,raw/3dmodels/original/Q/B07TR63RWQ.glb
8aa305e3b904a86f664de6f75c98dd0fb6f113d08a8347ba3189bb15a60a452f,raw/3dmodels/original/S/B07PBZVP9S.glb
8aac1d8eb71e406167efa599bdc0520629a8241798628dcb789adc5733a3643f,raw/3dmodels/original/7/B07B4L6C47.glb
8aac25bfd78c41b0b1dc050579f62bb1c908f27fd42da375d80a0306f59dfc65,raw/3dmodels/original/G/B08DW41H2G.glb
8ab4f11dbfe35366f49e4378a1899d658547575149d85d262e96a4f37c856e75,raw/3dmodels/original/4/B0824F6HZ4.glb
8abc6e51b8c859fa403ae2e0022061056dfd90b78cb9c6df6eaf6912c2437334,raw/3dmodels/original/G/B084KD1LWG.glb
8abe75a2d93934f69cfd5ebffa47bf3c571841f5ed7a0c0ec7cfe77d38cce0c8,raw/3dmodels/original/5/B075YMN185.glb
8ad1b0dd47410232ce4ab767cccf3776206a2c022f5a9fa26fcfb82f09e482e9,raw/3dmodels/original/Y/B07HYY8ZGY.glb
8ad54b174809cb5686b50b712b58ce7564d3d482202dd470e722efd100b5a22e,raw/3dmodels/original/B/B075ZZYH4B.glb
8ad71c00c24605ee3602e8ca56f449a7e1927e2592ac2edaa23eb1c250793a75,raw/3dmodels/original/1/B07B4MFK71.glb
8ae9dd23d40bdc1964ad641d09769107b83af8aa3a10edda4af37249f89e43c2,raw/3dmodels/original/J/B07HPQN9ZJ.glb
8aed689ef41ed06a89ce5c02e1ee2b9e6c1b9f4154eb7bf8cf9a69dec54fde6b,raw/3dmodels/original/N/B075YQ8R5N.glb
8b0accd7c475c9e5b10aeac8fb3064dc4bcf0579bf9b4cbcd4a83b2771bf91b6,raw/3dmodels/original/5/B07TYTR8J5.glb
8b21cd75284f59b6721e3fb7b38dc9ed50ee8f023d6c5566b9a5df11b76d5532,raw/3dmodels/original/C/B07B4MTFSC.glb
8b26f54508a441c7249719b5d83c3f76d54a47a6b0282010b93e682402cf0dbc,raw/3dmodels/original/N/B0856FP72N.glb
8b37ebb8c925121c3f0fb306bb4de683c3b91efa1aff50bd89f28d7957762368,raw/3dmodels/original/J/B07SHYRLNJ.glb
8b424a1b5e21c0232df1e599104617f6975503b8024dda1780f4aec2a17dc772,raw/3dmodels/original/P/B07B4MMV7P.glb
8b457e58ffdd57340e4669b3afa2e6aa0c8e79b95a8556c769f6d675a9675e6e,raw/3dmodels/original/M/B07TF7XYXM.glb
8b5af2d97303329baffa0a8a3efba80afea108cc7c091f84d30269f7b184c2e7,raw/3dmodels/original/B/B07DBFM8VB.glb
8b5d5976a1d968fdc0f16d474109aa5e6e9c62453059f645fa9386b1bc6a6074,raw/3dmodels/original/T/B0728KSP2T.glb
8b624887ca3a6e46bd4c39ca657bbce7aba6bf80e37fd8ce18772886425d9141,raw/3dmodels/original/8/B075YQ4778.glb
8b6925b37cc160c5ad98fe3cfceb612236cef3386e57d46e7b04aad6f2d6afaa,raw/3dmodels/original/L/B07RWCQNPL.glb
8b72cdd17a8bcde254a6bcf4a8a9166fa42e40bc299634a3998cde98dd38d76e,raw/3dmodels/original/L/B07B7DMLPL.glb
8b79872ee4dc1d5bf8feb8d92a65e4e51f613e0da0934537ed1e83e350c5645c,raw/3dmodels/original/9/B07SK9PJN9.glb
8ba4498aa8934d61cbe1b74d27308a59f4c9ddbc2a4d42ee61e40460463ff8fc,raw/3dmodels/original/4/B07P8STD74.glb
8ba6174eddf4c5efaafdd3fb8ca917db749d1219150dd69a30776844b95ee0c8,raw/3dmodels/original/G/B07HZ61DWG.glb
8be01d9bb89c849f2f4c65104d533f5acb8dbcca96fa3f11160e186286889303,raw/3dmodels/original/9/B07B7BJK89.glb
8be305dc3a724cadc0e749020f2d075a62921f91135c132b669e5211d4a174f3,raw/3dmodels/original/T/B07B4MSP7T.glb
8be72588302c7fca9ca1156c31c72f2ef54455bbba85e0fb7cfe25e12c265aa8,raw/3dmodels/original/D/B07B7J2VCD.glb
8bef95f88a8f67108672872a96e9a0198deaeac1c5686be9dd813b0b985de9cd,raw/3dmodels/original/S/B07DBCMTCS.glb
8c02e2967a3791e43552b81049b86d7dbe58920f0f0642a72dda6fdd34d902bf,raw/3dmodels/original/S/B07FM3CDYS.glb
8c03357546e84bc086b3265c0796aa0f1d920a9bf0c1012a30fd65b395be72a5,raw/3dmodels/original/L/B07HZ75R6L.glb
8c0a1e9fb35ad03ddf83f305dd6f6b13a7080f83655755a254229659df759622,raw/3dmodels/original/Z/B07BVHL3SZ.glb
8c1384cc09bf6e1d5d45048b6c02523b5990922197fc11e3f8c7f369adcababe,raw/3dmodels/original/Z/B075X4PRPZ.glb
8c176ac34df157fd81c1298e174c81fc507330b660f8a63dd0cfe451b134a9d3,raw/3dmodels/original/S/B0746H4BNS.glb
8c24113e2dd792882da1ca6f7c39a12ca44a263744edac92fe5c76d06de83d38,raw/3dmodels/original/Y/B07TWLVLCY.glb
8c3c31c54910d7b166fc5c20ec35c38e2649c62ef6b7ba533f8a193e1d359e2d,raw/3dmodels/original/Q/B0761YSFNQ.glb
8c4361fcb6a1f09a7c8afe9c770dc2cac5794360564b1326c37fdd76e30c317a,raw/3dmodels/original/P/B082VKTV1P.glb
8c5ad719473990910ff9e665b369489da62c4514a74b2ab7442176b47ca9bfd8,raw/3dmodels/original/N/B085565X2N.glb
8c83fd6e83ca0a0eddb88336ed14b881965b1a99e3260ae74fda10922e8aaffc,raw/3dmodels/original/C/B013OWRNDC.glb
8c88d74e7fdc71ec395dcf8b293be864d4522839688425de75b9d2c661672a42,raw/3dmodels/original/G/B084W2DDSG.glb
8ca5df371461502464860d6c5cd9e9710072506090f17a44628c66baf4d3f843,raw/3dmodels/original/Z/B07MCBL19Z.glb
8cb0872259a69210c475269778823a348d73b68257147f6c5090555d87c8601f,raw/3dmodels/original/K/B075X4HZXK.glb
8cb395b0bb19de9ccac81d6f7f4b5c7912201da60c87e4dd20d3f0ee36bb2e9b,raw/3dmodels/original/9/B0824FBQC9.glb
8cbd5d8eeb8321f91a262806f89c1fe972658de88324bc444c4afaf94cd80967,raw/3dmodels/original/J/B082BL4G1J.glb
8cbfd7559e0f8e031b24fe6f3c5193b2d3c18078ac1878ddf4c75d364368b38e,raw/3dmodels/original/5/B075Z7HQK5.glb
8cc0e1574024cc6b9cef362db924a04375bed50369cb138aa4851078267275a5,raw/3dmodels/original/S/B07DBDPMRS.glb
8cc52d9b48eb40f6908ad2cbacd615798d7fcc992d6136607f9788777d1c798f,raw/3dmodels/original/P/B07B4FZJVP.glb
8cc69d400e740b7293822e0ee9674daadc31551cdc0667cae0ef3d71784ff2fe,raw/3dmodels/original/Y/B07HSMVFKY.glb
8cd94da1ac80ce8f8644a10119f0fa5a22a77368e123ae576c6ed20e29f59cdc,raw/3dmodels/original/4/B07JK86YC4.glb
8cf0fbd18de9f8266aac94bc0718b1fbd1f5f99d38bd0970ae9161277bf11d04,raw/3dmodels/original/3/B07H8JNCF3.glb
8d03eda2f69c48d84362c37bb50bd9729b8127c6b0e1a2bb5db399e9ef1963f1,raw/3dmodels/original/4/B085FHCKY4.glb
8d0c5c76381f4ec13cf9c313f2d6a2f2daa2554b5be8b11a1fe33f62b0b5ccde,raw/3dmodels/original/S/B07JJZ288S.glb
8d0cd1b1d3b6e305d5340b1c9ef6dee19aba0f7dc94493e334ea32d90f4f0fac,raw/3dmodels/original/Q/B07B4SC6PQ.glb
8d4a704a7e494d3148eb0a9effd1e418be96d9e01d828cdf6fe90c0f3ba68152,raw/3dmodels/original/R/B07QFP4WFR.glb
8d5854ea53cfe71844f40e20f96320eab18160273b6186cdce2f464316dd3154,raw/3dmodels/original/T/B075X65QPT.glb
8d5f3bd2c3cc728ea2f24f585a433f1925ce56141891b802f750acc4e33d1403,raw/3dmodels/original/2/B07QFP4PR2.glb
8d627c33373a6b73c41973f4e2288bae32e1b70c2001c174a11c0e2abd4761fa,raw/3dmodels/original/B/B075YNJQLB.glb
8d6c2b6f0cee6df17858ee5c0068a293a67d444ab8e11ba12dcfde713bc65dad,raw/3dmodels/original/D/B07QBMQQ3D.glb
8d78b1f6e6416e59b2d5d048b380619283155758e5bd94306c4a56a3e8ca69d1,raw/3dmodels/original/Z/B07DBB1T6Z.glb
8d8570bb9394852199f93a3d4a0935b12dfac624fafa7f328d6c48ede2d1a601,raw/3dmodels/original/8/B0853NQPV8.glb
8d9082d83be81ee24832a33642876bd1a94ac0ede0f9021abfd3572b25fef731,raw/3dmodels/original/J/B071W2SCTJ.glb
8d912716b63435a366998048741f64365f7f6ee91277cb9e46bd1de1c7beffc1,raw/3dmodels/original/H/B07H8V7P3H.glb
8d95ee9cb60a99bd5db62fb56e0be32a74814556d3db1500f2ac1f25dd02116f,raw/3dmodels/original/9/B07B4M68H9.glb
8dade9427268aa5c8bd72bdce572283e8063645faf278060dd083c7de445202a,raw/3dmodels/original/R/B084W2T4QR.glb
8db0c93f551b79aa06d5255a23454dd3d2fc9eea0eaecbd9a03fdddb2fe21d8d,raw/3dmodels/original/L/B0714QGRSL.glb
8dc62748c25563478aa514121d7cc29d495d563fd991feb46d10cf14372a5d84,raw/3dmodels/original/7/B07B4N2757.glb
8dcef166c9f2249efde3abc6911bcc6ef9ff0fb6b2d08a2ac9a2b166421224df,raw/3dmodels/original/X/B07B4VY12X.glb
8e06bba527c9635e1750ab7ffba3e81c737c7aaaa3ea0982254d42743e3c15fb,raw/3dmodels/original/P/B075YQXR5P.glb
8e108744055c6bc7e014820e67941c9e812dc93913bab99c4672653a14970845,raw/3dmodels/original/1/B07QCQ39N1.glb
8e2230d68852600c24fbc96a16e00d5c60194e71682cb4fe18d8ec038f05f0b0,raw/3dmodels/original/B/B07DBJJ5QB.glb
8e2674fe829c0bc2612324070503634f244b25136c76c89205e7a04529ae79fe,raw/3dmodels/original/G/B07DBFT2YG.glb
8e2f7bf48f0eb1c3dbf2087ed11a057d25f9cd99f37c2cd2cc85aab29275605e,raw/3dmodels/original/K/B0719STM8K.glb
8e405679fcaa1aac7111f4c79cfa133f1aea8c08c6fe1622cf35442942b7b5d8,raw/3dmodels/original/M/B07QDNRB9M.glb
8e413af56dac9fb0735b151cf414f036b27b53784d99031d91300974bb1f7968,raw/3dmodels/original/F/B07HSG7KWF.glb
8e432be6077cf4475bcb35a19edc839105d20a57e7ad47d9106395046dd5e699,raw/3dmodels/original/F/B07NXTMHQF.glb
8e463f4389f39d300ab22c1d6015db172dd50e6b7464d0a976c6cb75882a857f,raw/3dmodels/original/9/B08568FHP9.glb
8e46d14a2abd6facc37a889d611a7e3e4b4cb1f1d476d7967690ce9662a7ab7e,raw/3dmodels/original/6/B07BL5QBY6.glb
8e66803789a92376efb9fc2fffca695562db8cd99d66e950c33227a2da7b122b,raw/3dmodels/original/C/B079HYXWPC.glb
8e6d7333f4cf6b0add4213a60bb2587a83c6a20513b86ba3a8afc026ec9e47ca,raw/3dmodels/original/H/B07B79GMHH.glb
8e8528d886be0fec4f0ba781710d2b1de2c30965080478279d1416ce3da5de7d,raw/3dmodels/original/P/B082L7ZMZP.glb
8e8a27e20388a4edd6d2c71d7844f882f99a130ffc218a5b02648546930b1396,raw/3dmodels/original/X/B075ZBW1PX.glb
8e8a3db7d6613c5ad6e1c81531f127991b19fc71bac7f2247ce32fe3a4ce2124,raw/3dmodels/original/Q/B075X4F3RQ.glb
8e91dde21f7c83a15dbadc8d3cd0ecd8aadbc6762f59bf9bfdba5361527f19a7,raw/3dmodels/original/V/B07DBHGHRV.glb
8ea1d521939eb98b9e22e35703813921ee1ad7b9f31435190dc12c72322aa0e4,raw/3dmodels/original/7/B07QBQCG77.glb
8ea390846d2584caf5d6f9ae646ed9ad5205f222935e1ff391928d64b57d7cb8,raw/3dmodels/original/F/B07XGQ9QJF.glb
8eab69f56ed25b669240399850170a2ac9945a85b0824d3245352b07c05591e2,raw/3dmodels/original/5/B07QC8CGK5.glb
8eb3cb9b33d03d132da1c9d2b1697d24253bf6d00683299574c2788163135eac,raw/3dmodels/original/2/B07B4MN1L2.glb
8eb736a70aeeccc05e5873887b2bbd8246bdd5236a7a64686258487c63acaab1,raw/3dmodels/original/K/B075X4PT6K.glb
8ec05e8398c62e5c20be1ce2d0acc190caba7d9301f33c97fad8bbfd517cc668,raw/3dmodels/original/M/B07B4L589M.glb
8ec0fc47d478129cc674a46a38d8c23934761b8ddf2145970475cbd0d4a9ba40,raw/3dmodels/original/2/B07DBLN3V2.glb
8ecc29a5f5f44eef4a52a32f98e0a1b3b7ade37bf6fbcc7fb0e7de3fb529bc45,raw/3dmodels/original/L/B07QDL469L.glb
8ed77c0f33e25bd9d244c51b2fa6ce5b6e99d065ffe22cf01bb48e59857d65f6,raw/3dmodels/original/T/B075X4F4ST.glb
8ed891e1757bcfcde5d12d688f07bc6ddef68c71ec91beab3f0c53b2ea67c354,raw/3dmodels/original/9/B07MCCSGT9.glb
8edbf1afa9c56df095b5dd17929663a58d716533e25ccb01d8572dc323df55a3,raw/3dmodels/original/J/B07T9FMK9J.glb
8ee6d5dbc77eea9bba875637cfed56e226852014f04920104bd3cf4cd4a40f34,raw/3dmodels/original/1/B079VKDKC1.glb
8eee83b1cd2ccdb4bcaaab060fe85a431c58ccd3f1b90b163a4ffc2a90554d1a,raw/3dmodels/original/2/B085FJ1W72.glb
8efdad05c1070bb8104426bd3d3e1554c29cd4f8ad57df29e9b05f9d48896955,raw/3dmodels/original/M/B07B86VTVM.glb
8f07a8bb5a3cd66af36528dd42e7eae9478a58d374a27cd6a8421e0d678c8144,raw/3dmodels/original/T/B07HZ1RYNT.glb
8f0af08e75e843fb13453be2c7a912e807ebca8d0bfbd3907808abec87f4cc4a,raw/3dmodels/original/5/B07B4N26S5.glb
8f0fbc9eb271688d1297888b30d15c9b37b90c508358a3ba2d5383f03ab43ccf,raw/3dmodels/original/L/B07B4M384L.glb
8f144aa88fbc7e67e9087b60fae8797aeadbd2759c6c46b99c1017648df2f6e6,raw/3dmodels/original/F/B07QHL6PLF.glb
8f1feb7b90ebb6a3bd5843696987aa6be70686b6ecb0d4359254d244c6f7f028,raw/3dmodels/original/6/B07DBJJ6Y6.glb
8f2e8a3e6c1678dc92b77dcca55336882a489491895d3465eed5f0a53da6c986,raw/3dmodels/original/X/B0719H3KTX.glb
8f46a1883bbac10931d5b2bdd4299fdc2e5b5be4997ec918e7c7fd07e367673b,raw/3dmodels/original/F/B07TJVTZRF.glb
8f51f9db9255643a51fbef9cdd674e802ffc6ca157fdb2c9166cf9fb075cfc32,raw/3dmodels/original/1/B07B4YXRH1.glb
8f6c78e7ad3ec26ea5a7e95f0711c71f0e39b9325000e0a0f25d3d9c20e355bf,raw/3dmodels/original/X/B08569F1GX.glb
8f6d64e2148db35fb9262d0de2a91e7526d8b87e8cf93a5645916a300575431f,raw/3dmodels/original/5/B07JLSSYT5.glb
8f89a77eb0c09a72b7f2a05cd822277220034cc2a1284a39f8f411073e7d1d72,raw/3dmodels/original/F/B075X4F3PF.glb
8f9942a111ffbb02f1a0918e07453bece47b2fae8e9c7926255a28f9b2426e63,raw/3dmodels/original/B/B084W32QVB.glb
8fa9c2b71d720d83ca3460f88e742b7de903962f500b107337f299b2007969f5,raw/3dmodels/original/L/B07B4MF2NL.glb
8fb4b89029dbaf0c5aadc9e06c2c21430117027b379f62c2b427a8a22e1d8573,raw/3dmodels/original/M/B082JGV1YM.glb
8fc62319ffa066084dc32afaaac2fd98d2fbcb26e8ca885838128636d3745036,raw/3dmodels/original/Z/B084W2RK1Z.glb
8fd4ee132d2346756931598f7d3fea83b1f3b296c6d8915ab9877b4db9c32a20,raw/3dmodels/original/7/B07QGG3PP7.glb
8fd7cea1fd3ec8d8b79c8b1694da40854f26dabf6c80034349a9a4be7e69cbb3,raw/3dmodels/original/D/B07B8HYSLD.glb
8fdfac042b0130d046b3d967794aec26abe11dc5bc4722e97c9a2c85f69e2dfd,raw/3dmodels/original/4/B0746GYH54.glb
8fdfcfd29f6ddb6fdb0e34d80eb81108ab30d3f190e97703055c4c85c1bf1b80,raw/3dmodels/original/K/B07DBG44MK.glb
8fdfe8f2203c607d5f523a4fb86e1e652ef4ca5aeb6fa5a7ff2ced722d219a4b,raw/3dmodels/original/F/B0871D4XPF.glb
8fe8dcb0fb200d7ad5e493a526edcb7001e13179f883e83a5f2ab4ba834a7880,raw/3dmodels/original/7/B07DTFBCZ7.glb
8ffee753e8d8c2773173f376dec98c9e910d6ff3ab764f4dce54fdeac17da664,raw/3dmodels/original/3/B073G947W3.glb
9011c85113a3ec82aae89c521f4629998eb8d48409d61a36c6f06cf7d356f31d,raw/3dmodels/original/O/B01DA8QJYO.glb
902f20ddaa469624b2801d2c0b661d8c3bd2842f871001d6f602c1cb62ee9ff4,raw/3dmodels/original/S/B07YM1CZMS.glb
902faba59c932ea1f9800807353293bbff1fcb6406e0ef91a3370c35a70c57e5,raw/3dmodels/original/Y/B08568YKWY.glb
9036bdbd6b6fabe3f988fadf5ae61cfefcd6790836506e5db8eb3a78eef819b6,raw/3dmodels/original/5/B082DP8455.glb
9052f513d97bea28039279ed755536ba6d04a338c9ab0b1e14486a1daf4d6777,raw/3dmodels/original/D/B07HYYJKMD.glb
906437b79f0e94546a168ea5543dc2067100f1de7dae31573d02d538dc6c2c6c,raw/3dmodels/original/D/B075X4VW4D.glb
90811cf9f4b707b94d17061e8bbd0a37c51d36bbb74f6aac28b1dcc981df665d,raw/3dmodels/original/M/B083YFQPPM.glb
90aca629849e3727aba5e4a678016d6f62419b8bcae471be2fc3e3b693647e00,raw/3dmodels/original/G/B075X43FMG.glb
90e027d632af4255549d0e9245a6743e477a28058b964cd6dc55a10845e2bc69,raw/3dmodels/original/4/B07HSK3534.glb
9109f56a5048e6438ee622aef6254d8fdacad60101529198f9c607169514a061,raw/3dmodels/original/G/B07ML7NZQG.glb
911846a88ca35e4107d1769fb01718637059ad4f43a773c1cd781f138b59442f,raw/3dmodels/original/M/B07MF1TDMM.glb
911db756effbceb1476666b26289128356fc6cfbbb43da1d9a877d3f855e94c7,raw/3dmodels/original/6/B07F2LZ3G6.glb
912f6aa653cbe1e4ea056abd54842a751c534aae31fcda6bc417fcdc986c5109,raw/3dmodels/original/C/B07B4MTCPC.glb
9131125ec80679fa19ce7e7b2cfe8b544d44cd024706b9b8a4114b10e0d25111,raw/3dmodels/original/C/B07B4YXRLC.glb
9135a20456958c2c717adef1097d16b17b3fe2519c1ca539e2a202833d3a851e,raw/3dmodels/original/B/B07PZY2G1B.glb
9139fac2b75bc724a82d1fbb1821081137043155d2f748b30721de981b02fb69,raw/3dmodels/original/Q/B07HZ7SMYQ.glb
914086df7aef175c906e821f22be8bf6aa864f9caf0b4305e15c94ef6938a99e,raw/3dmodels/original/W/B07K4YTVKW.glb
916f080577329fe2466e08b8a94bc09e292cc770b484cc41bd069811706f4a2c,raw/3dmodels/original/3/B0857JM2Q3.glb
9170255cefa8fbbbe261a79219eafe64638ec42c4f496ae405fa1ae0c56fcd47,raw/3dmodels/original/C/B07P5LP5MC.glb
91921565c604f1fc84fa4b06907eda669d4766448f528ccd526d074dc97bc7ee,raw/3dmodels/original/H/B085FJW92H.glb
91cbfd77614c7aec43c179f3c35e97278bc4086049a52185a5cd366d93b1bc9c,raw/3dmodels/original/P/B075ZCLPXP.glb
91dce1e62f34b62528b46c5b94458e39c8ebe47cf4ad1f90d92a855baf121580,raw/3dmodels/original/8/B07DBGKSS8.glb
91e3019d56976f817982c4188483dfeb775152eb6d110a7e369b97aed8cee01c,raw/3dmodels/original/R/B07BWMQQDR.glb
91f57c6d653d4810804ea2ce43a0d4aa96976ed422230badaef9b15129e9402f,raw/3dmodels/original/9/B07B7B2429.glb
91f6cb5f97a5dfed1e266ac828a3ffd936fa67db6be220f28bf118d0523e6314,raw/3dmodels/original/C/B071W5VD5C.glb
92043609c660158e0d10502f32563b0cde04cd4d9d9f4b91d9f9e188e8f50899,raw/3dmodels/original/K/B0831X3W8K.glb
920832a45e6b0acbd08b4c2cc817c036678762c4cb01f511967e79cd26f18135,raw/3dmodels/original/N/B07B7LL5LN.glb
9212f87c67109050044a23a8c70e4c3f6e13f220ba373f55e8e1d089d64c23e9,raw/3dmodels/original/1/B07GFS1V51.glb
921923b361fec61a9136893dc3a12491395baf001d905efed0e1c05afdc4674b,raw/3dmodels/original/7/B075X4HZS7.glb
921b6368983f13529513f22d9a33213b28fc56b887a027a57467fc3ce4ea384f,raw/3dmodels/original/Y/B07L6MD26Y.glb
922a91097f8b7e322b13c7790b74e2f94cb1406a3144ce9d1dd8e97bd3b3e68b,raw/3dmodels/original/P/B082MSJRDP.glb
922df5666e48fe83c05f922e08e0969f4804a4ec451221e02449a121ffc7a92f,raw/3dmodels/original/5/B075X4F3R5.glb
922eb76d08c0b600f30f2e7017dab9d2bdad8c5aae49dc0751a7be0ce0f0af80,raw/3dmodels/original/K/B07B83KVGK.glb
923efdaec5859396172715c234cca63a37766be46866cce6b9a709a357e678cd,raw/3dmodels/original/B/B07DB92HZB.glb
92532824f84afedb4c52554ea4d684282a36734e5613a469ab1b718554e71c24,raw/3dmodels/original/B/B075X4F5CB.glb
925dd5679f5683af65c891c717fb85f4bc900c580d9d5014061a706cb21401ce,raw/3dmodels/original/X/B07QHJPJFX.glb
926cb75f78ec70e05326a835d13343ecc9427aa666144cbd9c1acaf2182865b7,raw/3dmodels/original/8/B07B4ZM3N8.glb
927d2a5b8bb22b2a33933b5a4d154cc9c4d5c7b833640ab20b83a655d195ce4e,raw/3dmodels/original/1/B075NRDS91.glb
92824d9d072800d88b1c33811ac5b4c41d1b484bebdcf8bb5b12ec6912e02e68,raw/3dmodels/original/Q/B07DBGHXWQ.glb
9289c4286480a93e18979956e92a52de3c91576090d570356d816076ea31fa8e,raw/3dmodels/original/R/B07QDNR85R.glb
928ef3d6ef7fbf23a8bb842350833506f4426e19a566f58ddfa1442e5e1861a1,raw/3dmodels/original/D/B07XZL627D.glb
9293310388f8c9dcec7d03462d53027c774ef44b1c219d7b8f4ab5fd1b2e090a,raw/3dmodels/original/T/B071SLGX8T.glb
929ec9c896b6920be92cc48d9bab8fc02f0a1a52c8d680ba1859d0aa4fe197e0,raw/3dmodels/original/G/B073GC43LG.glb
92b04aaf96d6cdfb9a19e88da594381dbde1abe12795b0f48d696086a9d750b4,raw/3dmodels/original/Y/B07HZ7829Y.glb
92eee33e1516cb2c37858a14fe7d9b158be87bbc8b04d6b9b572b44991e41c0c,raw/3dmodels/original/N/B07QGSZ4LN.glb
9300fb5d0843aebd3b38020e03686bfdb1226171870bb8efcf0b6d8b09f7b3a3,raw/3dmodels/original/P/B07Q2MF39P.glb
93053ca687e46f6dd6c0a9495d98eae502e4f6857eb71d9a9a390271a92038b8,raw/3dmodels/original/9/B075X3SHY9.glb
9312eb3c046f90593059940613c1ee6f87817f8fb7cb0ed12ed7a2a4bf123215,raw/3dmodels/original/C/B07HZ1LXVC.glb
931d9d4bbe051b46d9e600dccf1ee9ac9fc56814c720458bc4f993ea69523475,raw/3dmodels/original/W/B084HV7MCW.glb
932b1b608354c237c2920cf17b7db10faff4184d04d27772a142e13127cae62b,raw/3dmodels/original/9/B07ZVMQ9B9.glb
9342b374457100aed74ddf150ae23a8f780b956eb022455e2f0ee4c5171eb847,raw/3dmodels/original/F/B07B7B3ZMF.glb
93466c2ab5061c0bb4b8b19ebbee26acdc0d5200ae8fb0b91955e11c6ead4626,raw/3dmodels/original/B/B072C8Q9JB.glb
93474c12e30e1cc882ed5f2d6b576b4e0cfcd9c4ce697975f02b9f3f2e3caff7,raw/3dmodels/original/8/B0842L5DZ8.glb
935387d77c040a283ea59cec09bdfd155b1e3efa419b8d213a0c539886fbbe57,raw/3dmodels/original/F/B07B4W5TDF.glb
9358a2ae0ac999ca4aff255b57b512d09735bd32b13a773878fec0fb7880fd1d,raw/3dmodels/original/G/B072FVHS9G.glb
937a0dee6f9b61be76ad5f8ecc3c1083b46b54c2a3bbe452c6f7f8186776eb0a,raw/3dmodels/original/R/B0856FPS6R.glb
937d4bf412baff44c1bd98b355ccd8d4ab68bbbddc056ee5b38f1d346f55c403,raw/3dmodels/original/F/B07QBQF7QF.glb
938b39312a12cfc103aefaaafc36542a6c1fb9c9871eced4acb7ad14f36e1184,raw/3dmodels/original/7/B07DB92L77.glb
93accdd9e84fd03638e64e669fc5b08efef6683d2240d1708f0c03e8ae2ecf16,raw/3dmodels/original/X/B07B4W31CX.glb
93c897d6b59a9c1cc877150e60c4bfd3ac78a0cadece13b7015cf01d03fa345d,raw/3dmodels/original/C/B07DBF3WMC.glb
93fd778097390eed71eea3df990877a17e6275eb1af184a92feee05d5cb7adf9,raw/3dmodels/original/5/B07QFP4ZN5.glb
9412196285a602a0130e86cb0f7ddc9482cdd950d28d26b73b2172284f85438d,raw/3dmodels/original/V/B07B4GXXDV.glb
941e1dc763df5d1350b2c3e7ce18072c15332c8a2b8ae4f85b39175d9522f5d2,raw/3dmodels/original/W/B07WJWRDFW.glb
942d9686eaf1539eae3a73ff25da2a2d8d9dbb21b734685dc8b3b994f7f4555b,raw/3dmodels/original/M/B07GNNPB3M.glb
944a6da764808a2d4613add13f70de12e5eb15ac1901332afe99bc6c87732821,raw/3dmodels/original/8/B07MBFCRD8.glb
9457f8b368ff96f9064cbc3d2b4cf9bfd58e6d9a8cea8c1b7d3f94db3775887e,raw/3dmodels/original/Y/B075X2X4RY.glb
9469ded50cb6b0c0361d029908c60aa581f1e836e31f7c1857f3b601f88be1f7,raw/3dmodels/original/6/B07JQ4N7G6.glb
94838573489c3821df84c2a2e1e6b8c34f227846647e1fcc5c3ef43586435721,raw/3dmodels/original/D/B07QBQFF7D.glb
94870eedffc256df398304e69db08215c073913b0c52400adbd540fae27ff4fe,raw/3dmodels/original/S/B084KD18YS.glb
94886bb8ca8219c70a1082b3587cfdb7564a1d8b3f9a956befd9a7f0cd7e772f,raw/3dmodels/original/X/B084W368LX.glb
94b451d72572db9c0eecf395353994877da3247fb8fb3cb69be9ce4e6c978f86,raw/3dmodels/original/H/B07TGQHR9H.glb
94ccd85a60a8d0ee95a1ac66eb779d0f12920ff679dba16c7c7cb401f9bc1d89,raw/3dmodels/original/N/B07BWJFQXN.glb
94ce91712d081972ee7b7e72b350d7c8f7579aed31b6c0592845a677604b8dfc,raw/3dmodels/original/N/B075YZYJQN.glb
94d7a61061df07984458dce789364a93eb2e6af20f4f8d5d6bb574e6e682905b,raw/3dmodels/original/8/B075X4PTS8.glb
94d8ad2cf817fcd33e0e72787e9aaa7b2f292e06b99593390528a8c90fb8cdb1,raw/3dmodels/original/T/B07F2X89KT.glb
94d8e0a09bd081d6aec8c23b2f0bc5af4436ca85b2571c4893d7bd5eeb7bbfc8,raw/3dmodels/original/T/B07L8DT2XT.glb
94e95c16c8b67498c07d5f4f0abeda52836c177529963670565a96e6260cb2e6,raw/3dmodels/original/3/B07RMYJYM3.glb
94f281898a0c0f32ab35ea15206ff390dabc5b0b06c6857ec0ae41147b238bff,raw/3dmodels/original/X/B075X4HZVX.glb
950ecf222742ee473c57bf70f173e61ba98a7a29e691ac1330e3a2ae61b155bf,raw/3dmodels/original/C/B07DBGKSJC.glb
9524918b562a40e555b9a25f1637b673b6668485084c2007eaf8fee226b416b6,raw/3dmodels/original/X/B07HSHXVZX.glb
952e20db082bb2ee75ae4229e50b7de0dcdd7977e4d6d85da0b216fe484a4b93,raw/3dmodels/original/2/B07B4MF6P2.glb
954d6b07db0b666a130759063a221e77adace156e7f5ca9cc0f405dd83a0a3c7,raw/3dmodels/original/L/B07GNF6Q9L.glb
9551156b8855ea964d4e4aa9023d9318347b608dcd20c31826413c2339a41abd,raw/3dmodels/original/S/B07QR6V9SS.glb
9558c7617353c82a9e67ade60bc02e38fbe2d6b78c26b0ca1ac7854758e9e4bd,raw/3dmodels/original/M/B082BL8QJM.glb
9563ffdbd66192acdcc49a6151c9433464722aa4c872041a7f6fb4379c89f657,raw/3dmodels/original/2/B072Y2MRY2.glb
956622be81ab58ff7b721da887270cd3f0ba39a2412943c18a49e2576bde39d6,raw/3dmodels/original/8/B075HX9T68.glb
957bc1e1a63aa751540b3736dca27e11bd2ce1c151b2d80aa195ec40413fbec1,raw/3dmodels/original/C/B07JLGC7YC.glb
958a2b1766c6f3524a1bd4423041e4c71c282deff6559e179f45aff7e24344a0,raw/3dmodels/original/M/B07MCBKT3M.glb
95956f8459ebb69e3f443f86c577b10df5d4b096c21a193998ddba3927cafcf4,raw/3dmodels/original/6/B075Z8TDQ6.glb
9599c511528052e40f5c86540dd1fa14e916380d0a269043f668cf4f05dd182d,raw/3dmodels/original/Z/B07HSF19JZ.glb
959a59ce40b46819ca5e8902d00826ec9ff1414c619ff658d81045604dd8ec51,raw/3dmodels/original/Z/B07BWK7K1Z.glb
959e64b177d0c959aa7585da5ba8e8b4232845a891ad8f33074a9f34978448a5,raw/3dmodels/original/8/B07B7B6PL8.glb
95aaf56a943d6775ac6c1fb4b69971634b8bf6d85f5ed8d0b3f8d3d1daeaf0f4,raw/3dmodels/original/3/B085FJWNC3.glb
95b2c0eb5a4f0ce6c3b5e3b70a8522481a87d62c0104f7dcbf42fefe20c11230,raw/3dmodels/original/2/B075X5HBB2.glb
95b7cc71cc8644aa3506166e67965c2a6571d9c8fde218182dd26a6842a521a7,raw/3dmodels/original/X/B07B4W81YX.glb
95c47c6823ea0acf46e4f179734b48fc7acacb2593b54d5d94eadc99a46a3300,raw/3dmodels/original/N/B07DBFK7YN.glb
95c5c30588e1fb2902312be968261e56a8f5aeaeea50c98be46f580951a0a985,raw/3dmodels/original/W/B07MJJX2KW.glb
95c90be329e5d3c05fcc53cab9585763aacaa8754aedf4792cab1af6a14b481f,raw/3dmodels/original/X/B075QDXFTX.glb
95cc0589f69e70a02a89d54fd01658196ea8484a88e73a0d09f72fea22b8787b,raw/3dmodels/original/J/B07B4MPXKJ.glb
95ce394051fee1b14e40b18b36c20adaf02cd5292fb3d38080acaf27d1e570f8,raw/3dmodels/original/1/B0857JNJ51.glb
95d0b83c649a66d7a322baabc3ad131e1187bf9a29c4ced9bb634c032cad362f,raw/3dmodels/original/V/B07P5LN39V.glb
95d86a7b58588f1725b34dfabc686cd9bc4add1c2c9a0f6519e96065d1b5ff4d,raw/3dmodels/original/8/B07TTCJG18.glb
95e79968d8111084e50b775dafd1cf16f6405fbcc27e507e1f20682418404090,raw/3dmodels/original/1/B07S24MY81.glb
95e912bae15fb960d6f8882e3e72e46bbfff44ad027750b40847618ad089e830,raw/3dmodels/original/7/B07RT64HF7.glb
9607c641fa8884158d6029a6330d9c3ab5d50b879df114602e9c9d27210c9ac9,raw/3dmodels/original/3/B07JGPKYD3.glb
961ebe5315a44cb69d4de502199e4d01189d834342351a11d12f67214a6bb9f6,raw/3dmodels/original/J/B07G2MTKHJ.glb
9628343f8b206a4db83970ba51db55171e00389ed5f7e1314b5168f4ed23cb0c,raw/3dmodels/original/W/B07BWMQQ3W.glb
962fb633f6df85af543dc201c342da19265ba85f06e86636c225dfa69fc898b3,raw/3dmodels/original/P/B07TVYR62P.glb
964cd659b6df688fae3dd02edd08bcc73c2cc2528dee342e9927c34eab8be152,raw/3dmodels/original/1/B07HSL4TS1.glb
964fd1ed254be861a1831d2fac69b59a39d94ed600e428299e15f9edafb759e5,raw/3dmodels/original/J/B075X12HWJ.glb
96596a1e78b5361684e1f64501d98ec3ab09729e48455584d23638306811a193,raw/3dmodels/original/G/B0824FRXYG.glb
96896a5ed0905a6b63556dfec68ffaff02bbafbba98739d7ff7b200f5eaf056d,raw/3dmodels/original/4/B0853P1X94.glb
969fea376019ef522231bcd4b063344a91af06da39e66173c686b1ff7e645800,raw/3dmodels/original/V/B07DBDZ2PV.glb
96a05ae16ef00e335f48a7bda1caa83c5be7ae54ac9ec0215138d482a930c250,raw/3dmodels/original/T/B07QD6V1VT.glb
96b5e12b3da83dc9844b318541aaa05ff4137945abc098f54a4480d5e420a12c,raw/3dmodels/original/M/B07JLZJ9JM.glb
96beca5835222812e3dc74f1718f5b964ae7f9d58fd26c10aeaf47a473059c8b,raw/3dmodels/original/J/B07B78LX2J.glb
96c09ff8b532ef569d4e3acb036e7287884abf6e3b9c5f7457999d81edf181e0,raw/3dmodels/original/3/B07B4Z7MP3.glb
96cd8ce22b0dc55e9f7ef8d2c963140a3640b5f3116384097c1ca173f6076232,raw/3dmodels/original/8/B07QF9Y248.glb
96d291c44a2ef3d32a4029e436d57ef79e251cd14b98a496da3a4d97bdeae78d,raw/3dmodels/original/F/B07TR659GF.glb
96e8ce8204e6fb3daefe523acac4ddd708646a197cac2e59c719021c6ae30bde,raw/3dmodels/original/X/B075WZVRWX.glb
96fa194026427bd0a0e567738bf8387afd78233a13a3ec67905a1555fd9959a7,raw/3dmodels/original/X/B07MM5H3HX.glb
97244b14461bc3288ba255305a335139a24893d27726f5b14f3dec1ac746bd33,raw/3dmodels/original/8/B07HSFDTH8.glb
97261e75e174ac0f115f7fa7e36a50d26117a0686759c7cae24ba7cb4e94a527,raw/3dmodels/original/G/B009S7IZWG.glb
973167fe2af34eaa3437259806198fcb11e98c2b236bb1eba74ebea294bc82d6,raw/3dmodels/original/G/B07B8JXP8G.glb
974b755f24df586f12f1d336844c7b5e8d61de22b3f17deb98ec244551fa8926,raw/3dmodels/original/Y/B082VMMBJY.glb
97521aa38b6f6e2bc98fed3566b9e4d6f6e473aa8435a40833e3071f147491e6,raw/3dmodels/original/5/B07QHYD995.glb
975733ab5b1677d41433fa8a6abdcfa006ac0204c79979c19c988ba4302007f5,raw/3dmodels/original/C/B07B4MRKSC.glb
97595863160093e9300fe4dae46ec9bdbe9127499125590cbf3784cabb070db4,raw/3dmodels/original/0/B00XBC3BF0.glb
979bedba19ab5a7a150c7f4f17ae58be6d2d2027f0aba02feb7d1b98fea9d2a8,raw/3dmodels/original/K/B07PYKQNKK.glb
979fdb48d72d0c5681de0a163bfd47f7fea4bce2838b04e0589d10ea1489b678,raw/3dmodels/original/W/B07VMLFY9W.glb
97a9b176c0ed171cc3f568421639b97e31a554b75859e525dcecfcd21651f4b5,raw/3dmodels/original/P/B07GFLD8VP.glb
97b3c3d50500014865e898d0396fad5a70419fd17d00f63c668f193ea122c115,raw/3dmodels/original/N/B07TZRJSGN.glb
97c1a7fbdba578ce3e8b9286b295a68cb9665309f8b5a9c45a481d1eb039b0b1,raw/3dmodels/original/C/B07374K53C.glb
97cf17b58c06f82bd516f4b635df102a2dcacb4d583edaec99e03c06807f365d,raw/3dmodels/original/J/B07SX37BVJ.glb
97fa0536ee22fb9cbe9350f376d4f6ff910b8cddd3b65bcdf46e591b4cd41df6,raw/3dmodels/original/R/B07M7NRPZR.glb
97fed99470f4cf7d346cb218d37c49cf6cfe96dd2c607c2932f5afe9e65e8778,raw/3dmodels/original/7/B075X43FJ7.glb
98085d42a83739c119cf3c6e29b6499e1ac6e9a3c25806bf1aa17317011ea3c3,raw/3dmodels/original/W/B079V7XFKW.glb
9818ad4f4f0926a3d26cfaca982e32ddf3064e7120b97e626ec7bffd3ded9b1c,raw/3dmodels/original/9/B07ML7J579.glb
9826679c0661287a030a14bf9e3b2a6e9de1deb5dd36c450beec4329336f5e9c,raw/3dmodels/original/4/B07B78M4C4.glb
982b0bc80eddba928f77630ba96d41773e9a28e7a5969014037c6cccdde2fbdc,raw/3dmodels/original/3/B075HWK9M3.glb
9835d10f825737f543cf98a8b18d346f08021d4615367e1f37dcd174e9e474c4,raw/3dmodels/original/D/B06W5XBL3D.glb
983b1499bae5647dbc61d340ee1c05673dd7ca8008e0ecc4e1cc2c9f22e6600e,raw/3dmodels/original/W/B07BWMSQ3W.glb
983e0899eff376c53e952971e9073d95e4de278858d3e555defcfbe50016e81b,raw/3dmodels/original/7/B0856G64W7.glb
9850b542a2be4bdbe2bd093c3233c8133d01fb30b58cad54275a2634c134f5e9,raw/3dmodels/original/4/B07QBQFDP4.glb
98692575bcfa18257144abc3da24a47918384604b3330067c3c9c650164c3528,raw/3dmodels/original/K/B07HZ58T4K.glb
9873b0c491fed4fdfe89bd8ec1c8ce148aab0770c45ba6cc33eda4fd2ba5f7f9,raw/3dmodels/original/J/B07DMB75TJ.glb
98900e1eb3fef53c12c3180dade3f20ba9bb24b1de616a8154421e226f8a6f00,raw/3dmodels/original/3/B07MHMJD43.glb
98c846015284fe5e149bd19453a95a2b15681e2e4893c48aa75e923452dc0d25,raw/3dmodels/original/G/B018K6NSIG.glb
98e6d1d5ca7f50933d7de3e921a952c00e65b38dbc5a857b309dc7182683e235,raw/3dmodels/original/D/B07DB92HYD.glb
98eb098754c182dfe81e701960566324071754a2f234ad6755ca808beb438c4d,raw/3dmodels/original/G/B07B7MWMCG.glb
99015fd065f5d773e1ad42fd68c9ce0b8ebc2cfae3c4af93ae1fdd524cbc0fe6,raw/3dmodels/original/R/B075X2X4SR.glb
99144cae745a8c6f13e9e00909d00f0b7d02c23fb84820915090285bbf95cbfe,raw/3dmodels/original/R/B07B7BDFPR.glb
991849c39ca6f0feaa4bd0511d896eb7e54457ae5437ba4171b28a3d3ca22aab,raw/3dmodels/original/3/B07B4W31C3.glb
991cd5d231cc5a5f4e6d7ac43247a2e525b8231ac9130e58c7cfac9fa7e7e86e,raw/3dmodels/original/G/B00R3MZITG.glb
9924b9451be8cd7ca9e3dd9306cc23e3b777b08f977ee0c422fd1d809a671af8,raw/3dmodels/original/7/B07BW8P2F7.glb
9958c5d5b6d97bae34d5112d11118d9cb9fa7d53e5f4cb1142af943888904592,raw/3dmodels/original/D/B07MCCRNHD.glb
995df9772cd9c6d41dfb33545f4044aa441bbb56a0666cbfaef67a886aa7a923,raw/3dmodels/original/7/B07HFVKDG7.glb
997c4ade094265126f328eb238210a83ebbfbee2ff7a7a69b00a9c2d0b0fd67a,raw/3dmodels/original/C/B07B4ZQQNC.glb
9982b05367820c6fcfa2a25f5bf1d24dc3d20dba64e2aaaaee0454b6c08909bb,raw/3dmodels/original/8/B085GX69W8.glb
9986af290b7e29ead001b17e7d89f1a333ea32a8bff54e184b162744c92595d3,raw/3dmodels/original/R/B07HSGPBPR.glb
998793a58e573155a574c3993622a1436264ac5be0552916dd35d95d0f8200e5,raw/3dmodels/original/P/B07HSJVTHP.glb
99999a855aafd3a79f0603651ca70760d8a28907306989c72a08584d7351fcf7,raw/3dmodels/original/G/B07TZRJSQG.glb
999fe402321f049cc4cc1b5ab514b9a30cf1bccff8e0916f2803b64c90a66b61,raw/3dmodels/original/F/B07DBF789F.glb
99a5b7807b7ad3546859519e4a9eb95404ff3704f5cfa1762013708fb8239867,raw/3dmodels/original/8/B07BWMSQ38.glb
99a6c617c030cd32328cf3aebd23a7de72b7c4393baf66a7ecedfd169f630f3d,raw/3dmodels/original/1/B07QHYDDS1.glb
99ad0e2bf61d6f3abbaead8a491a1cee0a2ecc357ef4b570c457e05973825a1c,raw/3dmodels/original/6/B07DBF6KZ6.glb
99b498c0845f6578a04fc3ccfdba331a00317d5f82fa14417a1576287c33be5f,raw/3dmodels/original/5/B079TXJCR5.glb
99c6e142f9fb5a44fdaa4e2a7985f1c9e22cdad8ea56b91a631fc1820f94d1dd,raw/3dmodels/original/P/B07T9FMSSP.glb
99c95c219b96b4440b62f403ef5e17c0800e7e355b93cda9709399e1e7855c31,raw/3dmodels/original/C/B07JXDPKGC.glb
99cbc0e2728dac72bb8a760899993fbe8a0ba3242939d763f1922056785127f9,raw/3dmodels/original/Q/B084T7LRRQ.glb
99d8351950d0392b3ee39087816a32fa95f8e3b56be597a8f2d055d5cb361b7d,raw/3dmodels/original/Z/B07QD6Z6NZ.glb
99dd7845d49d4813e7368c0b5eb41e026e441998d499dfd735748c19c79d5e09,raw/3dmodels/original/C/B07QGWNP4C.glb
99ebaf06bf067d1f459cced7e9f70ae0292440c50328d23d5417e5ddba077663,raw/3dmodels/original/M/B07CB5GT3M.glb
99ee1dbadf162fbbe5ef58309c9eb7f9af6ef19faefa945e6dd36e4b4249d0d1,raw/3dmodels/original/Z/B07B4D858Z.glb
99fb201dc361bb3cccde0850dfb6ee3d06c7aa0b46d0c111b05cb4769fca8c83,raw/3dmodels/original/R/B083YFS2FR.glb
9a019711286a2363e682508e3552e3273c7f79cc1ef745193a7ed0e01f12128a,raw/3dmodels/original/1/B075X4T441.glb
9a1cb9a1d1e0e997e20f8c64b0f9dfbdceee61ce7825f429f7e663b65a80c417,raw/3dmodels/original/N/B07B4GQ7MN.glb
9a2364bda7c1cc6a89bd0859703fc629fe73655365b878a71e269549baa4b421,raw/3dmodels/original/K/B07WFNW44K.glb
9a265ad97dffcd073a98ef953e7a66986f5e9efe4845493c2ef8d8a16febc5a8,raw/3dmodels/original/2/B07QDNRBX2.glb
9a2bb6c46636962bbb34ee5f26133e45009b0b97f61ed293d10ef4bfd8f4262f,raw/3dmodels/original/D/B07B4G5RQD.glb
9a48b6d05a3121ecc6b379ac5546c2dbdc666dc553b3b31068b952cf0c807361,raw/3dmodels/original/5/B07B85FJD5.glb
9a5fd5abe7dafe9b99a314d7dcee21a249df8c1e12b056af6e8256d48c3e66cc,raw/3dmodels/original/Y/B075X4QFGY.glb
9a6648e7573fa9483454b4bdfce18f85f2dd1ea812f62bc8663dc27107106183,raw/3dmodels/original/1/B07B78LXZ1.glb
9ab4d61a88e1d9ff357a93e3105cc7df664b286b1e267e7c9de4f6fd93f17a95,raw/3dmodels/original/G/B07JKJP7QG.glb
9ad02e267f11eb287373439b925d2e7c2e2c35cc853d7c6895cdb588ccbef8e8,raw/3dmodels/original/C/B07MM5DHSC.glb
9af24acef4c0fb5adfce4fd703f654cc4f8515ed66055f23bca45382a03cfa7f,raw/3dmodels/original/Y/B075HX9T8Y.glb
9afcc2067b6bc9c7203fe459e7c6949e33e877b0d62da67b78bdb2c2a352cf9d,raw/3dmodels/original/K/B07RF89K3K.glb
9b0d3804307aa506238299eafef9f619924b58df8e072e1baf0e65b178b65ac3,raw/3dmodels/original/6/B000S6N026.glb
9b11c5213cd2f5d226d1e472ed0b1b8d44e6f01334c0eeda8514d37024d9667e,raw/3dmodels/original/7/B07YLYRWJ7.glb
9b287ab24b3698113ea6214464651bdab7ab2182d94cbc3d68d924a11846f656,raw/3dmodels/original/1/B08568W891.glb
9b330052d47aca9bc8294e9bbc7b6d6b400db05c628df58dd60fa500dc4b74b8,raw/3dmodels/original/N/B07TYTQPYN.glb
9b3c4048bbde6f705aa7a9780b38eec397451251c7f1a54c68539d348a8e1b85,raw/3dmodels/original/K/B00DUGZFLK.glb
9b43254f6a648985c246317dad6ee1c9fb456931e7d542493015030a15c8d643,raw/3dmodels/original/H/B085FHNK1H.glb
9b50280dafb2fa439118be9ee6c88063bbd393ed5c1a392c401b5063a5a7dbce,raw/3dmodels/original/L/B072Z6K34L.glb
9b5846ee12f315c42faf9f3e4b3b816e3d31f71308d5294d8775fd593bc943e9,raw/3dmodels/original/D/B07QBQBXTD.glb
9b756066d41865f502d8d33c6c4ed686a1c1b6fed7e416259773fa0e82e959ae,raw/3dmodels/original/B/B07B4M597B.glb
9b7b6adfdb771d608abb67ff495f51d82ae40b070ca050b2f72f2b52ad25317e,raw/3dmodels/original/K/B07QC8CGKK.glb
9b88c33afe0353abcd1fe1f1ccf0cd62de8c38f5c75a9512a2d96c0172e6b5f4,raw/3dmodels/original/Y/B07YPV3KSY.glb
9b91da1a3e3f24a5ba75d13c17265310baff91ffe59127662d2bef87e75b785f,raw/3dmodels/original/6/B07QGG6C86.glb
9ba505439ffccc3917280331d21041f9987cc4f1b9d42c3e52f3d1f0dda80d2a,raw/3dmodels/original/F/B07BWL4C2F.glb
9baa599f742c0e4f59ced582cade323f4d865a3ab88a86a02e3126a69305757b,raw/3dmodels/original/R/B075X4T5RR.glb
9bc9bb7b174c9f592aa824005a2d7b1900869e92c55dbda2a74ae59133b1c682,raw/3dmodels/original/4/B0727Q5F94.glb
9bca97f49714b518a47101b5800d06fce98f839a17cad55ac06322a95bb2fcdd,raw/3dmodels/original/8/B07MFXP658.glb
9bfaae6c7cb098b8afc1d6970accc721c8a18a48785337eec2a7bedb09149bc8,raw/3dmodels/original/3/B075Z96L53.glb
9c0b67f777e728cce803a0d970da68b3f925a21731cbb70356da89f44525739c,raw/3dmodels/original/X/B075YQ46KX.glb
9c12b99753e1a14de22e0634193b0f9c77bb2605e24195f96b9be7541b106e86,raw/3dmodels/original/8/B07B78G4Q8.glb
9c207ebe9766f7877a311968bd7b25e107d75098ea25faba2be3ef15fa22f9e3,raw/3dmodels/original/M/B075X4YDCM.glb
9c252c27976621a13c42d3d359872f317796733632e7973e84bda61f89029683,raw/3dmodels/original/M/B075QL8KCM.glb
9c2c98cd9ea4caa616f61d0e0e7b8e6d294e59a17d76e7db2da0f399972e0dc3,raw/3dmodels/original/Y/B07VNL8WXY.glb
9c323e580d90777448d5e35c62570544dbae9a6fd2cae59abc18ac4578f2b7d8,raw/3dmodels/original/W/B082QCWRTW.glb
9c3b09fca2802977c4158c90d6a43fc7bc94a838a502f42bec89e277e001f897,raw/3dmodels/original/K/B07B4ZZGKK.glb
9c45b342c07172dbafabe858e48e845d2ec4abd7a75d5ce7b638b2485c4d5154,raw/3dmodels/original/7/B071ZLXZQ7.glb
9c4d6fc7dfa7bf57927966081b514a938fa6887e131130c6cc1eefc2120ee1e2,raw/3dmodels/original/4/B07GSPVLZ4.glb
9c6252d4ab26ce1a3a4842ea004bc8bd422a1e552342bb59b72b729cc12aa0d0,raw/3dmodels/original/C/B075YV7SKC.glb
9c8a91cf884c6ec2d594d14a920284ed8fae6a33bb782140b0adcd6f33f96714,raw/3dmodels/original/R/B07QBQCPMR.glb
9cb7d1da4ac9c0bb73314cb60f6200b3431f2b7d0dfb84fcdb88d5e9a860803a,raw/3dmodels/original/P/B07MF1SRGP.glb
9ccccac904d48e3f8af6a910ae2c7afd9598a00feb6d608ec5d6671e11ed20fb,raw/3dmodels/original/6/B07K7SDQS6.glb
9ce35ac7ecedac0c211e63aaa5a6b110bf3d1abf6b2c6c84256c4f35b934248f,raw/3dmodels/original/N/B07DYV7WNN.glb
9cf09b0f107595e4b65ad4037717cca81c52a5b39d698d213cfbf1590258f581,raw/3dmodels/original/6/B07DBF3S66.glb
9cfa317bc564c3a77191dc818466921630cfef49bc6ae3378c2863174d9d1047,raw/3dmodels/original/1/B07B4Y45S1.glb
9d08ecfa3bf06725bf02b38c765c985b073b4531f3d5ee701edf45c7571a62de,raw/3dmodels/original/G/B07BWKD3BG.glb
9d0a86fe3f6a09689b94b5b47ca42746835df2802f8c6fc57c86daeba1671e09,raw/3dmodels/original/2/B075X4JB42.glb
9d16bf72173c9a57d14b189f271f84d1037b4237859a724eae5c0e59f39ff294,raw/3dmodels/original/F/B07B78LY2F.glb
9d1c3d1ef53c89e786607f2a35a9ada20ae68b914a1119a88aa672ca7d4bc881,raw/3dmodels/original/F/B0857JPHNF.glb
9d2748645fc764263b9b1d2025d17fb93e39b65e59c1dce147e896cb2654b396,raw/3dmodels/original/D/B0828DTSRD.glb
9d366949b6ca3caebb2054b11ee683ce1c38bdbd0473ba51a4a38b2ba0780b8c,raw/3dmodels/original/8/B07BWK42L8.glb
9d4219fe6875398f528ceb825b6ea67b5b6f56e7d92b6d8c7c30ddddf0afdf2a,raw/3dmodels/original/X/B075QLB22X.glb
9d460de26780d734fdfc7eb4113b4a7a4fefacf0b06e0917039de82144120e5c,raw/3dmodels/original/6/B01DJH73Y6.glb
9d46f0087bde4d157e419858dba278b77b0309e973088e5c5dda740238f0600a,raw/3dmodels/original/R/B07S574Z4R.glb
9d4abb825f46811f786069ca693c9ef3e6916af56737e4e3efc4ed9fa0f7d6f6,raw/3dmodels/original/P/B084T9V3PP.glb
9d5ccabcd83ef69b05f8042be17498855b5d83f90e01891e0a0248de1326b79c,raw/3dmodels/original/V/B07B4SBZDV.glb
9d69312e52ac71bde1aabc8a414eb3570423eee298d4751f29c8b26323f5155b,raw/3dmodels/original/M/B07DBG898M.glb
9d6d7bb0c277435673cd8f3d6a74b6dcdcd5d495337726264edef2d546df24f7,raw/3dmodels/original/B/B083YFL9JB.glb
9d9931b0b05d6852f1eaa62b111ac44989cade3bde1dcd7cafb335a1e1f185a2,raw/3dmodels/original/2/B07B4YXY12.glb
9da861052e62842d016e8496bc56799f1b3e369994f68499dbce8d035b5ba809,raw/3dmodels/original/P/B07HZ6LL1P.glb
9dc263fc265312e8edd6d35495c8f7205905900a48c9dc9eb353a25971fa6cc0,raw/3dmodels/original/Z/B07QZ478KZ.glb
9dec3cfab0d27b296e01e3b54f4af73e8178a345f1d2ded64c3dba3ea3cd9a2c,raw/3dmodels/original/N/B07QCMB9HN.glb
9e059f39f4ca6a30d64f86f06fcce97b551318513780c800821196fbe2d6062b,raw/3dmodels/original/2/B07BZ8LJ52.glb
9e292973700f07a9b79180ee6508dd96c01eeb3a67bfb5f21f9cf12d678a5f56,raw/3dmodels/original/C/B07B4ZM3NC.glb
9e470bf9d16f46a7abf25b8f0ebb15871e88f3c3e57f7cc40b2f9c0bec0e087e,raw/3dmodels/original/H/B072PZVY6H.glb
9e4988ab6e284f15b7944df06e429402e7ed00c07383a782a6a3cf5da29ac118,raw/3dmodels/original/M/B073G947XM.glb
9e4aae20aeeac6e468b6832ed1c781b1e6ffd0f2a40dba16a7156a7a1fd6102f,raw/3dmodels/original/5/B0831PXL85.glb
9e571fc11b33d62cdfe6e2f8c96e085e345396ca1349cb19e55018afea375e4d,raw/3dmodels/original/V/B07VLFWRFV.glb
9e583a1bd9dd964bc5aa1664640b5b024be779df77ab4a962277f24cbb106077,raw/3dmodels/original/M/B075X4N3FM.glb
9e6a6f78b9174486ba0098b9051f3c586061d4f5e0fe58f2c3ab19f3a5406ae1,raw/3dmodels/original/X/B07HGGHQ6X.glb
9e7b59313d270d473d68761e845729f521ad18888e36273ef2c90bdf179a46b2,raw/3dmodels/original/S/B07HZ48ZXS.glb
9e81468f819c9a262fd688c1961589463e2a298f01e1a727c44e1a212ece3d1d,raw/3dmodels/original/J/B073P2WNLJ.glb
9e83d241c2636dbe92af7d9d15b5b741f29544dd7ac7384e00a32988d88dafa2,raw/3dmodels/original/P/B071SHLFKP.glb
9e951e51aad9f08cc621670d5ad1ed63e445054cd64f23089baf7a9db3ccdefe,raw/3dmodels/original/H/B07DBB7NBH.glb
9ea6a9c544bdd394d695bae1ff2efb6dc2b91e80a1b1c051910fdcf1a3252362,raw/3dmodels/original/G/B07QFP52NG.glb
9ec2b1032422ba361750a3f6edc105e893af290772850631ab5a4cd0449e128c,raw/3dmodels/original/Y/B07FM66MSY.glb
9eda7d49a7eadc404e514f39250183cd390ac548f7fbcef699260f8c9462f645,raw/3dmodels/original/V/B07N2Z2WQV.glb
9ee52386ae9bce7526a8b357a7481433f40f3cd3b83cff6c8625425293119916,raw/3dmodels/original/1/B075X5TMZ1.glb
9ee5cf1a3a15a1a49f0e6122f9506bc578fcca4d209f16cd008abb2df0afb6ba,raw/3dmodels/original/4/B07QJ1X2J4.glb
9eea4113cc4560389f80b7bd1f4020d21e799e8ff75fd9c2a06130a4f77b8f3c,raw/3dmodels/original/M/B07QFP5TNM.glb
9efb210c62a0a0fcef75f0f1e046095b4fc89ef1ef9e597c66f086222801aa72,raw/3dmodels/original/M/B07B4MD55M.glb
9f0383dc9020c607ec0880928b3bf36b371f764b22f7dd6ed20d911188fcf048,raw/3dmodels/original/C/B07HSDTR7C.glb
9f05690e089ac6f56b3aaac2aba914100428b5fc5b35c13726d2eac9dfee485c,raw/3dmodels/original/X/B074VLQ3GX.glb
9f064bc72a4c90888e0ca206832e5c9ce74e38bb89b412a9954e221011e0c740,raw/3dmodels/original/T/B075YQXR7T.glb
9f0ab5aee4f1673653f502739faf20aeeaf2244d846982bccec16968a6c763ee,raw/3dmodels/original/6/B075X4PT96.glb
9f0e50a0f85cfc005b230ee77f00c48602ff7a7156d45a951b7837ab97c9f646,raw/3dmodels/original/K/B084W2VXYK.glb
9f0fc4b59d45dffac2540e0ea6a9c1cae72c027c9be74c1628f3392c2a6a9208,raw/3dmodels/original/N/B075YPTF8N.glb
9f1b4588ce9401eb37858566385e8107127148982f121d1e04906ef4d294b473,raw/3dmodels/original/K/B07PBZL4SK.glb
9f3c37d9ec3ade942f5a0666176297411b75adbcbb2e728ffa488a395288b994,raw/3dmodels/original/6/B07HZ7PG56.glb
9f4c322ffc387777ae3abbd5759785962a3f6d645ce74a196ae4f4bc52758ff3,raw/3dmodels/original/B/B075ZBVZPB.glb
9f63d77ac7b5bfef7bfcd7635cbf765aad2e8eee11c5e2fb6c10ca2360f6e1a4,raw/3dmodels/original/K/B07GFL6RFK.glb
9f6c3fb0a196c97fece8b33c7078e9c1fc5b1341d67abc8b8d33393073b7b6d2,raw/3dmodels/original/G/B07B8NW6GG.glb
9f6d68cc17346ffda2cf4b80c77a1dd2b94d29bd6ebd87e2e3e5873a6404fd3d,raw/3dmodels/original/3/B07DBDZMX3.glb
9f97dedadfaebae8e8cbec6e53c291da795b2d8dbffa15e58399e4196ad5e750,raw/3dmodels/original/M/B01DA8QZFM.glb
9f993200ec16ebb837262557944a66c39685cccc37bbf590735243a426b52fe5,raw/3dmodels/original/4/B075YQXRD4.glb
9f9ce14c940811edc625eaeed60764849e713e0274480b5c76d8ad5106a83f95,raw/3dmodels/original/9/B074DZ5YL9.glb
9fa1fd4cbc3ef7bf34b4582cd1531f89daf934f193946c8656cbcc2ab5342d0d,raw/3dmodels/original/M/B07B4P1X7M.glb
9fb4f20753ba60469cb773f67c1b2317a6b54c75a3900ed07a10b29d15406ced,raw/3dmodels/original/R/B07TJVTZNR.glb
9fce4d32b5dae717222eb73b9bfd7fe09ce05ac7e027ebf3202ac711b17388de,raw/3dmodels/original/H/B07QD6ZDDH.glb
9fd1a80910f7fedc0c3943cae9a7edae54f141bc9272b9530573a204d52e934c,raw/3dmodels/original/O/B016ID2V5O.glb
9fdd58342852088763031e404617cfd324503838a6192b54a5741f27aaa31f0b,raw/3dmodels/original/7/B07PZN8M57.glb
a000ca0fd30e95e92fa6268c292a6807e8ad95c7882977fbf477ac292f9ef072,raw/3dmodels/original/4/B075X543S4.glb
a00b7fb58b5ca725da602ab12dc743649635f687f04c9ba862e789a48ac09cb2,raw/3dmodels/original/T/B07K7M4X4T.glb
a00bd659e266ffb0d3ac12e2dd230f2df83f4d2bad5f63d9291fead91a8fa36c,raw/3dmodels/original/J/B085FJV33J.glb
a013b5305b9f495dfe04f6853255085248f4a63e7c30a379e7a40f9f70e2697a,raw/3dmodels/original/4/B082DMQ8L4.glb
a01954272d5b32b48442f524e48ad2781234a91169f0f168b8b9198f27432500,raw/3dmodels/original/9/B07DBFC2N9.glb
a0215b5806e21197650e19adb14058dc2a1e8b56fbbbb9bba921aedeabb79e16,raw/3dmodels/original/F/B07JWQ5SMF.glb
a027d146acfb825cedee575ec9bea2e1056a11c0f5a2458a99e03b1aecdef271,raw/3dmodels/original/4/B07B4ZFR24.glb
a034e12f3645a3a1998e200d198f64a01085cc95f286cd862e6fc6bee7e2ec75,raw/3dmodels/original/2/B07HSF3Y12.glb
a0474c46087bd2efb5d4035f4a42ed6b2d99fc333f1452ca29f9542f0c850b9a,raw/3dmodels/original/7/B07TYTR897.glb
a05912e9e506b111716c17e6b02e9dd821165bce494b98c04fe82c56e8a69a2c,raw/3dmodels/original/P/B07B8NBQQP.glb
a060224a99d9dbb3f823188db3b4bd022d2ba6699d7054ac5be424ab98b07107,raw/3dmodels/original/G/B07B7DFM2G.glb
a060d7e9bfcc7becb3f351036b238be4b3638d38d437c00d788d1498f83f1150,raw/3dmodels/original/D/B07JFGPVZD.glb
a06489d217611001abf63716d417b8bff2ec5c1d8e3465e72f52bf7554bd5648,raw/3dmodels/original/P/B073P39KQP.glb
a06e025dccac37dfd8c6d151e6a0323221797178d494cc1d3db70333fc53072a,raw/3dmodels/original/4/B084T7MQB4.glb
a076052a0ea93124985a5adcecc3c91956dc0cbc3fc972ec22d14182b0560139,raw/3dmodels/original/4/B075X1TB14.glb
a07dddb0d0940821811752f0bfb69d740a0d0c58a6d43c43d32fff165c9dcc81,raw/3dmodels/original/Q/B075X4T46Q.glb
a0812a2d5e0eb51c82beb27b4b3616b18607ee2404a99d4816ee0af32b43ed61,raw/3dmodels/original/S/B075X4PRPS.glb
a087d26ee8b69f42d1915a62d18d5dcb22ac5f9ca8d024f837f4ebbf77872731,raw/3dmodels/original/R/B07B4W2FKR.glb
a08898516a21b7263081e68aa9cb9ad4b66269c909d6b0715a791bb61c511d52,raw/3dmodels/original/J/B075X5HB7J.glb
a09dc29de158d8cf20bcbc90b34d7c79630ec4dee5fa5984d56f24732876260d,raw/3dmodels/original/F/B07ZSZ4FYF.glb
a0be189d9431084fadb286e931be26a7314252b93e13d2ee7ea50d4ac421ff63,raw/3dmodels/original/Q/B075X4VQXQ.glb
a0c25ae2b9c57834b9d5050061877a407d31f4fc60dc0a6ae8d5323f5b66eb5e,raw/3dmodels/original/Z/B07R8WD99Z.glb
a0c991734aed35b2d42cf7908a317199ce00a2fa63efe83aa515074e0dab5e1d,raw/3dmodels/original/3/B07JPGP3X3.glb
a0e9c0b959a11187f5713c688c32fce2adb453e5e7a5d2514fdce442759733a4,raw/3dmodels/original/4/B071J7Q3J4.glb
a0ffe2865d4e451fe0cd93a5e9035fede8020ce61b6b37692290f4aa68471958,raw/3dmodels/original/4/B07HZ7PFW4.glb
a1120ac34c8d35190e85e114d72587bc73c9cd926f9f4077edd61b922ff4df5b,raw/3dmodels/original/P/B07HSF7LWP.glb
a127b908d988cd42be005dc13649b81ee389f9c54364969e537f0fc59aba7169,raw/3dmodels/original/G/B085FH8JFG.glb
a12dba8c5043a2b981b4bc502de7919a116384e4ad5d6a2e9f3672c976982761,raw/3dmodels/original/F/B07HSHMVNF.glb
a13117cda808c76d722dde3e07905c6d7564a2bac9ce9c2a79d5f4a24200af0d,raw/3dmodels/original/Y/B07B4D6MRY.glb
a14b9903dc65ff2281f624cccb570927d0b2184fa879e8ab6be8bcc9ab41f90e,raw/3dmodels/original/2/B072PZ4LQ2.glb
a14c3c159b1cbf2929d74cfc279c0e0619d55686590dfaed97f74b63c699bab9,raw/3dmodels/original/P/B07QBQFF7P.glb
a14d3996dd183306350d643cf4a5b208533783004609470b8819af47bbaca8b3,raw/3dmodels/original/B/B07DBDT68B.glb
a150449bfbe9ac255f2f113abaa60cb173bdcb54725f6c88742a2477a8ff39c8,raw/3dmodels/original/6/B07H8SKPW6.glb
a18227f3712590ba9f6cc7c727982f48a536016f38b2ea86f2b315b248685872,raw/3dmodels/original/X/B075X2XZ8X.glb
a18e4145972edaf29880beee1c3235521feb13ab871b06c10d00adaace46052d,raw/3dmodels/original/3/B07K4ZCQC3.glb
a1a2005c68748a68dee6f9b2813e20df24270319dd9a94ee786cc5e71c62bb22,raw/3dmodels/original/4/B07QHKQMY4.glb
a1a74d715159d1155103aaf958e873f08bd04d51a3bac6167cc0be6adbb2fbec,raw/3dmodels/original/J/B08554L38J.glb
a1bd7a2007a4b2063590595363ee6443ff012064449adfb6a413b10b952c1827,raw/3dmodels/original/8/B07YF25MT8.glb
a1c266a1ae7600bc64d531720d671f0d2640a2e2199c875a18aee68a6d32aaa9,raw/3dmodels/original/W/B07BWK7FXW.glb
a1cb90bb1aaae7e60a45ef319712614bf44d5f60b7d01160fa315d324742990b,raw/3dmodels/original/M/B07W4JBRTM.glb
a1dfecd9e9e7a4e63e646d6888049bb55cc5816872536e59a13fba5c0477ea2a,raw/3dmodels/original/C/B07QGG5NFC.glb
a1eabc88efd5c3fba0f8265d7bfde815fb8f66daff82cdd65637b4e6fd53261c,raw/3dmodels/original/6/B07HZ6HHD6.glb
a210beecf065a0829f02143ea5b599d65d7e037d4e0b86849be4ee3b73daab79,raw/3dmodels/original/9/B0831YLF39.glb
a21aadb3f3bc34c3255ab02f81ffcb66a751eab7daf4c82f9df7d9161735916a,raw/3dmodels/original/4/B07B4Z6JZ4.glb
a21d4ada674bbe748d1ccbaccc09236424b77c92250ded911f68fdc396849dee,raw/3dmodels/original/M/B07QGFYLLM.glb
a23895980d5bf54f7c2dd79c602fe80d23e85a3eefe4728e99e7390ed5de01a3,raw/3dmodels/original/J/B07BWLMJ8J.glb
a2394d87c1784c4c7f54650c63ba9d91c0b43027da45b11457d9f7253f9379aa,raw/3dmodels/original/K/B07DBHM1RK.glb
a23a27210028d9921b1201f9e07c9ef7cac28ac225c623725456a59d55a31a87,raw/3dmodels/original/4/B07QBMQQ34.glb
a244dd93e7e89fcb99e497523e6b20468b73db137b7786b498909f34502beec5,raw/3dmodels/original/Z/B07QBMQ4WZ.glb
a24b5d23af348c35fabb7aebcab9f38b3f10be52f338ca3e9506fa89edb95d3c,raw/3dmodels/original/W/B07TLDNPXW.glb
a25769979cf3f9b0ce31006181a32e15178c28c39402f9b4bae556f1aa94049d,raw/3dmodels/original/8/B01LR5RBZ8.glb
a2707b45187c852121e38d43e1afd4ace31e472ab3f8c275a26706c55b58f257,raw/3dmodels/original/T/B075X543RT.glb
a28e3e5cca1c92b09b9af50e15297f54b52e5c9cd1570cd512e52dbc52a4dc7f,raw/3dmodels/original/V/B07QCMB7LV.glb
a2a57406c5c44a24d3b647e901551df5c1a842ec818abb509350faba061d56a9,raw/3dmodels/original/7/B07RMJSGS7.glb
a2a90decddf054abf5ebef4970990734f1ae86f7d523fa31eec1ed027983781b,raw/3dmodels/original/P/B07VNL95FP.glb
a2ad8ec979b21288cc87f4e1be29a435359343be3c2543aa4cbae0e5af18fc26,raw/3dmodels/original/W/B07TYTNN3W.glb
a2c07ed027eb4537e7df24fdbcde3e1d2cf7602f3c9de31dcab794af3376778a,raw/3dmodels/original/2/B07QJZ2N42.glb
a2d3cf5e7a4579fb9cf8f20f0df51c2034ce84499cf7eec324e75175582103ce,raw/3dmodels/original/Y/B075X4PRPY.glb
a2e8f9ba5b8386e89fe9f1068f4d6ee6cbc87abc4ee4b9e861d0747a63025949,raw/3dmodels/original/S/B07HH9W9KS.glb
a2ea39bbb017a959b9831fb64d84439a8307002983538ad77ceeb39d5faf031a,raw/3dmodels/original/W/B07QCMB9WW.glb
a2efb7e5e4f9cdcb2af10876c6213cf38941fe41cb28a0c74b00945a2bfc568b,raw/3dmodels/original/K/B07DBCFV7K.glb
a2f651493055ef79e624e51f3fbc063c3319552259b53718183d1bba37208412,raw/3dmodels/original/2/B07VDD53C2.glb
a2f97918fea8a021cbb91263ee472fc0d0e60ecdb252a7a64b721f529fef6f44,raw/3dmodels/original/3/B07MJL5SY3.glb
a2fc7198c5be9965396f31e0d93a2b25c5a13c1e11d398b8be7f7c3342df38f7,raw/3dmodels/original/F/B07B4M35MF.glb
a3189c50529d4cec3f4d06d0e994932167cd59123ff71fc1722d82e9e0fe4925,raw/3dmodels/original/N/B07G33Z53N.glb
a31931e09bc64e84e230667e4786666dcce76f6f1f1c7a08d272c91949a14bbf,raw/3dmodels/original/3/B07B4CXSF3.glb
a32efa287bc15a1f1b8e1e4af9ac70dd0e3ae475bb6e6cdac03cbdf08408f0e0,raw/3dmodels/original/X/B07J2JGXCX.glb
a33195b3778f58d69f9e63383abba7a18699af00504007163f98f3348df1c3ba,raw/3dmodels/original/C/B07HPDLVLC.glb
a33a0299929c58d8ee8b12d7da6cfe4f3371e166041b8ef4baddb5a5096e0478,raw/3dmodels/original/1/B07QCMB7J1.glb
a33b4c8b8a8b6b3832347dec3c38e097b623b33cce9f42989814e02843893595,raw/3dmodels/original/F/B07QQYR6BF.glb
a34b50095a1b143db2e191ebe5c278f1914dc4c60a82b8c2ad68a518f0976234,raw/3dmodels/original/G/B0758HV5FG.glb
a354ee69361ec52e6519a800073ac5aba8fc13fc04413bfdc4e5db28e62db7c6,raw/3dmodels/original/G/B07HSLKKXG.glb
a35a211611ff97a758bcfaf1967d6ad313df84d80cbd23df6d25fcc71c7a87f7,raw/3dmodels/original/Q/B07QHKPD2Q.glb
a35ac1340bfb0bebc5cd8b058f9db90262a126bd838c199377d752e283e5cea0,raw/3dmodels/original/V/B07GZY7JFV.glb
a3663122dbb151fc533e276c2b31b576c52365bc82c52d6697dda04b51968140,raw/3dmodels/original/F/B07GZMSRNF.glb
a37decc9a99e4ab9d21801c0b7bb3c084a88f9e998a91be16d346dba2b8e29a0,raw/3dmodels/original/3/B07QBMQMN3.glb
a3805fe3c34f5de26b613a93d125b2d8578ec5255304e6cf069f7abd90b68b51,raw/3dmodels/original/X/B0853VFWYX.glb
a3898dd7dd25f731807dff3ad592906404eb964dce34aaec425eaf04cc3c6c18,raw/3dmodels/original/6/B073G856N6.glb
a38b2484d152f9ea70a850d44c1c026602eb1087f5b3d50b8bd9ba9a4209c6e9,raw/3dmodels/original/H/B086R3LP8H.glb
a38bb912246cb5e140a9f38e6e317db55fcef4b852d4daa7e0425f2d29f7e2e4,raw/3dmodels/original/X/B075X3SJ5X.glb
a390ed4fe1f16f03ef76ae49cbad66280f4e08b72ee03e0b95f6da61142c5575,raw/3dmodels/original/6/B07DBF3L36.glb
a3a446c44fe122abfb7d5d3a54c6535ddd26f3e2cd7bc6b48b6d4dbf738f150b,raw/3dmodels/original/W/B07QHYD4GW.glb
a3a7ec6021d4eabcfeb34b7ebe5b7d66c7d53c29f2719fee08850e3496076161,raw/3dmodels/original/2/B07HPC4T72.glb
a3b2b6c6f07680f2651b08402533d569a79dc57990b3f2910709b9b9ed662ca7,raw/3dmodels/original/N/B076NKJCRN.glb
a3c2df2b6904c39db0996538e81394481b27a0aa3ac2b3b6a43bf28b0698c677,raw/3dmodels/original/4/B07HSBRXD4.glb
a3d81116553915ab8b53f6da7f831cf3d19953fa27d5ed65b96637434c6d5b13,raw/3dmodels/original/H/B07HSJKY8H.glb
a4116b517aad653ace5edc0ec20f4c18c84783f99d49215f6831e3417e8fb755,raw/3dmodels/original/H/B07B4MH6QH.glb
a43a7d81715ed5a36b87bc28bbc5399c141260ebbffdfafffae688c5e7952baf,raw/3dmodels/original/C/B07HZ5D2DC.glb
a4481155f575e99cca09bb8329e0879bc7d2a03f361fac34bfb40a7f6976a550,raw/3dmodels/original/Q/B082Q8W9ZQ.glb
a44946793ceae12f4e9b46920cd6d9aa0ae3fa412a8206142cd67650a39166df,raw/3dmodels/original/S/B07HZ8LNNS.glb
a44fed0c6b668e92c5cf77b5c8c5d300adf2741f7ef64715c7a9f274f78d9130,raw/3dmodels/original/Z/B07QHL81NZ.glb
a4651033320e9c87ec7048e7c719fd82eec74f3ae3aae2fe41747f61fe34fc20,raw/3dmodels/original/8/B07B4CXVB8.glb
a4705a980a09c2b27757e0854704e4ff6b2a47954ee79bc1bb25180463b3fd8b,raw/3dmodels/original/Z/B07B4MPX9Z.glb
a4988063d5ba3dd96298c285f672e712c56e474d0fe300f2fea8a9e8b2a1c513,raw/3dmodels/original/B/B07DBDY58B.glb
a4af7262b54948dd513a970a7cc701ba351117923005b89ded590993a1e9a88e,raw/3dmodels/original/H/B072Y5MZQH.glb
a4ca22186829b86052cded3aaac060eaa7b1ee77663056a13b3c332f84791c06,raw/3dmodels/original/M/B07JKJKDKM.glb
a4cc99dc33145175845170d73c22ae7bc0d08f3bd375736db1b030056f0670df,raw/3dmodels/original/R/B07TD46R6R.glb
a4ceb53b7c25f487aa1c13598e1b39c6749149a7e746f53827174f5a394b2c89,raw/3dmodels/original/8/B00OGP5S98.glb
a4d0c8bf7ad757d4971569b70f12211bab925e6fca473a2fd01b80587a3e7d7c,raw/3dmodels/original/C/B075YMY27C.glb
a4fb5a30916c169139b169945d0fb82b25a4cbbf656346cfff077a96b7883c98,raw/3dmodels/original/3/B07JKTRKT3.glb
a50a517bae1368060e01705dc2b4e2de7b82cddcac7db20c971eb91f40a80183,raw/3dmodels/original/2/B07PVBJ622.glb
a512935177817ac4027c6b3c93b9eec71076da7a2b1893b8da79d96270177eb7,raw/3dmodels/original/H/B07W5648MH.glb
a5417e40289c198c4e65c08c67aa5f47cc1e88954e756b4fe92e4a40b4ad402e,raw/3dmodels/original/6/B07HSM1W46.glb
a5596f2ee1764fb81a26597d640a8b6b1a45af2a7bdbccad9bdc52b67f313a69,raw/3dmodels/original/B/B07QGSZ74B.glb
a562502931eca0752cc16735eb5c2887afdd26558f06a76ef5ee8209edcc5b99,raw/3dmodels/original/S/B07MHMGPRS.glb
a562a1c836c16270be4fe5f97bada513f050a71388c00c068a1ade81633da633,raw/3dmodels/original/R/B075X4WBQR.glb
a564a44431c2320dc56f2a5baedf972a9c803dadff62b7062c2599773de00ea4,raw/3dmodels/original/F/B07B4D4B6F.glb
a5789ab56ffab55df05b7012348103607be70b566cfcce0a48ba1f4511ee289c,raw/3dmodels/original/H/B075YMN1WH.glb
a57907ba27db8cc4b1862088f28e7c715c1bfa144ea254a78c02ba2612ce1c2b,raw/3dmodels/original/Z/B07HPFP4SZ.glb
a57c835b9ecd81e0789db863140f3add4ddb5301f3e1f899396d0f8a7e7c9347,raw/3dmodels/original/3/B07P5LM5D3.glb
a59217b46867c67c569868b1c260ab076d32545150122fc5b9aabfe6e27e09c5,raw/3dmodels/original/W/B07B7B244W.glb
a5ae032d652eba0686e85811aa270639643aafa96fb1dedc40770479ae3d2984,raw/3dmodels/original/X/B07DBDX48X.glb
a5b3f62fe79e1aec4509582147eba9715edd1ab09df59360f31a2458eac4d5ec,raw/3dmodels/original/K/B07PSZHDNK.glb
a5c22e179c661dd40ac45db9882d0c73084d4b378c3c0983846b72c13d945f60,raw/3dmodels/original/G/B07B4W2PJG.glb
a5ddb32702b6f47150c41ddfb277657f4bf1450fcb7792c00c3b55d285a1e545,raw/3dmodels/original/L/B07B4MF25L.glb
a5e3361896ac7b2101089f3c6ee4696a852dfad9c54bd9bffb170cd930a281f2,raw/3dmodels/original/L/B073G82B5L.glb
a5e40f42bc14bfe2dd1ec96d5a749d159bb5d2f6ff30404db08e04720aad9483,raw/3dmodels/original/4/B07TR68JS4.glb
a5ec97b55cfd20924f57930b41ab104dc16619ed628c535b9e521536d7724fad,raw/3dmodels/original/8/B07RVBMJB8.glb
a60c6da3df1ea97947ae03e98c3ce1abb5cd5ef2906c209b0a7caed9656c270d,raw/3dmodels/original/B/B07QJ1X2QB.glb
a64527bd1541d137bf8b811ca0399e06c97accf0ac30f76b8a5e1c0c06fa891f,raw/3dmodels/original/G/B07BWJFQVG.glb
a64e562611cd6fdb7df29a6d80ee0787d661e703130ee2dcfb1f3ca528cc1cb2,raw/3dmodels/original/V/B072C8QG7V.glb
a65d1f3217ca8f64cb705c265fd2a503dd740aa20c0fbef67c1a5bfe7dc5026b,raw/3dmodels/original/9/B07HK8YJ69.glb
a6699cd1161d3e84007e8adbffa697f09932bb82406c0c7e3abe9fce37624330,raw/3dmodels/original/T/B07Q2PGH2T.glb
a67b8d028db35a10d69929b59e839fa322963384c07fb74d623efa68bfd06d98,raw/3dmodels/original/Y/B07DBF3VJY.glb
a67fe0759b3be39597f732961e0179de0a5a1974f583f2e8b6e76ef1b4a21908,raw/3dmodels/original/4/B07HSBJ1Q4.glb
a681dd13f33366070b4f75e4eade588c5d1c4df2293102e4f4ab8f39e9d36b0a,raw/3dmodels/original/8/B07DBK7KH8.glb
a6882226aca7c48c0d8727561d1cd497b9558d011e20ff2776a95d46ea77fbe9,raw/3dmodels/original/Q/B084KDB8BQ.glb
a68842cb8a92c77451ce643260ecc6d9861a3c87a9abe3d2bbf2fd3db716400d,raw/3dmodels/original/X/B073GGGF7X.glb
a6aa38ea65b7e39b7c4dc1d55f5c563374be7ee110ca0b60c1bdc4d8efb80c4d,raw/3dmodels/original/7/B075Z8KXW7.glb
a6bae4baf6648ce2e7ee880f98d5cff349392818b87891bd4ecb53b9637ba013,raw/3dmodels/original/C/B07QGFS4JC.glb
a6d2b2e1abce5b850b79d9426503cec160b08f38570072a9555da79dfce9aeea,raw/3dmodels/original/4/B07B7DKRW4.glb
a6edc9b23705a65a84e271094385fa0d69c374395f897a8d7a8009d6b272482e,raw/3dmodels/original/Q/B07TWLW45Q.glb
a6f5f1a323c9c6fc0e7d1e63a03778495d0b0309c668a686854def78ead60f56,raw/3dmodels/original/L/B0831Q111L.glb
a7161f621dc28b3a284d231cfa63bccca8ef703e6062c1ee75fe16cdb9fe8309,raw/3dmodels/original/W/B07QJLJRWW.glb
a71804594787a664ec84c0bc0ee46781dc42451be463eef2c2864842911fb622,raw/3dmodels/original/G/B082VMWB4G.glb
a72bf88fabda278c452a34518ad323132b9c32d7e82ee07f36c75fe62d33602e,raw/3dmodels/original/D/B0718WYQ8D.glb
a73126fe325ccb74defce88de4af9bd279be550c6dc23f02f77396eea612b7fd,raw/3dmodels/original/2/B07B4MN142.glb
a7398bfd966d239b0b6dc24f7e61f3b3d580825ae812ac6219c951c90429a9f1,raw/3dmodels/original/C/B07QB8L7ZC.glb
a74a1cbdae4989493bdc8b00c1fa550e48df51f17a79d4263e7594e2278ad660,raw/3dmodels/original/C/B075X2FW7C.glb
a768a0f320e8487445baef3028624dd9d55bde8b81f1b463e24cce1672e10bea,raw/3dmodels/original/P/B074KMZGRP.glb
a769f574480901b954ed86cbbf4ad8eb69f578b6ded31a77b8d66e5d125b3ec7,raw/3dmodels/original/K/B07M6PKM8K.glb
a76a2c1dd59ade814ebfdeb173dbb57634450d7f34b686de5b0f238e59a59cde,raw/3dmodels/original/K/B07QFRSJFK.glb
a77377ccec699226f788546ce1f905ee30a0854d9a4b20efc82ff47cf5917a2b,raw/3dmodels/original/G/B01DN7NFRG.glb
a77685f577cf53160b610415bbc9250ece307a75bc2deb5c59f865e3cc7927fb,raw/3dmodels/original/M/B08568HG2M.glb
a79f30c0e84e666c098a47d3cef4fa3a5bd4181362be3ff72b8ba8035530af51,raw/3dmodels/original/8/B075X4F428.glb
a7a32a584837a4b95750e2fc722e32ec19f22a0de1ed284cafcf4349023a14db,raw/3dmodels/original/M/B07VDD538M.glb
a7a9d87bd4f3ae0daa354aff77276874c3b29b02a5956fa5d6bd8b822e0ea09c,raw/3dmodels/original/R/B07HZ751KR.glb
a7c560b6795ecfe5c7c3f1774de6c55980bb15c4e2d8420d6d28e34dc4a76dac,raw/3dmodels/original/6/B075X4T466.glb
a7e59602b93eea60f1a829d95948aed4e8bc2ace4125d07b768a1d47ba6ce3ca,raw/3dmodels/original/W/B07PBZ8P4W.glb
a7f38f883078da5fd36cb737f647314e4cb009daad5efe1f1beeb4554c872394,raw/3dmodels/original/R/B07P6JTZ1R.glb
a7f8158fc1cca90e4031e977c35d1677daba84a3b31e00da47b216e18478f58b,raw/3dmodels/original/L/B0853KTR8L.glb
a7fe462976858616bb38f753804effc174ced2f462e31e3536a7d537313d8ee4,raw/3dmodels/original/8/B07MJL3LW8.glb
a80c97053335015d7f5d66b8b8024325e9d260eb702e65583e1677ab40e75e9e,raw/3dmodels/original/M/B07MBFDWNM.glb
a832fb8ed93fb420b6d3536747a93404d6942c82a3fe673d7566872bb3763646,raw/3dmodels/original/Y/B078JHPRYY.glb
a84634c4fe98b1dcd3b14e06ea30771031a0613aeb299487c7b40e4183b3a741,raw/3dmodels/original/S/B07TXPXJKS.glb
a864e7c0bc0df9b37b22ea9fde383755d3f27580f62f47116888fe884b73c62e,raw/3dmodels/original/8/B075YP3BD8.glb
a87b2b5ce9d825a120ec32ac590b27e14feb7beccdf14a0323d3d5c660ef3309,raw/3dmodels/original/H/B07B4MMPPH.glb
a886ce2f3f717acd58caa97f767b246141f77286cb99442a67709d97b10cfc35,raw/3dmodels/original/2/B07B51H792.glb
a891717510a20ebd3f61bfbed74236344013f5149e0af9ca06532aeef92381ab,raw/3dmodels/original/5/B073P2N985.glb
a8a332ea2089139e803310d6c13e1a3e6762c98a9955ed8821b1842d9d5fce4e,raw/3dmodels/original/F/B0853VH2YF.glb
a8ab7de69722aa673771cfb4c451c2b431cd96c4f56e7e1d2ea222b1bcbc8137,raw/3dmodels/original/0/B00BBDF500.glb
a8c57e426fb65db44420a1cfa5242b38e7d73d67881ea894296a7f33c7306d4d,raw/3dmodels/original/W/B07GFDZW5W.glb
a8cd35847f7c421c9a5dc849824a51af5282b840927ad5b2ee97916addb42d9b,raw/3dmodels/original/Z/B07B7ND81Z.glb
a8de398c40e327dbe6570f9c6e1d5d32a3dbe7f6aef60e714843b2e9eb4fc526,raw/3dmodels/original/6/B07P5LN3D6.glb
a8e017593ff10b771138f12fbaf7eb5091169498fbf5534a77ae70538ec3a6d6,raw/3dmodels/original/K/B07MF1S4SK.glb
a8e3853bf76eb0a12c1b44ef36d78fe0bf98e44fe82ef85932b15d47ba28707b,raw/3dmodels/original/9/B07QQ7Y4R9.glb
a8ede4cb966f9ecb100fa9f4f1b7d7091d9d1ba19b74946e7c8e13adca8d4377,raw/3dmodels/original/J/B07SQXH1YJ.glb
a8f6a773de62956a2f41f79649e00b932df354f8f12e6ee1815c3d9db0661177,raw/3dmodels/original/V/B07MF1V33V.glb
a9154d466650392b04624c03f895c0bdda12306ce044240000bd1e076b7126f4,raw/3dmodels/original/6/B082L87546.glb
a9186a74f7b5fb5546b0d26bffb4f5634771aeffa0c52ead7e2ee39c17012c1f,raw/3dmodels/original/H/B07B8F76PH.glb
a92090220cee5df753443445264e65d86aa5ae92da51b26c2f7c4764d73a4bfa,raw/3dmodels/original/P/B07B7DL32P.glb
a927e6aefb9e1bfcfa30436576a53c86cc8d0df1a3482270e3b896ebb1f592c2,raw/3dmodels/original/1/B07DBDP9B1.glb
a92f099c6a53af299fbe0f92e78f3241d8ea7ae3f0f05d62090791245434d21e,raw/3dmodels/original/P/B07HP8Z5YP.glb
a939a8d4bc1e86370e1761e078ee07b120939de42e208db48ba2f58ed2089e29,raw/3dmodels/original/G/B07HSF6Z8G.glb
a95fe19287f9d66b85f8e6c027e6f19bf38b82fe7f127edc7fdbd423185eb60d,raw/3dmodels/original/3/B07HSHTN13.glb
a97af10dc11ec6fb4a865fc98f8c5c080c2ae144c113c86c0c796f050cf053f2,raw/3dmodels/original/H/B0825CXG8H.glb
a97e192390d68e4e4a79fd26b104671665f6ce6796a26043af16654d29712391,raw/3dmodels/original/1/B07DBFSLH1.glb
a983dcdf8cb35220a0429708f5907221b2bfc97beac39e182e569f9717cb1750,raw/3dmodels/original/W/B07J4VK59W.glb
a987539307640f14bb2c4b3e260538e29b27e31eb3f72214f2f971a0c78f6eed,raw/3dmodels/original/S/B0857JWWWS.glb
a9b2bb818bbaec88c77fb051e25e663bf6916fe0ac687654ac32817a87918d9a,raw/3dmodels/original/F/B07124WCSF.glb
a9bf1b45f63e1d720e9af117bd5e697195a841a5eeb74a3f6240dafb6bc60bae,raw/3dmodels/original/3/B07B4XK5V3.glb
a9cfe3a7df83ecf872a597b9527571a38ef69a5cb37a1e29addb2a00cf5c696e,raw/3dmodels/original/9/B07B51FDT9.glb
aa093816d77a79761738625e6c30ba2e538b9f51020e0e90bea1e09b30f759a6,raw/3dmodels/original/B/B07HGD1WYB.glb
aa327d708d6c768655211ebe1e6375bfdefbf0b6866c3d1ba23d28735e9067f7,raw/3dmodels/original/M/B07HSK7YBM.glb
aa32d483e2af5ec3f6e1da492ded0773a88b73090532babe358d391fe9169691,raw/3dmodels/original/N/B075X4PRVN.glb
aa359ea77dd86140af7b68e6b15112c945190783230ecad23d16fb93c1d61194,raw/3dmodels/original/T/B074DZNJ3T.glb
aa4d2eb834044be4141cbc25b97aca32835ba39759a486a021bca1d6e382ed63,raw/3dmodels/original/P/B07TZSC9WP.glb
aa52d7e889584c663a60568b18cd0cdf3aae0b7be9fa14d844713627586c9259,raw/3dmodels/original/4/B00IIFW2L4.glb
aa55677a213e8c80de5bb690dfeff76a53caede13d7a54c575712729f2dbc5fd,raw/3dmodels/original/L/B07GPF4GDL.glb
aa5c2754df477277b2869d539009ebebcdde8e92fd6c4071e19e775f02dcae78,raw/3dmodels/original/W/B07MKQGJSW.glb
aa79e80b1255a4a7c482e880c564b3cb557c476d83adf024be93328b0b36ad78,raw/3dmodels/original/T/B0825DWMTT.glb
aa989d8447bd125e461ae9578b562e2999afd4f5a8ae21fec64e245bff3a7892,raw/3dmodels/original/M/B075X4N3GM.glb
aa9a9c44ce4e5403b65f0e2a63b5739709c53346baaeb0e4c8e6d29d5bc9a8af,raw/3dmodels/original/J/B07PBZ9CLJ.glb
aaae7ca349e1aeb8ad57bd51d16edcb7978fda7410d4ad945841706ce57c7d48,raw/3dmodels/original/K/B075Z8HXVK.glb
aad7b0847a7a3d0e13093470caf86e4e6582263dfdd25734ffac6efc109e9e7b,raw/3dmodels/original/V/B075X2X4SV.glb
aadbce649f4c3e83d45517a1db68d636baaadb17f8535551ae6751f8954a4b7e,raw/3dmodels/original/H/B07HSDTR8H.glb
aaf46acd6384b54a6d3076080164d2c9053d269ad70e842aa89dbd1713ab5fbe,raw/3dmodels/original/3/B07B87J7L3.glb
aaf96e8e28f3ce24ac1b3c461611351a4aa1f82cd2565fc3fe135dbfddaa520f,raw/3dmodels/original/J/B07B4L562J.glb
aaff58525996d431781b1522cc47a85d91529aab771a83a2fba9ea8f1e379ab6,raw/3dmodels/original/D/B07P9Y5K2D.glb
ab1f6461c5c832a95de9131a627067e4d06d57bdb42487b9c7bc7217cc8dfb4b,raw/3dmodels/original/N/B07MF1RKQN.glb
ab1fae4f292e540e09b990c3613d60aef0995a6fb208442c211ba70b13ed256a,raw/3dmodels/original/3/B07VSV4783.glb
ab26fddb25ec4ec421f3aa95df95ef326fa9571c4639a889bad925c5408a0ba1,raw/3dmodels/original/G/B0856G51ZG.glb
ab3a3b1520a843ab32fb904765793c5d03d83f31dcc830f82c1559b489ed8fd2,raw/3dmodels/original/1/B07H8T8ZT1.glb
ab3a41a627bef4fa0e11f13277c4c3a405e26e85270606c01e71ae11d27d60d7,raw/3dmodels/original/W/B07DB92DKW.glb
ab4e3025271ea38d40105a170787deafb31919197444221a6261e23b45c75741,raw/3dmodels/original/N/B07XL85YDN.glb
ab54c89111886940532e62c2b0caaf22d59d6fba609fa6f083c1f3f3b820139e,raw/3dmodels/original/W/B075X4QFDW.glb
ab7466f749a601bef98f1c50a127b92bd52597c4a84b3796e9eb8404a281eae3,raw/3dmodels/original/V/B07B4N1S1V.glb
ab7b5c4076db2fcf9b87c92403fdb348a5eb237d2a444b8587818210e259a42b,raw/3dmodels/original/3/B072PZJZY3.glb
ab937708dbf1d9141727d5e8b1d4b180376eb024344fdc0fdd48578eca1a1bc7,raw/3dmodels/original/7/B07H8SSBL7.glb
abb19053f563ccf78d729168e9542417f65f5bcb8621c9b19eec17c343f53aba,raw/3dmodels/original/N/B07J2Z2DPN.glb
abb9cd9f20d04605c0697ecfa535d411292ba2bf1d18d9867778122fd19917fb,raw/3dmodels/original/Y/B07CP9YN5Y.glb
ac0859c329ee41a1617f8f82a996f782d4ef6bf2380171aa020dcf9382511b8d,raw/3dmodels/original/J/B075X5LXYJ.glb
ac0afcde8b60ff6c195ac041d43c707325310043edd8e84db98b9d068cfcc026,raw/3dmodels/original/7/B0742DR7C7.glb
ac0d7cce07cb91f52b5116b66828537c1c42bfc44bfbfc1e18fd4af68a11848c,raw/3dmodels/original/Y/B075X2LLTY.glb
ac11e42e631e6396df092237626ba45e8ce73db43653fdc675743f42001b0da2,raw/3dmodels/original/6/B003PBOMJ6.glb
ac18c26f43ad356fde06f55eba03ee984a9cea4656096bdf2338b30c55746312,raw/3dmodels/original/H/B0842H1DNH.glb
ac2166e731a2744b358981e14bc592b30456482c3e4c4d0f98c94cf6415fd2da,raw/3dmodels/original/Q/B07SMJY5GQ.glb
ac2e8232b1e26b74d567286e8436da0ab42dd995f17c574ece2c18961c1a7f5e,raw/3dmodels/original/9/B07DB92HJ9.glb
ac3cf4a7038bb9f44dec2a6d9272b770962b2837f5ad9ef53b32faa7ca1873c8,raw/3dmodels/original/8/B07B4W2PH8.glb
ac4447100c125b054465bcd11aa5c13da8b8b7cba671d8ea75b971f0cf2349ca,raw/3dmodels/original/P/B075X2X4XP.glb
ac5b8b58d73ff0efbe5ccf8ab94f7714be956d23cb2962102d4ccd160615aa23,raw/3dmodels/original/R/B07B4MG3WR.glb
ac64162d8a335f8e97a16e6594e66d9b7d1ccf9d21b53f300bfcb010bbd2eac4,raw/3dmodels/original/6/B07SFXGSK6.glb
ac6a7761a9f704297260722cf9a1f78cb2c2079fc690c26877a3fea085a7cc2b,raw/3dmodels/original/H/B071ZLXSVH.glb
ac6cf2e594742708f5ca002c3b45aad84902571dbe6eb9d9d770e45f53a961dd,raw/3dmodels/original/1/B01M642Q91.glb
ac71dead59826861a264eea89fe872e6d1005bf0b6dcb1647084119adc7639b3,raw/3dmodels/original/B/B07HSLVYPB.glb
ac725e895882663bfa0db1c745d9c9aa56eded6c2edca325a01b81a14702de21,raw/3dmodels/original/T/B07PC11RDT.glb
ac73582ccd47b8a8bb25fb079e8c719f9117d89e9c8a52ea45f4ef6cc54d97e8,raw/3dmodels/original/R/B07BWJCZCR.glb
ac7dbcfbe0d324daf356905cc055f665558c6ef3bc975df0b3dbc93d6bc85789,raw/3dmodels/original/G/B07SYL1X9G.glb
ac7edc9e6ce2287b90b63f89f25534ee9765db34711299a8f01f7d8d8a078881,raw/3dmodels/original/W/B07RPZSM4W.glb
ac7fe5018f45ad367c1b306377039ab520198017219d45cda380b4c10722ab2d,raw/3dmodels/original/3/B0723H8HN3.glb
ac881e60b5c31cf387a2677e0f6e9bac36fdd1e91c1deb5a16a05beba477a6b5,raw/3dmodels/original/Q/B07Y3QXV1Q.glb
ac913d0f4f2b7c9496271a9f84e32b5db1cf558986fd1f0ca318f4e9b51325fe,raw/3dmodels/original/D/B07HZ5RM1D.glb
ac919558501ed24e1843ff08aa8c66441873469a6a2d1b0233f869cb1c7be65e,raw/3dmodels/original/Z/B07B4MF1ZZ.glb
acb86cdfe5fc4ac59328a1d464495016345c7965a45c679cbf74597b615cbd17,raw/3dmodels/original/J/B0842GQ5WJ.glb
acc3dddfb6bc23bd8d4e73e523ab30e4605309a59f24ad3e447a774de17a82b2,raw/3dmodels/original/5/B07B4GZ675.glb
acce4b2a6a62acdad649a4aeb149ee761fc3fd0ff74729d87ad225d6ea3f2b59,raw/3dmodels/original/S/B07B4MKBVS.glb
ad0273da06acba1fae8e6eec718ecf872630821dbb95a3bd0fc1a7eaf1979438,raw/3dmodels/original/B/B071PDYKYB.glb
ad2f696a67957219ab805459cec725b388e221a855b7ea76833a9e6592f1aab8,raw/3dmodels/original/W/B07HSJJDRW.glb
ad336410ff8c379e2ba41556d01554b04018f89fb2f5efc12a349cee6d8ee0b0,raw/3dmodels/original/B/B07QV37J6B.glb
ad420ff7f1fe969b6c93cd8aac80b0e432a7971f340f9355c81ac22c8adf4f71,raw/3dmodels/original/D/B07HSGBB2D.glb
ad4790c6cb4395c16858929508278ff1f6fb9979132613d7086b018f51d218e3,raw/3dmodels/original/G/B07SZ1PZ1G.glb
ad532df2b85dd14600dafe4dffe1da08adc872bd46f2aabdb3dccfb607b015a0,raw/3dmodels/original/2/B084MXFXJ2.glb
ad5602b6733cc94c3194423e4273552e678ba3e3498d18c162d2826b8395e913,raw/3dmodels/original/6/B07JY2XNG6.glb
ad67738b6362366002af41c54dec76972890646f981662ccad3b3643d528e5ec,raw/3dmodels/original/W/B07HSBJ7FW.glb
ad6cf4e52dd90f0e9861aa24f2b36edf502a73766ffe67d4e48b1e4008c8def7,raw/3dmodels/original/F/B07H8PWFDF.glb
ad7c15bab38147658b76242c316deab8e84bf7ba0c8a1b1c0a5d0458c99fd6bf,raw/3dmodels/original/N/B07B4G5RBN.glb
ad8d4f3eeda489afcf57cd5191e3b966dd6dcd3c0782d8c1d1f028e44f16c37d,raw/3dmodels/original/M/B01GGKYZQM.glb
ad8e3759e6028ea2ba7525caa9a2cb88f0cd42707290a4b4be8a93663272ccd5,raw/3dmodels/original/C/B07B8MSPDC.glb
ad9e332623dc0d136e981b6b5a4c00ba9943dd392d44c532e13b74bbc469878a,raw/3dmodels/original/F/B07DB92HCF.glb
ada8b0172a5f8b0d4997b0a51a5febf0d8bfbce1bce2344a2f4c03289ee562be,raw/3dmodels/original/F/B075X4VQYF.glb
adb6a8e56f90d4854184b20ff16685bca0ea82d7116b60d3d3932cd087dd21ce,raw/3dmodels/original/N/B075QJDGNN.glb
adcf1f33d982d4b3eeee347315d74b37c384271556440445c714eeee1f53be13,raw/3dmodels/original/8/B07QDL42R8.glb
add8e80b9db646fe196a143b3d57ff75c88ceafc6509e2cc8b25a43a1c0136f9,raw/3dmodels/original/Q/B07M6PKM7Q.glb
ade4fa82a6e7272b9a9b854477bed2cc656727fc2920ef8c59bc506158cf33fc,raw/3dmodels/original/8/B075X43FL8.glb
adea26da0ec81968e265bfd8d94874bbd92fb8ebbe7d03a0af866f7ad109899e,raw/3dmodels/original/Z/B07DBF788Z.glb
adfb7d7b15aef9dbfc77697740df30182478bb98b18b331e6b076ee17b900983,raw/3dmodels/original/6/B07MBFF196.glb
adfeecc78ef6f7de75e3fe6b4ff266d9322acd113cef989a9c4642b49f1f57f3,raw/3dmodels/original/6/B07D3Y6R96.glb
ae10532c8cd0c9c9efe8573982284405d3d6b38724b2555a25b166c5b69d6323,raw/3dmodels/original/C/B07QCMB9WC.glb
ae26d0db387ef7dc4a6521943205bc3478febc6897c94622497a23e5c7e8bb4c,raw/3dmodels/original/K/B07DBHC33K.glb
ae2befb636e056747e444e37051c7543866ce570d2b25b1716bfed5de80db0bd,raw/3dmodels/original/3/B082VML3Q3.glb
ae3b7f12111d670c4a1e08fa0949597babef5fef4282e2c8733eb7a179751ddd,raw/3dmodels/original/P/B072M1VGBP.glb
ae4471fed3a3053a8df03101d97fc2bcc2710184e6c9daa37bdbb6b04f0f4c33,raw/3dmodels/original/X/B07B4YZ66X.glb
ae510bfc6e6b789df5ea794687f6cc39cd00c0aab0ccf601d72a216abf0d9f30,raw/3dmodels/original/2/B081H43WV2.glb
ae673f16a58c17155f142f827713e90125b16b79594a3dc5a417254d9b6ccfd6,raw/3dmodels/original/Z/B07JG3ZVVZ.glb
ae67839722f21072e7ae28964ebc7e5236531f09f40a7c57c23d2104ba32d69c,raw/3dmodels/original/W/B01557QQSW.glb
ae7443fa760a27b4436fa3c29d558b8ebf27506501526139f0b1e89a8898259b,raw/3dmodels/original/X/B075Z1VKKX.glb
ae793825b2ba75b887fbec1646861a993f0bbfa8f6034e0cea9d0209b959e185,raw/3dmodels/original/H/B07B4CZNPH.glb
ae7cb7bf1eaa27f8e1e938a4b2d62ecfc29d8d5379f3bbc0b3a68e85eb708bf8,raw/3dmodels/original/D/B082VMJN1D.glb
ae87a496f48f1e48de42260819fe7ed32fc669dc7e0fb5faaecca3d1a04b49f4,raw/3dmodels/original/8/B07BW8PZ28.glb
ae8ed71fa86ef76ab3038372f6272b984c9f19fb291207cf5d8e1bd3b0d18d21,raw/3dmodels/original/Q/B07B4ML8YQ.glb
ae9ddfe6c410df955792e29b0351c07fd4cdd502cfbf32b29130dc6c4280ea33,raw/3dmodels/original/C/B075X4PRXC.glb
aeaf679fc93615beda41ccd79ab41214e8757b70e2a5c1d49fb25675fa603a71,raw/3dmodels/original/V/B07QGWLBCV.glb
aebf950690976e82bea21fa3b438d1ef273667314fffd68972572ca30a8d74dd,raw/3dmodels/original/M/B075YMXWZM.glb
aece43b7daf70cc23d79b96f36b097610d01801e6a3354160388309ac633f3d6,raw/3dmodels/original/G/B075HXPFTG.glb
aeebcc71ef182b08c06b4cc4eced6fc669a40e7ec426975465fc1662c1498f6b,raw/3dmodels/original/3/B075YP3BY3.glb
aef9b7e8f2e5ea54da278b196d6f50c00af9253920152fd962cfbf69fc0355b7,raw/3dmodels/original/6/B073G7WN36.glb
af1566567e1f9a8118322b9d58b776945104bf1f73e5c1ff7c4f7632fcdc30de,raw/3dmodels/original/B/B07H8JRYSB.glb
af26de204ddf6f8ee6346e3a0edc5d48472858500e58e581a3ee6083e3779120,raw/3dmodels/original/2/B07QHKWJV2.glb
af61e69d3cc020fac8c05eaf8ccb22ad6bae0b3af8e694345af3451259904986,raw/3dmodels/original/M/B0746H4BPM.glb
af642f4f1325badd8d157dbea2eeb9f25ba85a3b969d371936ba412e299880df,raw/3dmodels/original/B/B0842LHLXB.glb
af7ddb377ab449e957c8313812bf2f79e48c6aa55e7cc7dae2aabce558caabd3,raw/3dmodels/original/K/B07BWK7FXK.glb
af899f9241aed13d3008d153aee84ba8842364d66a3823ab0fd01fb4c60c57ba,raw/3dmodels/original/M/B07QNWMF2M.glb
afad78c5892a0f7483d70dd70b2ad5c5ef2e6e3e286a0cdfb8a41b5617106191,raw/3dmodels/original/B/B082QB8SZB.glb
afb7f2f0fdd7e0329665d6788ce44fc4ed4c14e34c52684d82f32e42c67f08e9,raw/3dmodels/original/9/B07SPHTGR9.glb
afbc5b3b21be521f9d511e86c6f954c500e25561f5305daa72f055611dca1eea,raw/3dmodels/original/W/B075YQ478W.glb
afc29f4697c77049c3985abb0560bb85f7d823df57384646b49c6209be88dccc,raw/3dmodels/original/D/B07B4W23CD.glb
afee6392710fbbdcdff163a31ea5ce18de72852b772c4f08a01b6c4e12d03d57,raw/3dmodels/original/X/B07B4N11TX.glb
aff54605ed0f19d345738bc23cef3953547ee84b8ee3ec4587f16a7f7f450e27,raw/3dmodels/original/Z/B073WGQBPZ.glb
affa7e46a08ffb304ccce8769e85e6842be86b3432004bda87ecce44b783ecef,raw/3dmodels/original/R/B075X463FR.glb
b002798ef0e2c8d30733a319aa689213462b154cf084767f02813595099ccaa3,raw/3dmodels/original/P/B07M7MMPYP.glb
b00844104d21952ce5e5a33e16b23c98e00caf9dd2ca11d23391ae589a960ccc,raw/3dmodels/original/S/B07B4Z7MSS.glb
b00a424d06be120243f5b1188a044cfe43d25f1f32181941556cc67c22e09f57,raw/3dmodels/original/P/B075HWDS6P.glb
b0131b8d855aa738dd66ab11046b017d969451348cce95611395d974cc9c7329,raw/3dmodels/original/Q/B074KMJ96Q.glb
b032412edc52513af300c531e4d857e5dedd0774db0c3e5cf6be42f68068576d,raw/3dmodels/original/H/B075HWX41H.glb
b0345145e1ef32dc67c89fef923471b3bb89343cf16cf87dc5368fc0cdea196a,raw/3dmodels/original/G/B071W5V76G.glb
b035fcedad4d4e161318624aae02fbac411204333d56f1623f9f7f2e281cd3be,raw/3dmodels/original/Q/B07QC85TNQ.glb
b0735a2c4299523fd1f501cfc68424d447aef2990397ec0787ef6059ec960e18,raw/3dmodels/original/5/B075X4F3V5.glb
b0886e93a97dd356b6cb57744c863c38b17c1402220c083ed129cbc7be5d9cfb,raw/3dmodels/original/M/B07QCMB9XM.glb
b08d296d1628ca8339037a86483bc3bac2d13fda87c307de2d4f9712d41a5967,raw/3dmodels/original/R/B073ZPDT1R.glb
b098335a97c7c458c0ce7652c349b34bb7da07980870d2cb177d5d7ed1d51f15,raw/3dmodels/original/8/B07QCQ2JS8.glb
b0994c9dc263f380f917cbc7fc20955d3814ed8aa82e2af30ec96c69e072302f,raw/3dmodels/original/3/B07QGG5NC3.glb
b09e631f827e376052ec748f091fd0fb523ba3c95f41f206a8a1c4b473536833,raw/3dmodels/original/K/B075HWR58K.glb
b09ea841cb52d9feb6cdb1929b39baf78850847840ac6f63b8bf764d5aa3dfcc,raw/3dmodels/original/P/B07DB9638P.glb
b0a0aa27ab34d03c6e230cfd2e444b417a036542cc9ebf96aaa7d501f60c3337,raw/3dmodels/original/6/B07B4YXRQ6.glb
b0aed08b5fea298029fb470246002476bc3f380c84b6f5d933b39dee0be0800d,raw/3dmodels/original/Z/B075HXHKTZ.glb
b0b0893d843890766ecaebc9d0b1c391879772d73d4794a1ff03a491dcec20c9,raw/3dmodels/original/7/B075X4VM87.glb
b0beeb63e38b7cdb4dbf861460513b681bc12f3d5f078b344c01cb2088dda4ea,raw/3dmodels/original/X/B07JPG7R7X.glb
b0ed2a44157ad9ba5e1c0abeb533946d04442d9714da9d2644367ee85862a084,raw/3dmodels/original/8/B07WTFY4N8.glb
b0f9510b805aa77a63331e5401132fca851a00f28a352ef3c6ebe0d216119260,raw/3dmodels/original/H/B07B4GVPQH.glb
b1009eba15e31f817887bb4efce5035ba83781e8538c73c8ba73fe4eba1dd376,raw/3dmodels/original/3/B07DBGCP63.glb
b1078aa0a3109e574ec67f3fd8b49a3aeb07160ef0cb2de6209ec0f7546551bd,raw/3dmodels/original/F/B07B4YXRLF.glb
b112afdadda5f297537fc6d4de6afe5bde0f5f4fc88d4cc4af21bc6a70660363,raw/3dmodels/original/1/B075HXQJT1.glb
b11fdab6fe3ff6b59b5abcca9db95b81af7c3d8ff7ad84003ce48b4db4a10e34,raw/3dmodels/original/G/B07Y3QM2SG.glb
b1293a7d598cd3512e3f184989417c741d215ef4049fc8039fa72b90ade48dab,raw/3dmodels/original/R/B07TTHFZFR.glb
b131a994e5935dc2fdf871c9bb22432495ed0109e7375492675708160b0548a5,raw/3dmodels/original/G/B084XMQK3G.glb
b13395277477be08ffd4b80a76a402a7f9c7d31e8ef40340e1e84f54e0701f5a,raw/3dmodels/original/V/B07TNKZZMV.glb
b13f925e880926a57d8dc99d44abd594658f9ce5152878c5d2cfbbec6e0ee5f3,raw/3dmodels/original/M/B07B4W2ZFM.glb
b1424ad6cd39374f6a30fad7d90567918619c533f809de0933f59c1f9f4c9412,raw/3dmodels/original/X/B07QHYD61X.glb
b146efb38b1632a87f775755d0e5ef37cdc7de4852d4759d4f24124f74c6749a,raw/3dmodels/original/8/B07R3X38R8.glb
b1675d3f83e91c214b7fc5ff309617cb0400c716e2c4be9f8814fcdf9dc20d6e,raw/3dmodels/original/8/B07HZ77TM8.glb
b1743f4f80ee3b4a858d59999620adcc6f25374b2bb7b3c286ddf8e9dce2ca12,raw/3dmodels/original/W/B075X4VM8W.glb
b17743503dfec2cfa164b94bca299d62c7f7c4a15ff6fd528e9ab451e1132ee8,raw/3dmodels/original/9/B08568YKW9.glb
b1789da4d0672b75cf463d8efee0cc7b0c755c2c389f86c81819ea7a4b22d01d,raw/3dmodels/original/G/B07JJ9FB4G.glb
b18d6fff17f56019c95648468663f079287d7d9949dc61051d1d21edb9bd6646,raw/3dmodels/original/Y/B07B4MHRXY.glb
b19c05600806bfec9b40247428a4eee1ec318fa0d30927e5f39e818d8c7c97dc,raw/3dmodels/original/X/B07M6PJ4LX.glb
b1a8b972c06bb53e2b07ea3abc506de1c38085014ed0575d0bfd4928dc510a9b,raw/3dmodels/original/K/B07P5LN3XK.glb
b217738614ee66f8028821109bea96c6ff49ede5ad6d3f7c9e3bbff7e473f37e,raw/3dmodels/original/G/B075X4T5RG.glb
b21ec2ef7909120a5711c1f61010c0d9bf172fd454b73c4c9bf246f537c39b34,raw/3dmodels/original/B/B07DBHC33B.glb
b22e4eda487a24bc57db0f74c41e3e32bdf430c53ae170e2bae8391a24d34158,raw/3dmodels/original/R/B075ZBW1RR.glb
b23568af43c4675e71ad9abd30cbf087f413a44c45c78a7a5b2f018220d8b821,raw/3dmodels/original/K/B07B4YZWRK.glb
b2404539f31654137ee2a27b68dc7835e7c29ae7a3e2ef188d097e561d894786,raw/3dmodels/original/Y/B07DBDT68Y.glb
b240b78ba1a8c75242b5a2956307e9e0b070a540a06441601c230b75b794688e,raw/3dmodels/original/9/B07WL4PT89.glb
b24840d5b9d23aa21abb9178250d3dfd965e84a0bb4a21e9205fae79cee911f2,raw/3dmodels/original/2/B07B4GQBV2.glb
b24ed915150162257ec428dab53d74afda800838c5989126aa0b13f10facebc0,raw/3dmodels/original/K/B07HZ6X7ZK.glb
b2552df51e8aba6fcb4b8bc6505d1d89dd859c47e3f760beb82370b579cbed36,raw/3dmodels/original/Y/B082VMTPJY.glb
b2757783504922dc0795b622ff07e20ae5368c757258e077439f8118d2ecded0,raw/3dmodels/original/1/B07NR2M291.glb
b2809086d0a98b1451e3307643ed539356b5e6e2e2a28a44452e9de317bd6053,raw/3dmodels/original/9/B071FJR479.glb
b292c83cb1c6ab4a939ee89616813349db2fcbd92e4d5f4dba53a4afdef09ea1,raw/3dmodels/original/2/B07QFRSC92.glb
b2ab06fb2f4b538b9a4a6b611d3129821e82df50424593edb851a534c84f9357,raw/3dmodels/original/R/B0728KSP2R.glb
b2e1c7a9d2b840e17553521dcaef24a13e371dd56ea85fb763ce5ad7e4f49b4d,raw/3dmodels/original/1/B085693MV1.glb
b2e2666111a2e8c71b31f118d05113ba072590945644024659ddc6765edd315d,raw/3dmodels/original/Z/B082VGJ58Z.glb
b30cac757ad4d132fe59b87e47af271d12406144c8d000bcab019d8215a37dc3,raw/3dmodels/original/Y/B07P8ST9TY.glb
b3170d2c896bba705797477d737f8ae8c7a296320f7bc0c1cd895746add2d7aa,raw/3dmodels/original/N/B07HK8YFPN.glb
b34061fcb3da16e5cb9d202bbf81f416c7aebf37f41b34c16d40099288b08315,raw/3dmodels/original/Q/B07HSDY12Q.glb
b3733e24a275bee76929bba25899e3c8e486aa2df9f7379ac8deb64b4aff1ac8,raw/3dmodels/original/1/B075ZF4SF1.glb
b379566e1f8c45383d16be303b1f8f344eddbf3fe20aeb269db34b983f423400,raw/3dmodels/original/N/B075Z8629N.glb
b37cd1fd6060beae55cae90be1e363b3f02c499d8b5ce100885016508f5267a1,raw/3dmodels/original/N/B0723H8JNN.glb
b381684b12bb9ed31ac027e7e47f28cdb39b7a8ab754e7268204553c5464b64c,raw/3dmodels/original/5/B07MHMSDJ5.glb
b38ab586883d1246c348fa645b9eaa5865830d76d382545ae9684c77925ac1e1,raw/3dmodels/original/W/B07DW4VYQW.glb
b3b9085c1efb70d49ae5c9a7cb88cf846f7e37ae12f71652be65dd2d54b533f7,raw/3dmodels/original/6/B00EUL2B16.glb
b3baf9635008b11565bdfc883a56dab10df372a812d99653768f685a50968e91,raw/3dmodels/original/F/B075X65QYF.glb
b3cb7bee079cd6ed97df75532f11cfa7bd16a6ec10c98ed3b4dd59472db54ca3,raw/3dmodels/original/G/B07K7TRF3G.glb
b3d0b13155de7888811db3a2dc8a62795305fe3b14f681f4b005da97022c54d9,raw/3dmodels/original/1/B07DBD9VY1.glb
b3fa4644e1557688d50ec3fd9c15e9869e223d74375736d432df1db5e1fd660e,raw/3dmodels/original/W/B07TX2D4WW.glb
b401cdbd369355f899b69b3fce4a73e2c58126f38a59a8f22e207028246e92b8,raw/3dmodels/original/Y/B075X33SQY.glb
b42fde8d47f8cb709dd303ea9061b1f786c8455c732f69e57970ada371d62077,raw/3dmodels/original/F/B075YMJ25F.glb
b478552a9e98c38fcd8b55620d3b65f64cc8c3c42ad2e08a43583ff59f7b64bf,raw/3dmodels/original/N/B07QB8JS2N.glb
b488104e869f1c02846cd1f87a155fa11cfc6ae0b484df64e33361abece3b7aa,raw/3dmodels/original/2/B01HEZJ342.glb
b4aa482f17d133da33625c1366810bb06cb65bd33ec5f21eea43bb538f089c4a,raw/3dmodels/original/Y/B07QDNR85Y.glb
b4c74c7fc214e016273d9546e349f89d02475beb44ecbebfa0d37efadb15cf1a,raw/3dmodels/original/Y/B01N7N9XCY.glb
b4e741f16705722ad24560f2a0ca869a0cebe13ccc836377e519997809f53b4c,raw/3dmodels/original/B/B07HSM8NJB.glb
b4ec9cc8e97d1d78aa9f6273d1ca71fdb7caec360402bf4ff96ddd2ed80804dd,raw/3dmodels/original/J/B07HSG73VJ.glb
b53874a742bddf21df25295a0fcb7bd1fa3d5dffefe7d3db0e41ff99517677d7,raw/3dmodels/original/V/B07B4MRPCV.glb
b54b08c8ef6bfee8646fec7237059d5870f086ced53e5809e552bbd9216c2675,raw/3dmodels/original/Y/B07QFP52CY.glb
b5641620ab8b317d72da3b84d71526cad5326569134b76462fad3c3d94c689a5,raw/3dmodels/original/P/B075HWDTHP.glb
b56a42098b91e6c08d95dd8b5e94aedec3359164bf8538a561b010e36d2837b2,raw/3dmodels/original/Y/B075X61W2Y.glb
b57e039ec95cef380d248b92ec4c52775d43cc96bcd13518fa59769ec4aa6736,raw/3dmodels/original/4/B075X5HBD4.glb
b582bc4d1533c5dcfc0510f5ef0769c0306a16456a482c2666eae95b9815d890,raw/3dmodels/original/R/B075X52BMR.glb
b585c93d82526fd14b93a6bb92352ddd04c84fbf5e8fdddb2ad2f6d993b2ccce,raw/3dmodels/original/5/B07JKJP5N5.glb
b58b20cc9b21782b9433807e5154039e1507bdbd215617de24b6d35f412ceac9,raw/3dmodels/original/V/B07DBDWZ7V.glb
b59bc5cb23404e9f1ee3ae6d542ed56a522fc2e12891afb0c2129a6d3c90d7e8,raw/3dmodels/original/C/B07JY2XNLC.glb
b59d0e880a79ab28cb3015e05b10625b08458a797b92702bf84de2a920baca1d,raw/3dmodels/original/G/B0742D9X4G.glb
b5bca37c93ab51318565fad1f989cab595cdb944cd7f79f8f368220f26e62a0a,raw/3dmodels/original/V/B075X5441V.glb
b5bd6867d3b213e6efe2b2f88fc537e3de33d0b07c69a48b5f1ce143db3181c4,raw/3dmodels/original/F/B07QJ1WX9F.glb
b5cd64318e2e9bf44653ffa68f5949818bfe28028179b7274639b2bec9d7ecc6,raw/3dmodels/original/H/B075X4J16H.glb
b5cdea093071d4c71caf44dee99d10d896761008f13a420ade97a9f0a351206f,raw/3dmodels/original/B/B07MBFDKXB.glb
b5f9b2100255a1da14caf7986bf1e8749350cc5e819fa416b35a3a8e8310f17f,raw/3dmodels/original/K/B075X29QYK.glb
b5fa08a5b3f11484870159446f304aa133dcc2227b8d0922a3d2d07bf6d2c580,raw/3dmodels/original/G/B07KTWW7TG.glb
b62395fba4148496edbe4d1cad091d7904d2941c3da038eb20995e28d36906b6,raw/3dmodels/original/N/B075X543QN.glb
b641dec5cc7136aad6e1237e442fa6381bd4026ab6551dac8ce71e94f2db62dc,raw/3dmodels/original/S/B0861YKM8S.glb
b6474a0ec0a92e88d7543f1b6027d276051b815ee8fc52e155a25b4e6f197383,raw/3dmodels/original/V/B07DC19WYV.glb
b64773952e4130cd9a50b3e828a3d81f6cb5bfb7a65c46a65d5fd5e1393cf925,raw/3dmodels/original/S/B07B4ZFC7S.glb
b6484f3faa6eb7c62f2639064de33e70bc68ac572812a002a63241f7b4141fb8,raw/3dmodels/original/Y/B07B4ML8SY.glb
b64c358e6ab8f3af75bc59f397c72d7c9ea8427d4a73297e56209f7b38bf5624,raw/3dmodels/original/7/B07B515FP7.glb
b64d85c41f903802cba854b4aaf0035d467bd09fd6dbf3857630c415b2a2419c,raw/3dmodels/original/B/B07NYSKDTB.glb
b658ba2147d6d3228846062ed92b8b3ebe215eb83566f83775cf4b59d0ae8884,raw/3dmodels/original/W/B07TXPYGVW.glb
b666b6bd3fc2e5e8f21ad6a72f47a6d5175d8f920c46c6bfbea35a38a54ae557,raw/3dmodels/original/Q/B07B4SCPNQ.glb
b69b96823c322f784f438d89fc1d6a5070a43f2b83cca01de208f21a003e7f00,raw/3dmodels/original/X/B07HSBJDQX.glb
b6a1b25b78f5d6707542a7805515281980d9cd5c938ee7861237e0259af94cd6,raw/3dmodels/original/6/B07QB8LPQ6.glb
b6e59c5be645005f730c1151a3de2faeacceef78fc9966c022bf2cebff0a7bdf,raw/3dmodels/original/V/B075YNL24V.glb
b6fb3239506d6640ac67338cb406545344ef3d8af484428de306c2aaa261e3bd,raw/3dmodels/original/Z/B07JK8CL2Z.glb
b7014f83e421f3c8e4c4223fa42ca91c232c220adc95a69c138d5133bd856100,raw/3dmodels/original/K/B075Z8KXDK.glb
b708af0152f240108a9cef81d14bd645733562e249d1861bc888a27897b70035,raw/3dmodels/original/G/B07J2KGD9G.glb
b70e8886b1263a6260d6156dd99227c69c7310a731836129a4deb26370286f02,raw/3dmodels/original/Z/B07QBQD99Z.glb
b71a3160b04120a78ec64000d342a8f9257a3229723fb9ca5c83f86cb6f02952,raw/3dmodels/original/2/B084S1DM72.glb
b71d6fe78a99f00e766204c0e0225aeaf74c75938ac28aeb46b6a362b077ebb6,raw/3dmodels/original/G/B07BWK59RG.glb
b720e75aa1a4ffa8606d6f83e487f7c0379888186add601d8bf6b02c17688da2,raw/3dmodels/original/8/B075X4PT58.glb
b77369d4c3aad3967e43c1ad5cd5bf589ed4402193b46cc6c9eae60b791d3086,raw/3dmodels/original/P/B07DBDRHRP.glb
b7797913a2568189821c6b7e64c69f7acdad0234e322b71aa483873d24dc7358,raw/3dmodels/original/2/B082VLJ7Y2.glb
b793873d8a08722e22e6b57f9d494505f947d4cbd459a410525dcc3100cd96ed,raw/3dmodels/original/2/B07P6JVMJ2.glb
b79eec1a20017bd0aa4363f3d8a0658ec61fbb3daa70ab2b0b72e701e7d9cf78,raw/3dmodels/original/B/B075HR4ZDB.glb
b7b921cce5a4b27de3f4eaa69b1e47715a5f13b3f16007247a6faa25c683fef2,raw/3dmodels/original/7/B07B4G5SY7.glb
b7ea983b5fbacf99bf793a83df7a2fd8e6af39eea0c97ffa3214842b23ae2eb9,raw/3dmodels/original/Z/B07QD5FXRZ.glb
b7f3a92faff2c72a7e78acfb1307706a05aabbffffab865c3f4ed8586a0fd15b,raw/3dmodels/original/6/B07DBGHYG6.glb
b81067638051ee3d5c43f5e86329b884751fe360155b99f02f5e3f6dd42d0d30,raw/3dmodels/original/R/B073ZRS8TR.glb
b8155d0d4eaf0e944a791aa7e7435f9cba03b39b5a90f6d232e9b44850f6b1ee,raw/3dmodels/original/C/B075ZDWPHC.glb
b81a904a20c245debd20ced18749b753b53c3ac29c5607204ae0c9f39577b342,raw/3dmodels/original/J/B07DBHC32J.glb
b820faf3d611878a36de7898c1a7e3396b93331e1005ff1487863da186af3f2b,raw/3dmodels/original/4/B071FJR3T4.glb
b822fb8ff99525d469f3493427076b202ca9c64e92bcbe9cd8b821c8276fff5f,raw/3dmodels/original/4/B07QGSZ564.glb
b82332a1163af8020c6ab1c34f1f47b162f69eaae3d10cc258a6a5601c5db764,raw/3dmodels/original/K/B07DBJYDLK.glb
b82787f15e8537bb63eb171af323d908c0eda31910782eb9cb2c172bfb493c7d,raw/3dmodels/original/M/B082XCMRSM.glb
b84ecab299464d4e6bff837b0fe106a513f895ae1f0e776ac197cb1c4f49020e,raw/3dmodels/original/4/B0861T8Q44.glb
b87d9e67ed39aa914aa33824959d25b83a206dc74803a45b427f771a2b0a54fa,raw/3dmodels/original/6/B082JHT8Z6.glb
b88204816fde09e90b191b17c15e780962b82d5fe2b601441644b5f5e3dc2c97,raw/3dmodels/original/1/B07W6NTK71.glb
b8912db5b3cf0ee7fcfeb433fa2f3ca827a18d5bb23d9a6554c4f42b8b3bcf2a,raw/3dmodels/original/3/B07B78G443.glb
b897d72ec86c50149388d2bc5cc354338b30e179c9f344da4ff5e3eb8ce480a5,raw/3dmodels/original/N/B082Q8P3LN.glb
b8b0fc6f821fc1b998451c8531bda697944e28547b84892dcbd5a88310aa6dc3,raw/3dmodels/original/6/B07QCMB9K6.glb
b8cccd722166b9d8dc0e66ecd9f5d56d0a791e6b5a01324036c671669f46b24d,raw/3dmodels/original/H/B07JM1K8VH.glb
b8dc8a5da2ffaf156bd1c30c8783de7eaab1c1cb9e694e970327b65071072b69,raw/3dmodels/original/2/B075X3SHX2.glb
b927917611c855bdbbe7608e9fa0e38308c1bbfe0d4e994f3f05170bebe9226e,raw/3dmodels/original/R/B07B4L6C7R.glb
b9296ef6b0873feeddc39324613a383ab406d56b986cb18a66629fcfd5a99db3,raw/3dmodels/original/X/B084KD1CNX.glb
b9469ae145ac56ce869d9fae3267190a3b700f8ee2324726bd97800bff1faf9a,raw/3dmodels/original/Y/B07DB92GSY.glb
b94d6ab254901c8ac953ba2acce8e6d5ad40c921652e729fe6f4b1073ae4bea3,raw/3dmodels/original/L/B075QL3X3L.glb
b94e67c7080e3c71df04dd7ba90b404f09c0a87a8f6f15e576847d9f561a3ff2,raw/3dmodels/original/G/B07HZ6RKSG.glb
b961ad9f06e9d6c20162ba90a45b355d24d3753535f8168b676833b38278962f,raw/3dmodels/original/S/B07RG6YHTS.glb
b96df03e002ccb80d9654114ee75a7e367bb297aa197bd6853b8f5a5cc989fd9,raw/3dmodels/original/2/B07CF7B5S2.glb
b96f5937c3534bc4d387aea62093e23e97ee693a4c3f2f5ad374aab1675c9aaa,raw/3dmodels/original/L/B07DBB7N9L.glb
b9781031c0df83e0bed29a9d3c654ebba7ed621eea07694d0b02d80651ba9a5b,raw/3dmodels/original/5/B07VNLBJP5.glb
b98120395e6816c495ed59aa5e2fd0a1c099f63032a0e865f4c0b40f0f0d5d18,raw/3dmodels/original/W/B083YFSKFW.glb
b98ef370e64ebd92f73feccd6f6230151392e150c6b9daa10db5400fbd7e7cae,raw/3dmodels/original/B/B0831PH1MB.glb
b9907e58cb1d13c07e279c80f21c95f8fdc2dcacd38cc06eba05a85b3a58e317,raw/3dmodels/original/D/B075X4N56D.glb
b99fe6211ec6b341d17e39e4b87bc4d2eaf528d9018c2426accc367aa7f111cb,raw/3dmodels/original/5/B075QDXFV5.glb
b9ade7de87b8832cee7e41385a68e07d58323463f027f1846defc1b598ce95c1,raw/3dmodels/original/7/B075X2WN27.glb
b9b55ac624cd9772b52e32f292f0a581f34764db44e2f7ebaec03bf78d5d9d39,raw/3dmodels/original/2/B075HX7JB2.glb
b9b7e05c6b1243ab10b52cc9ceec998ebbc57b67c9f0492673d3dea82a57f831,raw/3dmodels/original/N/B07B4GSN3N.glb
b9b95d100720391f577210c2713bf46471ec215e34529f72ae0bcfaf9ffa141d,raw/3dmodels/original/T/B07DBGQ9DT.glb
b9db6e36d5d82f1d5bc427a77109cd29b73db607553942e8a53cc58975fdf729,raw/3dmodels/original/Z/B07SYL34QZ.glb
ba150f05f73b72f507164ceaa759046c2e28ddfa2e757c4f5611f69bf50196ec,raw/3dmodels/original/3/B07RT5JN33.glb
ba163a7ecd25eb324eee0eaa70397d6e2a0d1b412a436d4a8f4218785edcb4cd,raw/3dmodels/original/V/B07QFP4T8V.glb
ba29133d7cdfc5bb900bdbaef10ebf921efa0d686d3e3205dfd7cca748d88e1b,raw/3dmodels/original/C/B07PY8XFFC.glb
ba3a9d4a2045e288193b5539e53454a9b32debd9b46e52c1d79facaf08f9d9cc,raw/3dmodels/original/G/B07QJ23JZG.glb
ba41b5ba6a2b7da08e289caa198989e2cc27ad5ae0782a56a280e9e300ac136b,raw/3dmodels/original/K/B075YQ8QWK.glb
ba603b1aadd1852c13752e21da488743db916218d051fd1b26349c3d99b0e385,raw/3dmodels/original/9/B07B4MN2W9.glb
ba7289e2835ff30bb75f74e0fc1286343bbd3a060bf56a01a3eff380debeb7b0,raw/3dmodels/original/T/B07K7LZVPT.glb
ba8145c3307c96ce173c770f5373413fdd8c1125a63e8d7b7609272777b5dbd9,raw/3dmodels/original/8/B07B4M5CW8.glb
ba9633c3d1c43917aa5332fbb56a0b96cb3316f15eac7935b400f6edeb6f11c1,raw/3dmodels/original/7/B072JG3WN7.glb
ba9c468f13290e2034b515b42e41bbd072a9d879c4f301b5691bc2151caf44d4,raw/3dmodels/original/F/B075X2LLWF.glb
baaf0972572d09beab49e68e48b2b06d902fd1b0c71a0d08191489996ac4209b,raw/3dmodels/original/S/B07ML7P8XS.glb
bab0a4a2511f5e4f3d4092d3b3016db5e07e91ff1e47fbf2635a9362ab3274cd,raw/3dmodels/original/S/B0719WQH8S.glb
badae1e3d341a07291a18ed6104109ff14a7480eb73adccabe136f57a3a25cf3,raw/3dmodels/original/T/B072Y2S76T.glb
badf4ed51afcab318afd63709aeed6739b6f5de29e06900f739c6620a20c20f1,raw/3dmodels/original/1/B07B4GSKS1.glb
bae0ea6de724cc52e9e2239ccc4cc8a3c79aa8fe238e069bffcc534e5d3457a3,raw/3dmodels/original/G/B082VLR43G.glb
bae808fb39b2c9bb27c2326270ccf77963c1c60984b48daddb65bdbd06168b46,raw/3dmodels/original/K/B01E3R7T9K.glb
bae9161c4dd17ae8fc5aa2c6ad3ff69b09d3f0107060e8b424df1fe049216b05,raw/3dmodels/original/L/B075X5445L.glb
baf4eab5d064efff873c77fcf4fb64418f77d2b138b0f05f03ea82713b505139,raw/3dmodels/original/N/B07PXG7B4N.glb
bb03a892586b3a70ea7079c6467ef51657cb2e4ea8d32fa856b660083a421d6d,raw/3dmodels/original/7/B07TYTPH77.glb
bb34f3477732301ea36f100f661e0f9f06c8b8516c0c71e73c747411008f45d1,raw/3dmodels/original/B/B07DBDX5ZB.glb
bb3aab3da77a89f3fda7ca24fd1852eceaa3d97ba070b5f29c7d446d661ad617,raw/3dmodels/original/T/B07B4SC7VT.glb
bb3e91a27fca1e6aa6b707827e035e5c84766838be0cc78f58b7f19d97fd4783,raw/3dmodels/original/6/B075X4YD66.glb
bb54ddfb538c2cfd88d08f4ff8ae86b91f015cc3b2ca9bb0dcb47c708b52f930,raw/3dmodels/original/B/B07QBQFDLB.glb
bb5556171fa8f97b26e8e1371b951e73ae3928f38e124c8092772b45e307157e,raw/3dmodels/original/M/B07B82PXCM.glb
bb6e4ea0a8f9e71270aa29c123fd2b3a2ec1e9526573085dfd57ad9ed77baf6a,raw/3dmodels/original/L/B07GZXLYNL.glb
bb7b7fad0d216524f0680c331fe12f5aa9416cfe0c6bf24ed3063ea157abd5d4,raw/3dmodels/original/T/B07P8STD4T.glb
bb80b612e40dcb857bd02c9f2ad5209aab2460d531b6fc659d6260d0552780fd,raw/3dmodels/original/Q/B07263589Q.glb
bb88d1294e94809d2d70d30505cc97dd37a1df663d354fe7824bf2e9a55bcbe7,raw/3dmodels/original/Q/B07B7B3CVQ.glb
bb8f42b792e79763cbb618c52a6ee2341c7dad6cbd65db8b80b6c8d83c6d1c17,raw/3dmodels/original/K/B078JM6FRK.glb
bb91423721a719c02aa3eda83be13a7ba5970c473c208d0d76d784267120ad37,raw/3dmodels/original/M/B07DB95WHM.glb
bba25a0e227cc2b166588aa7b6bc04fe1bb020004373512d222bbab78ea49e5c,raw/3dmodels/original/D/B07JKJP8MD.glb
bba28b37201ce674940a8f861c9aa65b47fd1504543a12916aa893c696e73eb8,raw/3dmodels/original/K/B07QKW6KWK.glb
bba64075ef0da52658ea2bdbb629c063c97cff703e15a641e805f03f9d523160,raw/3dmodels/original/V/B07B4GVNMV.glb
bbb0fa6010ba4ee6bac7cde747b1a8593d343bb6c43dfeece1336369dc2ceb8b,raw/3dmodels/original/T/B073G6T3HT.glb
bbbb844e2ad4e110a1c64a66f17be6f3a1f6197ab4c9910d6a6663196fc653a0,raw/3dmodels/original/D/B0853JMTSD.glb
bbcc1e580dabec96972faae9f3fc9a4c4f54a5217a8636e8f576e004d6dddeb0,raw/3dmodels/original/3/B0853NYVZ3.glb
bbce49ea1b149d4285f22c290ad8a87eb94478bfb78452a628368369abebd72a,raw/3dmodels/original/7/B07QBQBXV7.glb
bbd53b4739cb589a49d60cdbe2402f0e18ebb30df4f7dfa9738ed2177745cea1,raw/3dmodels/original/M/B07JVP2C7M.glb
bbe88a595a85d1567f37bb8727fe2b6843bf7ad9e3a892fc1440cf76e4b35fac,raw/3dmodels/original/5/B07B4Y45H5.glb
bbf44728f2bd7ed3fb8c803e6a5d38d9171d04a5419afb17fd86adefda863a24,raw/3dmodels/original/H/B07B4MDDJH.glb
bc2afc08a4ae7357ad388bec9cb9630b6ca4d2caf68dfb5547011ac0e0fcb84e,raw/3dmodels/original/Q/B07Y5XBTNQ.glb
bc4849fd32bbc6196011f87d001d639c60b57d7e74f3f5a0ecaa7dd2d625dd53,raw/3dmodels/original/R/B07MF1TQYR.glb
bc4877882ee08c45847b198ad9abda17991a24c84722048674ec3283210debe3,raw/3dmodels/original/G/B075X5HB6G.glb
bc541b8190528b4ad6a9ea87efabca2e42b64a009528b55f63d9f0f398ef5a16,raw/3dmodels/original/N/B07DBF3WWN.glb
bc783ed5ecbb7050c2a5944dca35a70fc5f575aca3b7ef4be3b5c68bf9a7b557,raw/3dmodels/original/J/B07GZYY3BJ.glb
bc880ad73433872182a583137469a2bf3eda22ddfef542241c7b8af14444026f,raw/3dmodels/original/W/B07P6JWD3W.glb
bca154afb3fc800207053745185c8253c3a517f23f8bf213a159ecc7d2e83e8c,raw/3dmodels/original/X/B075QMGMWX.glb
bcb5f4de832d47035d4c41a02fa1ca7399eff8102adc46c8acb5e1af0519d260,raw/3dmodels/original/N/B071NHHWCN.glb
bcd6cccaeadc7dc334b4b7ebca6607804f816df0b28c4217547f736f18c0b158,raw/3dmodels/original/W/B07B8PXJJW.glb
bce9a5b9edb7497874ab4d8acc5a481825335c750d9bde4d67505f8e122b13b1,raw/3dmodels/original/S/B075YP38WS.glb
bcedda7743d0bece04cbdd3f262b5205afafe91fb6c1d11037d23242beb7f65e,raw/3dmodels/original/R/B07QFB1ZBR.glb
bd0a1b492ed933c136436fabdd6aa96820fdb3e85f37ff133f2c5cb894526d5f,raw/3dmodels/original/K/B07MBFDQPK.glb
bd25166ad1bd7fb5923fcd36f7c5ed02279e16241f2ab42534fb5a41cf402523,raw/3dmodels/original/K/B013P2DRJK.glb
bd255e6da67e0c536eb93123e60d7da248194943e7c95bd4b756ce787b3b1232,raw/3dmodels/original/Q/B07B4ZFR3Q.glb
bd27fd42540d7285beea4d076095bd2fac047cdaa3f44ef689b502232bc18c6e,raw/3dmodels/original/M/B07DBDX23M.glb
bd42a593076ea188fa7dfd812c51c8d2e0a3d27d974873128592dec3c24128f0,raw/3dmodels/original/5/B085FHZ625.glb
bd46ed3403e406781278b4299e2f23ea8a110f7903c64df03236f24275ce1358,raw/3dmodels/original/H/B07DB8XJZH.glb
bd871f0fae82ac1dc3daa83b4b5f6380f7b424acc18d81f9d0756efd1a52742e,raw/3dmodels/original/M/B07P7NX68M.glb
bd8e1143a624fbf82553d67e339a0ac3623aa74c6676b583f3f4ee034d30bf2e,raw/3dmodels/original/R/B07RHB2GPR.glb
bd98f82246eeb4de7444e785362460a8d054c4df735d9a829c137ad4ea6c3f50,raw/3dmodels/original/P/B075YMN19P.glb
bd9aa44d354f907bd119069fe020677e878347e7e5cdf614c9895140ce922e7a,raw/3dmodels/original/D/B073P2DNTD.glb
bda07d8b972422ed13b1990ca75226203319828a332273ad039b90e197a1085a,raw/3dmodels/original/Z/B076V626RZ.glb
bddd64f367d9118b690f92d021aa49c41c7cfa0dc96dfdcfc196b54d8829189d,raw/3dmodels/original/Y/B083YFSQ1Y.glb
bdde7dcb62e1ae0537481cfc9db6a72539f154268c83e7a7fbc3e8556caaff70,raw/3dmodels/original/Y/B07HSG2V2Y.glb
bdf84f3a3319fd74cb93dce00d48909d42985e89fe003a7f4cd4377f45004f4c,raw/3dmodels/original/P/B082VLRCCP.glb
be08b587812bc8960181792f74914360976d1f13aa8bc967024f79ae18bf4d83,raw/3dmodels/original/B/B075QBL1TB.glb
be260a288f6b7c17bfd3f7cb3355022fd079694411ecc9d77c3c0c0efc00cf2e,raw/3dmodels/original/X/B07MQF8SGX.glb
be423a74d271b7ed8b25785f03ea166e15641fd2854b2962b6a2b8a0c65d723f,raw/3dmodels/original/M/B083YFR99M.glb
be94651c5907cae351f5141000ff74ac7a53c46982a020c8f9b9eada2e28798c,raw/3dmodels/original/J/B082QCW3NJ.glb
bea08ce15e8e236e16394ab909b93d280a523e764f8786726e26d04b40924543,raw/3dmodels/original/5/B07TWLW475.glb
bebb6cbf55e1a07e7a1087d54259ee86648fb3250a82ee8e793bd5557f406ec4,raw/3dmodels/original/6/B07H2BZR16.glb
beca5f47151ab9bc75e049be46ecd16b5ad9b54fea3379b6c0b1cef82b89e280,raw/3dmodels/original/M/B07JKJSLWM.glb
bed3943e4d8b898e75f3b72714b25a5ff80cf9679f8f2d0d7b3acc0bdd4024e7,raw/3dmodels/original/S/B07B7BJK9S.glb
bee18e9092d9d535b0eef66845b212f5020ec2eae15934d7c729a5df6fe7938e,raw/3dmodels/original/C/B07DBDV67C.glb
bef76c9ee5a0a107d17fec3872d53963c8deb5619a6019688cd6af5daafbca93,raw/3dmodels/original/8/B07DB92GM8.glb
bef772d18ac5fd57e7294240ba4e43b186446c6af0a085a75cb844db10e4f000,raw/3dmodels/original/H/B075X4WBNH.glb
befbdc4085ee090262a8a21995c14e2bc9f952bdeae9fd6c3edfbba4e143810a,raw/3dmodels/original/K/B07P5LNMDK.glb
bf103b22ad7970601229c3aff807d580bed6ab4c24afc13f1f352f19328100fd,raw/3dmodels/original/2/B07R3TYVY2.glb
bf22783150463228f7c022ff49267bf7822fd32543761988fffae640015851f2,raw/3dmodels/original/M/B076HDDMKM.glb
bf2effd97497cc91ac62bf70f8be05af70716d8f1180f3ddd9b606189a16a52c,raw/3dmodels/original/M/B07ML7JSGM.glb
bf379edb482e8c1bfbfd0f8d3abdf3ace4734e4da89e4d452f850a1ffe05ab6c,raw/3dmodels/original/P/B073G7BVBP.glb
bf60ed30a013efa54a603d6c0d713cc52555f867b19502f6bdc069363637ff54,raw/3dmodels/original/D/B07MQD1ZZD.glb
bf6b7ea1dd73096e16cbd83c280891a67f89821adfa72c9620dedf3f09a4c54e,raw/3dmodels/original/9/B07HSBJ7J9.glb
bf72a975310fb4a22944c41420d5ed338a84c2504dd5fcd040974be0a7d938c2,raw/3dmodels/original/3/B07B4ZFD13.glb
bf7f4d9e82b8a8b1695be6cdd5f5cc6ae20c3538dafefd0ba17728c1672d94df,raw/3dmodels/original/L/B07P6JVMJL.glb
bfb6a3b9c11eeaea50d02da4c23a353182912cd59cbff20b2c5e3489cf125338,raw/3dmodels/original/V/B07B4MD54V.glb
bfb83c27d81ab9c79bd9e5715dd11d648768ef623530a9464ca1a178bb826bea,raw/3dmodels/original/S/B07K7LVRNS.glb
bfbbd1e46d83c1fbf3492f39eb993fddf9b6e48af25a66c36e05e173983dc27b,raw/3dmodels/original/X/B0761XFJDX.glb
bfbe2fe8fed19d01ceb532291368d2296a963bb19470a2cc626571031504276b,raw/3dmodels/original/M/B07HK6N3JM.glb
bfbe9724ca9cdbfcc4af1583ec7c52734a48a3cb99a2c271ea370ba8c297ad63,raw/3dmodels/original/X/B07VNL9T9X.glb
bfe67c3db318a0a2fb1e0bec695e7ca625514c9c04ba3802f945cc6d69d59324,raw/3dmodels/original/P/B07B4SMPSP.glb
bfea5b9d4b1503bbf9b6b1c60d0b703dec5f5e4fb2e1219ba9cb1823a1cc78d4,raw/3dmodels/original/V/B07DBB76JV.glb
bfef05f4e0dec9fad594e939dcc29070b3365ef7413e2056326e5fec9b54926c,raw/3dmodels/original/D/B07MJJWXSD.glb
bfeffb5697b68698442066909285a6be6df3dcefef6fd76d886d37e805e66493,raw/3dmodels/original/F/B07B78LXYF.glb
c003650d7801c2ac334a0df1d141a844017160f19771aba2dad97a5cfaa17f03,raw/3dmodels/original/G/B073P46SHG.glb
c008bac9dc98e74a02ddcf2f679667be70088446cf918d09ab18b1c7650f91a3,raw/3dmodels/original/Y/B075X4F3WY.glb
c008e57c66fd03042057b1df6cc7419342942786790a07f85d8673171a1ee962,raw/3dmodels/original/F/B0842H1DPF.glb
c0094141f44ca51e092230ed1d5527ff96982e14dca151a0340176497a6dc5ed,raw/3dmodels/original/N/B07B8JBR7N.glb
c0132be62d76a8de4f94c49ad2740e8380cb3ea72ac8249db913081fd19f05c0,raw/3dmodels/original/Z/B07P8SV57Z.glb
c039e015a4f98fc38aafce3c31d888869d5f469b4c6ac70ea233c43739622f80,raw/3dmodels/original/L/B073G6GTKL.glb
c03dfd31c43b025d1b65b3ee66344972f5f1814c4629f39b3dbcb47601b2074a,raw/3dmodels/original/G/B07QGG6C8G.glb
c04aa900b9710353b0b630fff06b32cbf7933d804796d86a732b8831db74f053,raw/3dmodels/original/F/B07QJXK4BF.glb
c05a2b88926c05bf60aab8431b0761a8e29b024e7b59500cd1f12cae08c9525c,raw/3dmodels/original/9/B07P5LMNC9.glb
c05aabb5bdd69e32446ca39c7f1486df8749962d10c273940a5aec9fe0cfcede,raw/3dmodels/original/Y/B075YZPG5Y.glb
c0653559b1fe01f1e0e20c96ca10120e24a78bfc65623390d436fe008111428b,raw/3dmodels/original/S/B00838756S.glb
c06a9b2837516f0073cdb4cdc60d117a08211abb9a96c17d2cdb51104608f936,raw/3dmodels/original/8/B07DBHGZM8.glb
c079274820c529086ccbb5ffc9a72693b591b772ea3340061615f8d2de430aeb,raw/3dmodels/original/W/B07TJV6Q5W.glb
c0843c3608951bb089e10664183b77048c5fe32eee48db4e26707952a05e7b52,raw/3dmodels/original/Q/B073P484RQ.glb
c087f730c9d6d23713cafbf3efd5d2d5d9185af1a1be0094b4c49acc2f44ab70,raw/3dmodels/original/V/B07TQ8KH1V.glb
c08e6d551be701fde7a99101eae684b3f2b4dc946cb38a9d85971b98805b75c5,raw/3dmodels/original/1/B07HZ1LZS1.glb
c0ad2a0efab300d0dd99024abbc6550bff63d8afab91efb32f3eaddd327e2955,raw/3dmodels/original/N/B085FJW18N.glb
c0ceb820d47a35cef0eb0d3055613dd780a068a03699b7de47ccb7f35962eb7e,raw/3dmodels/original/Y/B07RMYYLWY.glb
c0d62309d2830e329869ce3467756d10c0a6ea0034f5a312dc99facced00c154,raw/3dmodels/original/6/B07BTRTC76.glb
c0da5ba1b52356c68c0d6b15974ba00141714521804b32d7b5dd0e14f677bb28,raw/3dmodels/original/9/B07B8PXQ49.glb
c0ecd4d023a2eca9318300c899057ec10b1434109e2b86a17929704299b0f67e,raw/3dmodels/original/7/B071FMT3R7.glb
c0ed670fa85b51e49df6c090455e30c1cab450dcf84c196e95a0f883555f45c1,raw/3dmodels/original/8/B072C8Q9S8.glb
c10524c2f3465c363dde33b1a6ed78de940252e68fcff172674bc01b27737821,raw/3dmodels/original/S/B07H8V7MQS.glb
c10f92975f993e352e7ec5e0e86c834a391a9911744a5ece053a304ef8887615,raw/3dmodels/original/H/B07HSDPS5H.glb
c1316fc5ce12aa9bc4e66e532389a140956d4fd98e5394b00913fa3701aac48c,raw/3dmodels/original/W/B07J2VY53W.glb
c14629a4e6d3cb08f0f7644fc36a45b45b987b5632732a69978a5a03d879834a,raw/3dmodels/original/M/B07MHMGJMM.glb
c14a40ea76176598acc61771aa0c90ef0e7ce38d0724be43ccdb87fbd2466862,raw/3dmodels/original/N/B07B4YNHQN.glb
c14eb0c4c1fe5b14b445817117b65a5ae98fe9e2183ca4ccde01f43de8a3588f,raw/3dmodels/original/8/B075QBL1V8.glb
c1629ca52134d7bd8de04e8488c59eaacc1ee135f738ab91d7df6f4a4759ec24,raw/3dmodels/original/H/B072635FKH.glb
c1682f346ebda0b4fe4bf0e88bcd9a00a5c7cedee200b99301767cbf201300c2,raw/3dmodels/original/K/B07DBHW7RK.glb
c18c6483bb390b655c49b7b184e947dc8f6ef05726eba5976e3dcb79e50230cf,raw/3dmodels/original/1/B075X2WN11.glb
c191cbd4f360f883ca30f5fa72a3bf27bec41696dbd43bfc130cf75d4ec4d84b,raw/3dmodels/original/C/B07Y3PY74C.glb
c1b2267d56b61fa323989b4daa3908619369c8609d09a5c425189df9b1be200e,raw/3dmodels/original/G/B085GXS8JG.glb
c1c41a941e03e9dc2cb1286632d078e5103dcd0f311e0d2154932a587b20aa24,raw/3dmodels/original/G/B07DBD9W9G.glb
c1e917f1f95969fefc31f23ca4afa78c49b484151e96594083b4f78f620df33d,raw/3dmodels/original/Q/B07HSFLQKQ.glb
c1f95aba67fb6d779e7ea16ff7590f41d347eef372e36c3203e42f68d261a62f,raw/3dmodels/original/K/B07VNL8XBK.glb
c2288976087e281faef4f052ce9fc30d84d4dffdd1650ce708a1a756beafa2d9,raw/3dmodels/original/4/B082Q97534.glb
c22e13646fcb8f94c4b230e61b66bfdecb7c61204dd3d17f20b9dd6acae2d67c,raw/3dmodels/original/W/B07B7GNFYW.glb
c246710835810f415d40c75f5d56b7c4e7faffac541ae4544cb3c748d92c416d,raw/3dmodels/original/2/B072FVHSN2.glb
c25c3260903091baed9f7542ab5125c7bec0e4e9f45f8079b02c17cea9826726,raw/3dmodels/original/H/B07QHL81RH.glb
c26092d8b6a218a08b0171c5155b6992378fe7027b7eec62b104ad8c2beb1060,raw/3dmodels/original/C/B07D4F6ZKC.glb
c27fa906396d00a5042e75b4acd3e0f888f44b86fae956d8fa5d9cf7f9098ab1,raw/3dmodels/original/K/B07QK35B7K.glb
c29fb0081e194a888df15d132d2e35273a29f983ab28614a867945bd32a4dbfb,raw/3dmodels/original/S/B07PBZ9CSS.glb
c2bce5ca1e603ae8b9fe27a06ad5c6679147722a2a4a1d40f140383de51ec405,raw/3dmodels/original/1/B0716DKHS1.glb
c2c31ef2d00b84a571424992a9dc1dac51c3a5bffe228e671f877f5f177f1367,raw/3dmodels/original/V/B07JX82ZJV.glb
c2c9e55a799ea28019deedadfcefe25dc0e4e9e932c8a8650b79e43bbc549ea5,raw/3dmodels/original/M/B07QTD9VPM.glb
c2e6dd94d7c694811cc14f4aa47f1d617b233f5ad97250adf44962d3621cc2c7,raw/3dmodels/original/5/B07MF1SRH5.glb
c2f1787dea749bcae4df0dc6d35fdc3c6b53fbe6dc9d93d15919c3655326b36c,raw/3dmodels/original/J/B07HZ5JDJJ.glb
c2f7877a7d3d43bfdb9ac0652e5c4da126f8b0061c9e43db631c030afeda1458,raw/3dmodels/original/R/B073ZPDT2R.glb
c322a78b64c51ed2ae6aaf4c6650dfc31f914b1b9b08f58e68ef432bee4d4828,raw/3dmodels/original/L/B07HSBJC1L.glb
c327e0634534b3f23c16abd7c6298dddf2733b9488410f923ad9eb6d5ae3e490,raw/3dmodels/original/Q/B082JH42QQ.glb
c33b4956c1df9fd1c9dd1383c22f1a032aa44a25f8474f2b58f82dfafe1e63c6,raw/3dmodels/original/8/B07TDMJKF8.glb
c340fff2d12725b609c74c1f4c0da16e4d1a9a5a9e888ee1090bc25639d3fc30,raw/3dmodels/original/J/B07QJXN6WJ.glb
c349ec27ce6a6f2962e59ea1cd1d81059417dd558062357474ed0838b6e0a97a,raw/3dmodels/original/Y/B075YMN1VY.glb
c355a46e1adf75aa6fcf13b0fbef43e27e25797211773f735306f1d8706b0066,raw/3dmodels/original/N/B0814TQX2N.glb
c39ba104ea047accca4cf3a627fc7ffd4ec452476fbea00fff87bef280324186,raw/3dmodels/original/B/B07DB8V5PB.glb
c3a936395e342803c9a14f69cb7e6a057dcf31efeb3951d98babb714f8ad13cb,raw/3dmodels/original/3/B075Z96KX3.glb
c3f293b90f538b72c45cf475df97bc610853335411f17d7ea1c9a0129d70adfe,raw/3dmodels/original/R/B085GXH8YR.glb
c45e79fd24ed43346901723cf9397c4431a87c30a3db3ba2478f91aa5a74bf13,raw/3dmodels/original/S/B085FHBF2S.glb
c489ecfe65fe3a118c3fdcf86559cdf35d66e8aaaa1fece127966f6d95765053,raw/3dmodels/original/S/B07JY4HM7S.glb
c49448726f41ad97a2c3b70eb3a270621308a5725da4c7251b2e878cc62213ae,raw/3dmodels/original/Q/B078JGLJMQ.glb
c4b0fd38a9312464c69089b7b5f2a8613c02f3afbc8bb3c5e073583d2570af20,raw/3dmodels/original/6/B07K84GT56.glb
c4b1508748cc1da49bc61aa46d5d3879aaaddfcd61faccb58d4a0e4549f57b03,raw/3dmodels/original/4/B075QDV244.glb
c4b28d4e232c984b75c41ce7626e68f5bb9cbc8437461c7d55819339cb60b849,raw/3dmodels/original/L/B082QB3DJL.glb
c4c71282e3b3e19e8a76836caebd673b6fafeca065cbf93a09f1f7e47e180d4e,raw/3dmodels/original/R/B07B4M68JR.glb
c4d3db553c936d9c4596994b59088e045771c0795ef26b1876f631fa613fc2c4,raw/3dmodels/original/H/B07KXFDD2H.glb
c4db1a622757d9b8c41f0fc3bf2660fba93a60bba15877e23161ff6f1ebdbab8,raw/3dmodels/original/P/B07G2RJ6FP.glb
c4f21043e04b24da933d4f1a69562f094c0230c6a4676c222a84c08e86b96654,raw/3dmodels/original/5/B07TGC2DT5.glb
c50e51c628f61620de3b694f61ee50b8568069d9fcfeab866f541326bd2833a8,raw/3dmodels/original/K/B07QFRSN1K.glb
c510b45fe51740666eb462d83790b9375a2cce4fdd6261df992d7b39f31a8881,raw/3dmodels/original/L/B07QJ24FSL.glb
c5218af8bf8b3f6cafbb3b804fe034be31ec7d9a93c19e1d05b28baea048914b,raw/3dmodels/original/5/B075HXLWT5.glb
c52f1e083447357f206dcd80331c6a72b5b1b07cc4fb0abe1c47f20dc4e1f87b,raw/3dmodels/original/C/B07HYYJKMC.glb
c5316ad2164c0e058e7e80f3e0e2330896c024d7689ee538d1a6327700b67da0,raw/3dmodels/original/J/B072635FKJ.glb
c54940ee0019eb3702b4d12f320d454320ad63fa0522eef537397069b6867d45,raw/3dmodels/original/1/B07DBK2NX1.glb
c57190a6d477ebce9da8b0287b1d1c92b1199d5a621c1d052ae6cab0e4441185,raw/3dmodels/original/W/B07NYSHH9W.glb
c5796dc991d95168a1ad00c18616c6d492c253121ccf5a22b523760f94e3672c,raw/3dmodels/original/F/B075X4QMRF.glb
c57b9a91db7d6519d9efa989fadc476261c8537c32fc675c152c7d13ebb18d6d,raw/3dmodels/original/3/B075X61W33.glb
c58061084eead4704560af6ddaf689e4983873e48a1d50e120683f91c0b6bb72,raw/3dmodels/original/T/B075X5TMVT.glb
c585972d5705592fc6333b471ffe173b52d1b51e98c4a0438a9283a406b47e8d,raw/3dmodels/original/J/B07QC84LRJ.glb
c59d743db745013a102509e88de4f0cf1df49739b7456b488d19ccfbfa066375,raw/3dmodels/original/3/B07Q3Y23R3.glb
c5a5c640c21d7bd6908342ff243ceba991a35ab7fd230bdf30ffd9ee6c2a1d04,raw/3dmodels/original/J/B07N6PKKWJ.glb
c5cfdce3b5df5ae238c30dc0d3f980d5342f3bfbf3a0391ea07d56dd8cf75a79,raw/3dmodels/original/S/B07DBHBJKS.glb
c6005213dd17e897d9bf78194b6f3b392152eebaad2edff1d96c0633a4124813,raw/3dmodels/original/S/B07DBDX3VS.glb
c606fcd5fe02a2f6b39ee64e07de880eb50831d141acb7719443100131dc79b9,raw/3dmodels/original/P/B0853KPWHP.glb
c60aca52eadba5eac29215ebb5bd89a6081d3091085bae4139472d77306d0cda,raw/3dmodels/original/C/B07MF1S25C.glb
c60f40cbeee2188ef63ca2c1cd33a2c23c7be3062b84d239e32b98ca75152aa4,raw/3dmodels/original/K/B07SHYRLMK.glb
c63dbd2d331ea7544a1ac7fccfa504b8fbaf4d6b86274e019bef1b06890261e4,raw/3dmodels/original/S/B072Z6K94S.glb
c64074561c41bda5653352e7cfbc7e3d632a2202516f5c047cf4b604f32d7544,raw/3dmodels/original/5/B079TXJV35.glb
c651afab1e049556201eb54c6bb2e94da4061b95fde8dca96e68108bdb98d168,raw/3dmodels/original/D/B0746GYJJD.glb
c65832cd4b4b33a06c0318919de9d92f383be81325db8e2e2c786955cf01d583,raw/3dmodels/original/C/B07JQX8PSC.glb
c65b03fc84bb55f413c0205f141b22a95f29f0a94615f0ddb618ee50e16075e2,raw/3dmodels/original/Q/B07B519FDQ.glb
c662e2395bcd28f045c05473e404511bfcb96471718268526dc55561f79061cb,raw/3dmodels/original/2/B07DBFQFF2.glb
c66382c918ca808e3f98073d2c07f7d0d143e55c96221b730e50c8848fa1d587,raw/3dmodels/original/F/B072C5WNZF.glb
c664ccd8ae16fad4ac7491238b5207bf0173916d3c1daae8d9b4f965941b49c2,raw/3dmodels/original/9/B07HSJP5N9.glb
c68457ebeeffcf01e1fea3487fba171aa664e515342496a8d8dd8313fb292bbe,raw/3dmodels/original/B/B07B4M6B3B.glb
c693ffb6e745517727667228204c1a77f5fe32fb86b091a36778de4e48a8162d,raw/3dmodels/original/X/B07QFP4ZHX.glb
c695e4ce2b3c717e2c377b9eec40bb7b02305c3f2915c982921b538e6fccbe88,raw/3dmodels/original/1/B073ZNVMT1.glb
c698f87ed7e1cb47d2c4c7c9e6b04e6f28a45bfea68da480ae72c1a1b857c127,raw/3dmodels/original/Z/B07V4CQGKZ.glb
c69b7f9260225123bc69073ee3355306da5c6b3d63c534d74b360af39e5d7569,raw/3dmodels/original/1/B07Q2MHLH1.glb
c6ad7b6fabf658d8811a347f544522d98c355309f16c6ed400cfdc3b87eb0f05,raw/3dmodels/original/F/B0711RQMNF.glb
c6d47839e94df632cab5dc3d72a160de11907d11850c470c2e0402e7702f7433,raw/3dmodels/original/8/B07XKGLMR8.glb
c6e103792c6ed7190f68c9a2df0915368b532277edc14ec72cfd0bbfd490eb12,raw/3dmodels/original/4/B07DVTZLR4.glb
c6f6f541dd15c3ca92c5bd036abfeecfc5d6214aaa5e2e9e7e6ba6da0dcd7296,raw/3dmodels/original/9/B0853L1KQ9.glb
c6faddd0ee2ca65b8de9b5379329bd8690194a4a0b2aed9ee3b8ffcf819f2a95,raw/3dmodels/original/8/B07P7NVLV8.glb
c70815c61159acbe529aa50cf48ba6838708f64ba24645bf0efabd88fad11627,raw/3dmodels/original/R/B071DQRXDR.glb
c70f5a07902f4805ce22c6bffe92689c2aa028c82d1e96222114a6a07072d549,raw/3dmodels/original/W/B07B4MMTYW.glb
c71d0371e61601f722dd86dafbc1e949446fd72c1b0d52ec30a6cf5618b1b609,raw/3dmodels/original/P/B07QD6ZWTP.glb
c71e0115d85a71fefa8daf9db0c266b2c6d85449f1b063009b586507203b0246,raw/3dmodels/original/L/B07HZ57QHL.glb
c720f322b9819c1a7cd2723f42b46928285e3423ff0e2710c679062186993c69,raw/3dmodels/original/X/B0831XR16X.glb
c722fb92e47c49ccf52451bc8bc74a5bfcdeba67bfe5833cb838bbab001af384,raw/3dmodels/original/M/B07HSBD8DM.glb
c723bfe792b48950be508e4a52b228e43d9308aee8052c723d64d3d350a3d439,raw/3dmodels/original/R/B075DN73KR.glb
c723e2d60c02244f74396c14572391a3af3a6dd20e12b0fc40ba9e982ac863c0,raw/3dmodels/original/R/B07DB92L3R.glb
c729a38d435577e9f2155573077e470e5e0b04f5c7438b54632ccf8308b13f6d,raw/3dmodels/original/3/B082JJJKT3.glb
c72d29ae9777d315c8a647e733a8ee976df4424327ff5409431aabd2db1f92a0,raw/3dmodels/original/9/B07HZ782D9.glb
c72eeacf5d005426165de7bb2b8557894966373d8cfabcb7ed4c6d5fa59af8a0,raw/3dmodels/original/Z/B07PBZVP6Z.glb
c739858dae575f143b051d9f5d5d13968eb941d496087624c2a401336d345070,raw/3dmodels/original/F/B075X4PT8F.glb
c74f7b0aa34c9f92db14cafaae5ff9ef40567ee5475815e7a2bd7a62d3af21c6,raw/3dmodels/original/3/B07QGWNJB3.glb
c7656db80cc76e69f0f9a6c3ac4c999db49f07c82b35a7ca71ab61234dd33a11,raw/3dmodels/original/V/B073P3HHFV.glb
c76e4fb019d63e934f83471cd2dca0735dd15d0673d3250e1a6b9704aaef773e,raw/3dmodels/original/S/B0861Y1RQS.glb
c77d0b40e709276b1d2d223ffe5652b209c72a06e356368f6c60d79a5eaf54bd,raw/3dmodels/original/6/B07B78M186.glb
c7a93d786ab2ca82451a43d21981c0590f62fd8b9d59f9150c76c85997602664,raw/3dmodels/original/V/B07MJJWYNV.glb
c7b159b37dde2047c82da4cde73426cccdc1af1cb0e0332849528234318e2d86,raw/3dmodels/original/J/B07GFQ4D3J.glb
c7b4a7fe6b31caeb6550265e9fd216e4ef87c21c0e1d075e951bbc957b7dc269,raw/3dmodels/original/P/B0857JYVBP.glb
c7b9d7bfa445caaf95446a568fd2ad97b5b457a8058cce2d15c370af0cba9fd5,raw/3dmodels/original/1/B075YMY1S1.glb
c7be59d1e54d435bd9aab6a1e6dc5e7fa6eed336f11203399b623b1a87c43261,raw/3dmodels/original/T/B071W5V75T.glb
c7cf113355049ed7d05d4f61f7584f185851b736db7f7b0bf5b3258ef5059b95,raw/3dmodels/original/4/B07H8PQFS4.glb
c7e44a2f02e207a808fa303968ac24cd80fd3784d8e9a2067d5a5890bb78d48c,raw/3dmodels/original/G/B075X43FJG.glb
c8131740b7ef293111f6e5d9fcc7488525e7dd8ba6504ee0e3f5af7872a41bea,raw/3dmodels/original/G/B008RLJR2G.glb
c81edb60f964e048a0b6116a72cdc92990a8df4f48ce0eef01026b57b4c91543,raw/3dmodels/original/F/B07BWJMB9F.glb
c829f32003c7c84c8c49df124d86cad5461853f2b59ab7b7ccdb7ae52e7fad2a,raw/3dmodels/original/4/B07TYTPQ34.glb
c82c3c86a60da5fb893d5daf367866d68f03897a54524de2ef0ec827810e275c,raw/3dmodels/original/D/B07HZ8N5DD.glb
c83eec42c8aaba1dfc1a831b58b2d95f08ae996da4088bc3519432ad27086fdb,raw/3dmodels/original/J/B07H8SH3WJ.glb
c85231bbcbf3bd899c658096cf9805edbc2698ad9062a29bd685e9388ecf2219,raw/3dmodels/original/W/B081H3Y5NW.glb
c864efdfca0f40502af189af4336705846943ef1a22fbd72f669874f96b1c367,raw/3dmodels/original/Y/B07B4W7X1Y.glb
c86e4cd302e4128162260d73a293e7b310ef4f836b6cd0de70db01a9501cbec9,raw/3dmodels/original/L/B075YNTYVL.glb
c873b068fec74946dd24f95e39ca22741aff5fb8b49b529f1bfc3a8608afda90,raw/3dmodels/original/5/B071SHBTM5.glb
c873bcad23478d2825145ec9e0c19d3535b045633a4ccd93d1250d19338b53df,raw/3dmodels/original/9/B075X4N4W9.glb
c88b1c9446c9dabeadb6f38815fd3b40efc1f00e1bbc2139ee8504047fba1d85,raw/3dmodels/original/7/B07J2KGCF7.glb
c89b73ed73f9803ee566deb240988ec41fbcf1bc4f220393f74a0f24135171ef,raw/3dmodels/original/M/B07RHB221M.glb
c89e9f02261caccdb5c4a1f82c7ed4dc11045c9c5fa083b403cea2ca50bb7a8b,raw/3dmodels/original/R/B07H34776R.glb
c8b06109c342d564ba4eb0eff85744f7192d733554c8e9bc5f6c4b06fe4d8160,raw/3dmodels/original/J/B07RNZC4TJ.glb
c8b743ac5d076a299d573c9d38c3c97d06d9c33a2e35bad2a5057f7dae0c7740,raw/3dmodels/original/9/B07B7BGXN9.glb
c8c755186037261a6b0d8c3a0d838cfacc18f45b971ee280e56bb5f481a84945,raw/3dmodels/original/F/B075Z6S8FF.glb
c8dc081b8c9ebd3e97c7f3219a1d3c82f3a559ed7123619acb649ff8190fd575,raw/3dmodels/original/B/B07DBH52YB.glb
c8ed3064ea5bdf3f95258cd5f6e3d5ac3ef23e89e03a304cf849bc3e45f37dfa,raw/3dmodels/original/1/B07QCMBD11.glb
c8f9fa5997b52196e7264f854eb1d72417bb7656bc833e82dbab3ad136eeb787,raw/3dmodels/original/U/B01LR5RO5U.glb
c8fc97814c17939d3543e7a71f54fbfd3d184cf874122d944ae7d02df0119b42,raw/3dmodels/original/L/B07B4L9FHL.glb
c92e9f834aa5f82fd253c17d7fdb4ed18a920c765988e2504befd84281ce5955,raw/3dmodels/original/W/B07SFXGYPW.glb
c93a27bcbd49564ad426dec639bbd51e18f6691fe08f970b99789f14a14cd283,raw/3dmodels/original/M/B07GFRR62M.glb
c93a49d47a013f22041d10f4494f36d95cce16863aac003de8b00e431988ecdc,raw/3dmodels/original/Z/B07SG5ZFSZ.glb
c94d00e522d52790351e6ee8cf7af0fb8e4fecaa4d2994aa7f34a3b99f939009,raw/3dmodels/original/L/B07HSKXDRL.glb
c95137eb3302a3c2a61c46222dcd4cf237bc4e8c066d5372dadf5007c5027336,raw/3dmodels/original/C/B07B4ZBPJC.glb
c9740d3736f0e6a02c174ccee6e24e286f7a57b626f4f7f51b0b2f59d5636a96,raw/3dmodels/original/Z/B07TP4S5SZ.glb
c98558d4270ef9e77198d497527245717318170e712eb4af782b6fa42e17158f,raw/3dmodels/original/2/B075ZB5GQ2.glb
c98c587c27d784925fd203fd7bb1fa508eb05e6d811a24b06e49db5905ef196a,raw/3dmodels/original/F/B075NNLR6F.glb
c9920bad6cf2250ec713bb3cdc78797bc2787c82a30d0fc222ff5c042dd3dc4f,raw/3dmodels/original/3/B07TP5MKP3.glb
c9af0ea04cbd1beb870600c9d55455751083d7e0a1735ae017b39297757b9ab4,raw/3dmodels/original/4/B07R3CZMB4.glb
c9b943ac461ff092b798e0e952f16c47db89688d0650aa44db8bebd6b787a057,raw/3dmodels/original/S/B071225BBS.glb
c9cbbbcc5f555fe98fbcd414b741d537d41962d819a9df6db44985b68e8806ff,raw/3dmodels/original/B/B07B4MSYMB.glb
c9d083a921601af2881c6c994badc977b6a2ef41ca2f531294290e5a362bbcd0,raw/3dmodels/original/H/B07B8J8LXH.glb
c9f0f872b2cfd8d7fc34f017c48e83059addd59cfd3488ae5d4a74a1c75ad252,raw/3dmodels/original/G/B07JLSSYTG.glb
ca0f7401bf33e2a6cb65cb09e10d15491671336e7e140fa43c4c35282a95d080,raw/3dmodels/original/T/B07CBP6GZT.glb
ca1e8cbde6656aec6f393297824241f493951b6bbc6b5116b96469d6b8f0f144,raw/3dmodels/original/G/B07B4MR6YG.glb
ca38ebd099c64431e65da92d1afdbc41d5d4082a586de6009419cc52f22165d5,raw/3dmodels/original/9/B07QBMQG49.glb
ca4200c0a5734491d476a02f639d3b5b931d95366bbc52141763dfc9c38ea0af,raw/3dmodels/original/G/B07P8STHZG.glb
ca43032ff3392c0941f172f70af6740a290b199ac8a66a33e385939a7a8e3cb9,raw/3dmodels/original/M/B0857K54FM.glb
ca8297d6b683042264f8d850a8c33ec0796d6d454efbc7bfc12e0bdc78f65e23,raw/3dmodels/original/R/B07P6JWDGR.glb
ca91f8e352902fd98d0a6db9a72a122bc2486d85eb3fa1945c369b0da5316688,raw/3dmodels/original/M/B07QGSZ31M.glb
ca9755a3aa133e66e852c5bb362008c2844955f43c2554cb6fa5cf81ea358d70,raw/3dmodels/original/H/B07BW8PZ4H.glb
caaffcad3df7de8a4e6c91b29301740d126799e4b8d9cef830db0b9e7852194b,raw/3dmodels/original/5/B079VPLVH5.glb
cab5fb97e270339aa45b217232903826bf59e8bd308777605accfe64acb000f1,raw/3dmodels/original/Y/B07SC8X4RY.glb
cac4049539b2a50d13eb5c7277843a80399942de6930b360fdbd5da3d3df8d6e,raw/3dmodels/original/V/B07QCMBHVV.glb
caca0ea4094cad769c47241f92686f89c2eee7cf588687b8202d333f82a909d2,raw/3dmodels/original/B/B0831PZJ9B.glb
cacdf6a83e927279cfd576f7c4d1e8e27ef524de0ae543c20a7a8284bf02434d,raw/3dmodels/original/L/B07HPQYW8L.glb
cacede28ee109d71cc067c558bf3a41c9483552b34b6614951b4146b660f22be,raw/3dmodels/original/9/B075X4PRZ9.glb
cad62e99fcedc5570eaa824990ca02b9a2eeabaf26ad981b90e32288fadd03fa,raw/3dmodels/original/X/B075Z876TX.glb
cadc0723a9b1c0c4dc268e47e46efb9e6606605f32b9b3ddcd5c2fc30fd9a924,raw/3dmodels/original/N/B07B4MMV3N.glb
cae3fb995f4e461263a52e52db6658e0bc2a14bfd3eb7367ead14d3dbc87afab,raw/3dmodels/original/6/B07HSDRZL6.glb
cb038725eb3936a58936a235aaab86fb46c988d9c4a9b61311db9d02376c9fea,raw/3dmodels/original/F/B07QB8LPPF.glb
cb070fc49789398ca294ac759baec80c0da7989561e57dff464c62aa0e48fbc1,raw/3dmodels/original/V/B07M6PK8SV.glb
cb2d7f74d8bb5a1cfb30912a03b98b068d2cb8f4b025d2e26fd78a7c9140ddba,raw/3dmodels/original/B/B07QJ766RB.glb
cb33c429408c30c213f30afeb9731519c0b36c8195cf2bc6a2e7ecea3114f1cb,raw/3dmodels/original/B/B07CB5GN4B.glb
cb3a30790d9fb47804c3a4e22f73480416ae97828d0002cdca201cd66cfe69bc,raw/3dmodels/original/Y/B07QD6TXXY.glb
cb447bff1a0b04907b12282ba095eff0b8ffbf0eb660e88a51afe7bb9d65695d,raw/3dmodels/original/L/B08G1YWN8L.glb
cb4a95df52241a9210650152a257b036853d5d9a1df37227852010cbfce3cf1b,raw/3dmodels/original/L/B07QHKQMYL.glb
cb51294f313b15b0bbf50b085f2bdb5a7fc8e95a51b73b9ed5e58535446e6323,raw/3dmodels/original/F/B079KVNM4F.glb
cb51507016c4174315926ec17cd81c49c49d69a58cc5b2649b0cf58b1fd35df1,raw/3dmodels/original/9/B07JKJMTZ9.glb
cb5c774775013e84ebf2d2f678089797b2efd45e4f793904450bb87cbf7e2992,raw/3dmodels/original/1/B07B813LW1.glb
cb6a6bdd67a83e561074dd2f1295f635de9f096a540286b23cb4c40a415b278e,raw/3dmodels/original/7/B07HSNQW37.glb
cb9b4de25e4323bdb4a082b94927eefbd5397144a0eba08aea7837bd7cb3a499,raw/3dmodels/original/Z/B07BWK7JWZ.glb
cba57f9086a26c29772754896fcdb62d8280f79c056c55b365c7be5185fe488e,raw/3dmodels/original/1/B07DB95XL1.glb
cbb24160fb5c9b7b31e17acf55d12ed5c06f55e30f9b36430a83536a6027dc2c,raw/3dmodels/original/N/B07V6M4MSN.glb
cbb4048fa225069103a50d173cc909502f41e6a8cf9efded20b32fe4547cd548,raw/3dmodels/original/G/B07WGNT4GG.glb
cbc4d9a576d6306a46a25465b5381e44d0442626f0c86bcf4b0d23f00eaf7cb6,raw/3dmodels/original/H/B072JG1RTH.glb
cbd6516221ae77a9c3e80ecb555ff570ebcd29ce601a82365e8da0894dbaa05f,raw/3dmodels/original/6/B07DBDYYG6.glb
cbdd99ed92bddc410318f8031582fcd87d7f88c4bbb2dadd771a48f7c2dc7a8e,raw/3dmodels/original/N/B07BW8VJ4N.glb
cbef3123c4338bd51160dd2d1119641aa9b3bd6b71805ece134250cf06237330,raw/3dmodels/original/W/B07HZ7HP3W.glb
cbfc1e122051e60d49648dcbad9bea737c13b66b866c18048fed3998bf6f4fd3,raw/3dmodels/original/3/B07MJL4ZQ3.glb
cbfe712bdaf3645cbf7c81bb41e8c590559080414242d701bd3be2788380e95c,raw/3dmodels/original/8/B07VJN79R8.glb
cc01ef0a5c24509de68e45a057fae10b2842278b89920908aaa151a14aeda52c,raw/3dmodels/original/Y/B07HSKFRDY.glb
cc21ff4acc027aa491e8983ca6c3674a570f8f088d6b89252c59cfaee28a7e2a,raw/3dmodels/original/C/B07BWK7FYC.glb
cc3ac216dcbf8a11312d8d296a34a1304629bfee6498b94d173aaa13089b7502,raw/3dmodels/original/W/B07TZRL8DW.glb
cc3e40c7ded35f7832502a56b951f8041cdd9327759fde5c5c6d8daf1f43d6e4,raw/3dmodels/original/G/B083YG3JMG.glb
cc43e334faee3512f8e39660b9a1ff4da4231cd808359ae92e1d7874f742b4ea,raw/3dmodels/original/Y/B079KVML2Y.glb
cc72b5bdbdf861141171ce0f1e50cbc89322ba12ff5b8f665137a22c18d8d727,raw/3dmodels/original/C/B07L3MKRFC.glb
cc736ef63fcd6120f7c80418f707af139bf338ffc5699899059fac9022afb265,raw/3dmodels/original/Y/B07QGFZ28Y.glb
cc767ed9dbb776bda76a4786feb673c93f18ac645d14b505676a518b050be0d3,raw/3dmodels/original/1/B07MBF93P1.glb
cc7dfa8110ac6a5194c76a2207da431037252cd04aca992504418cd3ac8b84a3,raw/3dmodels/original/Q/B07J2B91QQ.glb
cc9788a37c65435122f3cb0da2449675b4f164598cf383f6cad099093b184040,raw/3dmodels/original/6/B082VM7676.glb
cc97e7079a5abac2b55bd7050ecedc558db26c3f05f65bd7b18c803476981bb5,raw/3dmodels/original/B/B07BW8PWBB.glb
cccf20104114dd85e5fb92b9b7e3711fee1d207f12fe07d37421c0da6d267438,raw/3dmodels/original/T/B07QCMBKYT.glb
ccd009b212af1cfbdbe1b4c12eb813b72ec632dad02937c64b8c670762311299,raw/3dmodels/original/S/B07QBQD6TS.glb
ccd4a32057f92a1cf5c13571b36c4f9da340b9c15e40937588a9dd987d352d96,raw/3dmodels/original/H/B07QFP5YFH.glb
cce12ae0671ffc1e2e232119cca39a62cf70d998d87b483f782601f6b888d770,raw/3dmodels/original/B/B07HK83QRB.glb
cce2c27961c94b5223c6b38671fe158a281042f648e968d3c9918fb25aa4b56d,raw/3dmodels/original/7/B079ZB4V97.glb
cce9dd80dc7fb7b8edf6b510cd8164d21a1e933f5668a9911be8cb4e55cdc36e,raw/3dmodels/original/M/B071J7Q9WM.glb
ccf04e2d9e1fdd35b465f784efa84955d31cb4c02f4221227561e93166e0eab3,raw/3dmodels/original/S/B07P6JTZYS.glb
ccfc1f4ef9fedcba4bb128598d627dd7ee92068e540724e677460a8c07ffebe7,raw/3dmodels/original/W/B07BG61THW.glb
ccfd09587f4631c6d7cecc5b77cef0cf053833c7420470b58ad592e808f3f9d0,raw/3dmodels/original/J/B07P9Y5KBJ.glb
cd0ff99195e8827ceee88125dcb62fb3bfe6e4f2ec38fec7798303b5be9d57ef,raw/3dmodels/original/5/B07B4SCPG5.glb
cd1498c54e2047abec52e72974d70fdff3cc35bc8cca1b5ae785177b506e9ae3,raw/3dmodels/original/1/B07QFRT9Z1.glb
cd18413a71668b6dfb38f6aff054f0529a2c083bd5f9c9a16ca4fe014d90d88f,raw/3dmodels/original/F/B07QHYD2KF.glb
cd1acad07c62304f2527e21738d7a70d2a3cd870fd5df5f8f5b9a1d5175d7133,raw/3dmodels/original/Z/B07QJ24F4Z.glb
cd2caacfc8fc5ebbea0b0bfe9b6173e43c273b010b2ca8a68b3cc8df4224a016,raw/3dmodels/original/N/B07B4SBZFN.glb
cd2f977e33675f277f18c3fc541e34f9fbd0b34b73921f24014785b39612fecc,raw/3dmodels/original/Y/B074VMD5DY.glb
cd370836d3a293b5f1367cd87bf8b7a7b9426c5918fb20a40555d409134f27f5,raw/3dmodels/original/Z/B07DYJ8J4Z.glb
cd383484d21c8b0c8dcd7decab51a3307a6046a91e5342a2788fffb91c9b25ca,raw/3dmodels/original/V/B07THT1GBV.glb
cd3e990453fdebecbf0969d588a7e46061106d41e826c01a355246dd8d699278,raw/3dmodels/original/X/B084DQ4YVX.glb
cd46705d34d541547fcffc1f9e9200feebcf4df754ced755ea6216e83fca22d6,raw/3dmodels/original/R/B07B4CZRYR.glb
cd4bdfeaa12eb519a8a7451c404e1a51bbd6dc2bd1128be544e6ff7656e282fe,raw/3dmodels/original/X/B07B4FZK8X.glb
cd60188fe5fa2bdc6c2bb65a18d2e1e5f8f24e86b531a9636333379af08d150f,raw/3dmodels/original/G/B075X4VWHG.glb
cd642202d09c07480c94cf0869edbb3fbae2f64ceeda0714f05ba2ca0715d389,raw/3dmodels/original/J/B07QDNRFKJ.glb
cd6895266d74d663aa7cb02345bcb75b34af700d4c90b20ab5b8374e68267915,raw/3dmodels/original/V/B07QC876YV.glb
cd691effbbc51d219893cb646aad5122ba4b25e0ab6c76858af28655d5d99bc0,raw/3dmodels/original/5/B082QC5N35.glb
cd70afdcbe2a1cb6e457b17608b01653a86d52269278bfe3578ab6ad9fb4d3df,raw/3dmodels/original/D/B079HXWXXD.glb
cd783a15bd45b13d85bbeefc07fbc0359fa22f580746a817c5f5ba6e174f4b5f,raw/3dmodels/original/Y/B075X2X4GY.glb
cda5f7ef3748e394e8557f2c675abb415ccd300b9230858ce3bcd51fe1983d50,raw/3dmodels/original/M/B07MQD17DM.glb
cda8d283a7bbec8b1aa5354344be17afad4dcfef2d071506f6e0f71b8c1ad814,raw/3dmodels/original/D/B07MJL3LWD.glb
cdaf090c564cfdf48b12434a92fb11e272f76455f714d53c978baababc7fdcb4,raw/3dmodels/original/X/B07JQN788X.glb
cdb1c90f20f1e1ace7ce8414db3476a9813c67ddf20fb088df21f09e975953b1,raw/3dmodels/original/T/B07Y3QM18T.glb
cdb47dff054c8a159af82be23013dc36e45bd92baab3c06915c440f83259f72e,raw/3dmodels/original/F/B082VM23MF.glb
cdbba936c564c18fb9b0293804a9f8f16e964d1e6d5f282744b9b2b0e2781285,raw/3dmodels/original/7/B075X65QY7.glb
cdbd1ccf58d1f58eb2a6ef7dfd70a4f0d3901f21ad83e59690c714217cb5c1fe,raw/3dmodels/original/F/B07HPNBTHF.glb
cdd2267085cb1812180d2735795190c3bd745114ba9f387c525028ab30905375,raw/3dmodels/original/2/B075NNM242.glb
cdde0f7829cb4f24ad878382f32e27751675756ee384a1f9d33c6d34a4417ebe,raw/3dmodels/original/L/B082Q955PL.glb
cde1b984a0d8970286e5952954cdcb4f1aba1dcbf5d6a9318edf4490ccd0eb1f,raw/3dmodels/original/1/B07DBGXFP1.glb
cde4dd28928f430082e13fae38735eecca85d7a43b5028fca09494120e456e9f,raw/3dmodels/original/C/B071PDYXKC.glb
cde910e630e20d544e800ae3ce3c78243e1ced19813f71fbf355490f25e6ca69,raw/3dmodels/original/Z/B082VMDZKZ.glb
cdf982fb6fccc16cbdb843a8ba59adf949e0f0ce2cbaba7a0bcb4efeedcc0068,raw/3dmodels/original/D/B07F3T4RSD.glb
cdfba65df053fae0760cee317f3b02b2e6d47cc64ac2b3ccd1e9a175ac5ef6c8,raw/3dmodels/original/C/B07B7B94NC.glb
cdfe831d5999c1d9dc94ee9979772113b3737aee0e99b85ce38c05191b46f6aa,raw/3dmodels/original/V/B07QZ21DDV.glb
cdffeb2da1e7be69c3fba2b1bebfb3a43e76d7ad908c3ccb72c1420c836b0330,raw/3dmodels/original/1/B07B4M6CN1.glb
ce016ad7e69ceb635b70437e927fab933197076f4eb2f9f1940bf7254ba18e8c,raw/3dmodels/original/9/B0792HBF59.glb
ce0f751fdf4f673f5c06571f71a3a5b397cecc5f6d76b57af8caf0c6c73087bb,raw/3dmodels/original/C/B07DB8XKTC.glb
ce2941f250a8773e675ff1375b6ce58d1416a2b980a7dc78119e9be364ccef99,raw/3dmodels/original/G/B07B4MRPTG.glb
ce312971e8a4df9ddab20db80519ead7841c0a8764932e1cb778da1bd1db7d98,raw/3dmodels/original/M/B07B7J8J9M.glb
ce34b4f70a9f0ef0dd5348bd18fb3402f1588898e0d2b981f736d76030d9b241,raw/3dmodels/original/X/B07B4ZFD2X.glb
ce3760746bcb55f3640688c21ded22060f2ffa42cb5693d5760f73efe4dfdfe5,raw/3dmodels/original/Z/B07B4MFR3Z.glb
ce4a4ccb0561f1ef22141329ed144c92bfc145a41ad0b5f6c3178d6ce711f916,raw/3dmodels/original/A/B01DA8LC0A.glb
ce503a6585be38017758c303069062d0fd203df66e2fb015a2c77ec0739a41dd,raw/3dmodels/original/J/B07J21BBMJ.glb
ce5927539b93c7cb032835f3978d53add6cdc4ec899160028a592ea069e65a4c,raw/3dmodels/original/C/B07THSHB7C.glb
ce5e1ce5f1a10d5722d339b52db46381294c36acbef9c201e7b301cdb0a22dbf,raw/3dmodels/original/C/B076HF56ZC.glb
ce7472b7c9cfb93fb4c400e4db0a06fc8e439c392df209d8327b42d845673888,raw/3dmodels/original/7/B07B4NWFW7.glb
ce78b839475a6df15f6e0969bfe9aef5e75a61d2338a01d341b32833f986b185,raw/3dmodels/original/7/B07HZ6X7T7.glb
ce813a7951e399f65280166ddf73774a1c4f48ef399090c3e37300b1ce1625d7,raw/3dmodels/original/S/B07MHM99BS.glb
ce8d5dc40a5055dccd6d616e8bc32d83793c6d9dff2a347fb2e0948c622d9d45,raw/3dmodels/original/L/B07MNYTYQL.glb
ce8e2a95653067fa8dd7a997e7369c3caf6b74159ad770df5733e1bca1f0de8d,raw/3dmodels/original/V/B07QGWNLTV.glb
ce96313f1b701fbf65102f2ebb2d7bfc89d15b8bc4b56b390c17c6f6357c8df3,raw/3dmodels/original/N/B085FHFFVN.glb
ce988b406372ed99f42874592786e72688c36a2ff6c7840be61761417e91e5c7,raw/3dmodels/original/6/B07W3LR8Y6.glb
ceac1f3966c9a34652ce2e2c81989cc27373f3627e735d56500415e708541e8b,raw/3dmodels/original/Q/B082JGPBLQ.glb
ceaee802f473d2da1c790f4a611b4194c26c702f5fec8111de6dfaef3e640336,raw/3dmodels/original/8/B073GCWSX8.glb
ceb758b344d5fc5840ed255ef41c5d5a58343e3c0bbe82ba692b45b09b477c45,raw/3dmodels/original/9/B075X33SQ9.glb
cebb182607affc1c6c48d7042ce6b66e0a31e9864f979b7e7cad717fd66775f2,raw/3dmodels/original/Z/B07QXY5X2Z.glb
ced402fc0ad8af88e621e8b5279e820b42ebc43688cdf36ca9934069e1f2f53e,raw/3dmodels/original/F/B075X4T4BF.glb
ceda7b9e7f4384c3d01364e8ba5322ed48367ebec852ba64d580ae81b2cf01d5,raw/3dmodels/original/8/B0735VSNY8.glb
cef92a22ba33f213554b04f7047343509d7dca4d18501e5a2e05ececb167e74b,raw/3dmodels/original/6/B086R1WGS6.glb
cf25cb098f75a05c3d4e1456db867a5f730e6213da2e6c6d994f632207480652,raw/3dmodels/original/G/B07HZ9K9PG.glb
cf3b767b3fc48bada1d4cb762df7c7c3280f837344ee5dec49b5259de8d5756c,raw/3dmodels/original/2/B07QJJKZL2.glb
cf50c798e26e461f06685c72a7ed0f443c1259612e5e7fb76ae33d65be28ceb3,raw/3dmodels/original/G/B07J2WK7QG.glb
cf666ba5894649dea4d693f93f4f1e43af552bf04113b94493baa88e31513995,raw/3dmodels/original/J/B0723H8JVJ.glb
cf6ba7bda19d05484596b17e908fa9fee292ee7a20b0924205ff1b383db8c5c7,raw/3dmodels/original/3/B07Q3WM673.glb
cf7fd92bd571fdf277f3a9ca43be8144302d2c982b5122bb0985d250c21d0b6e,raw/3dmodels/original/Q/B07B4LZP9Q.glb
cf880a2e31c3de4c4e6ba6016fed444fff6b26356ad78cd5d7b19311774b2dc3,raw/3dmodels/original/8/B07374QGD8.glb
cf8988b0679775459e1d419733bc6c66b5e6bc7b0eb90deffd763e91e2fc8d9c,raw/3dmodels/original/B/B07B4W5TNB.glb
cfa4f58e7c020598e7429b5f247c67deb6e10821132430ad207acf82c67b8287,raw/3dmodels/original/R/B07B4MHCDR.glb
cfad0b8d6b7c665259a392ae75eb8a4fd7101a9455ed29ed16d2974ef1330a22,raw/3dmodels/original/R/B073G7BV8R.glb
cfb91b40e90a5bd68a985607b2141320323ef1100614953d3d2f4ad8514ed4e3,raw/3dmodels/original/7/B0768STTR7.glb
cfcc45e6daf91376968a39dd855ddd629c765cd3ca25e54fa9666ff817aa2518,raw/3dmodels/original/1/B07QBQCG51.glb
cfdfaa48769c979590f4d5f757424223089bdff5ffd56a6364aa5d786f4fdcb9,raw/3dmodels/original/H/B07B7BRXDH.glb
cff66776ebbd9dfc70e895fc725e668e6fe428f1e25e85dde9b8a6a99d386641,raw/3dmodels/original/J/B07PYL46GJ.glb
cff6d20dc44230b9607777c4cb875e783cdbc31f671689347ca2042017290ec6,raw/3dmodels/original/Q/B075YYPV3Q.glb
cff71cb3be2054d974f4978f8e0c26c026306ba2017aab0fd9fcdc566e999977,raw/3dmodels/original/2/B07B4CZP32.glb
d0084c4604d784ae38e8ad99fd8b269e78bf4728cca93c80cd0c296dd3b27463,raw/3dmodels/original/P/B07B4MQQSP.glb
d025f604e76a7c6eab16ae34bface642e973a2cf0a897b56aea1e50310267af6,raw/3dmodels/original/T/B072JG1RRT.glb
d02ebf68c265ac848ead7b48288fc3143a0d6bdd5fa6d178979a65f98940c1af,raw/3dmodels/original/V/B07DBDZ3XV.glb
d03b418946f9cefb5c81bff1a76b6d7e4e633506b818187a8314d3f8ab11bc36,raw/3dmodels/original/Q/B07GZXLWRQ.glb
d045120f18088888e2b28450e56175fc7bc3972d5c648ee5a8eda13f95128f9f,raw/3dmodels/original/M/B07RF89SQM.glb
d04eef52d08a9b4b7ec67744186ce6f27bfbbe5a13d35e95cd739c127f2e2de0,raw/3dmodels/original/F/B07HSPJ11F.glb
d04f61644a3ebebda277f82f00f33fa7a4ed5d2bd4474456106877842d264753,raw/3dmodels/original/J/B0754K96NJ.glb
d0636da688a2a6183aae82f99e65b0ad2666f1c641ea6beec23cf2bafa8a22ea,raw/3dmodels/original/7/B075GSLVV7.glb
d0841d32ab213a3b2c740985904a95574a29dd9862bef6805bea4fd922ce3d1c,raw/3dmodels/original/B/B075X4VWFB.glb
d0846d507e7e90fea06c5871a2001859c87e5e43cea672c677305205ed0b2421,raw/3dmodels/original/5/B07QB8L3L5.glb
d0b03be08c45ba73f9daad25251316a66114fa0a4b2ab75670640c68093a2475,raw/3dmodels/original/H/B07K6RNQDH.glb
d0b73bb383a2a014a9af26656d2fe6a61f9b2937224f21566f0fbfd6cb2f65ca,raw/3dmodels/original/T/B076YS4SJT.glb
d0be40c73d737fba1f49c8664d7bbbb241009d6084c0d771ee22ecf068afb2cf,raw/3dmodels/original/L/B07B4SMLML.glb
d0eb2db2f586809b9599e44873a15e524b64732e912999dd3509f5cf71a5b03b,raw/3dmodels/original/7/B075QDGZX7.glb
d0eff6503f25954d967219b9f9d9bd29f152d014d151da30da34615ef4c66932,raw/3dmodels/original/M/B07QFRSC8M.glb
d0f26346967465756380fd7412d6d56df79af65d2aea533914e6de90c85134dc,raw/3dmodels/original/P/B07B4W239P.glb
d0fe48e897e02d9ce249d0c297d820feb1a7082fcf994fc8e6b58e3fd1c16674,raw/3dmodels/original/S/B07JY2W3KS.glb
d103929f5ab2d9579564d03dfeddf07e904d997faa065e7d98a80e3d1f4f46ae,raw/3dmodels/original/F/B07B7B5LVF.glb
d11b5a27242e5e91059e37c0065d09b9d869309900650b6fcde5a54f86ef9433,raw/3dmodels/original/C/B07B4VXZZC.glb
d12663314da60e2c4ffa9f5f9b2faf6cf4f8e09cede258c77d724fafb8585de3,raw/3dmodels/original/T/B07B4MMTXT.glb
d140acc8018626cc2ef0e37e7df82a2452fce4a9558f8f97f3d8890ab5dde31d,raw/3dmodels/original/X/B074KLN3HX.glb
d1690d1db9f50e095e697a74a28f4a83288f2f0e9262b292b0dd97edd6a820d3,raw/3dmodels/original/F/B075HXHKVF.glb
d169c0d227be76b63affe22d08eaf195124ae5b915159bbfcd18eabea61917c7,raw/3dmodels/original/C/B07V9RKHNC.glb
d16a881a5546fb46b2b130720118a8e8c58ba568958888bcbaa43fc340554be7,raw/3dmodels/original/N/B07QBMQ4LN.glb
d181b33bfc5b37035c73700b4d76621f84597d9dc300af81a4b17592be197fad,raw/3dmodels/original/Y/B07XHQQ95Y.glb
d18b5f49568bd75f9d2840c0e6a42c716eb6a544e2f0af83336d6e7f400c25df,raw/3dmodels/original/M/B075QDMWTM.glb
d1949af92c1c986e5a108ce08f7b5daf591f951e683274e60e6ad99659192a27,raw/3dmodels/original/T/B071F6W28T.glb
d1a8130c26582ca0d3fa63ea332b9a89560dc53cc6e607ac320daf277bec676c,raw/3dmodels/original/J/B07B4W5S3J.glb
d1b07b7f005b81db98ed3153b789dd94a4ea3e6b033aeec681170ccec8651c14,raw/3dmodels/original/7/B07B4M2QZ7.glb
d1b23a41864bfc11eb69ed61fe71c041ecda74e4d6f0f19fef49702ca928c758,raw/3dmodels/original/V/B07KWZH5PV.glb
d1b70004d9037d11b347089ae2c5db5cc4e04d2f0c055bf25a69b17cda18e2e8,raw/3dmodels/original/3/B07QBMQ543.glb
d1b8e486fbd9e2dac4f453902ec970a5fd166872eb889998c1981ebe47abaf77,raw/3dmodels/original/X/B07HSF45BX.glb
d1baeeaa839cda84eaa48f0821ee4cff1414c84904e49f77c3edb8eda0f1db63,raw/3dmodels/original/1/B07MJJX1F1.glb
d1bda2e8797d8018ac05bbcd6ba981f1b097bd67d322fb4600124858a91d16a9,raw/3dmodels/original/8/B07HZ6GDJ8.glb
d1c91462a9318cc19ff5bfc01a8c68e920d7038fd08953fe2ce97c855b1594a7,raw/3dmodels/original/D/B07DBHCKKD.glb
d1d0d1222943b2cd77f80e4a8e86b8917fcdc26b34cb9fde6b9c1f8cfe2812f7,raw/3dmodels/original/5/B075X342T5.glb
d1e7e745bd9f36e470c8db7615f90b3270375ad055a2c061dc292410a1190da7,raw/3dmodels/original/B/B075YMN22B.glb
d1faadfcff0506f8fe31e2a4177921c489bc7dfbb9e9347ac0d97f8855725875,raw/3dmodels/original/M/B07SJ75Y1M.glb
d2002fd407edab144d58325cc36a9352d5e05de2c13b9920a5981d9dc7239fe5,raw/3dmodels/original/1/B075Z9KXZ1.glb
d20a5b5d51c4ba8accdf42be0617c8c73fbf5a0293930193cd9c13e44aa30ef2,raw/3dmodels/original/V/B07HZ7TKSV.glb
d2521138372f55e2fa1b2b0a005232c3acef2d0fdf78a6290783f0954b951522,raw/3dmodels/original/2/B07ML7J5D2.glb
d25aa089dde2fc2556af0876ef7bcc9412f7c867ce484cb8aacbd85caa2828aa,raw/3dmodels/original/Q/B075X5HB1Q.glb
d25b5ffc96a64477c6bd74add068d2a790c1fc1650fab9f583020df7d065e393,raw/3dmodels/original/4/B07K7K9224.glb
d2743fdb6e83576d9311358809be1415bb24fa05dfd8469f67c6c174775a1847,raw/3dmodels/original/N/B071PDYL8N.glb
d27b526132a3a6d907f5596c00618d742e5ce2d08d27c58b278fd61cba799deb,raw/3dmodels/original/W/B07B78G1BW.glb
d2849aba8b089d02dc872f64dee9fae302e1bd2c085bf9c816dc7d638e98e364,raw/3dmodels/original/8/B07HKGL3J8.glb
d28a37674738bc520d113c4c4bd652031badc00f9c17e7217974c1ce2df8ba29,raw/3dmodels/original/F/B07FGH9TZF.glb
d28fe0d87442625303f81e6128f03184e7c19e5eb178dd4358922ea823dbbd6b,raw/3dmodels/original/2/B07QHYF1M2.glb
d2c07c15c4179921e4eec373de88c891b0457955a48eec9bcd1b009d30b82157,raw/3dmodels/original/8/B07DW477M8.glb
d2d0c40031288c711990756eb5c61f52c6ab42348bd1443b0750d45234442aa5,raw/3dmodels/original/Q/B07PC15YLQ.glb
d2def80e3a9d176b298051bd162c3cf245d69ba15b42a3cb256151e126724081,raw/3dmodels/original/6/B07HPQYW96.glb
d2ec5a967f28b45fa038efb1c2a108eeaec89850939e9c68c3b0c81f2df85f1e,raw/3dmodels/original/J/B075X4N3QJ.glb
d3080f1227c16a1929ff03190c90a53c6a24d8e158481f753a01d38ffc9fa670,raw/3dmodels/original/5/B082QDKRC5.glb
d316ef5ef0c86dc9965f3ad32c940abc077c07a6596f67f7dbb82fedb7dbc87b,raw/3dmodels/original/9/B073G6DCF9.glb
d3174738eeeea58e9d4ef801335e725ef27ab415e8d081a1e1686304fd50eab1,raw/3dmodels/original/N/B07YM1FZTN.glb
d336b1953762f0d68551c5859e9dd38567f91fe55bc706c4f1565341ea2bde3c,raw/3dmodels/original/Q/B07B8B3NPQ.glb
d33705dd0b26736cac95a6bcf6100d81ac87f630b9528cb4596004bfe3ede9f6,raw/3dmodels/original/H/B07DBFWCRH.glb
d34a461db97a298d248c2c92094509a9ef92b7a3529854b4e06c4be0215757fb,raw/3dmodels/original/P/B07B4L9C4P.glb
d35d6617af2dd3af5dc425efdb74ca243feb7ff71e68aaa57c98ae58252724eb,raw/3dmodels/original/T/B07DBDX5VT.glb
d35dbf7839e86040ad8f913937d37fe0ff042918b220de126225a220d7145393,raw/3dmodels/original/V/B07P8SV5PV.glb
d36438983905e2e1f638d8c320e66019d1b97045fb1c9df5bf486a6bc94ee9f9,raw/3dmodels/original/M/B074KLFZRM.glb
d36545e2a0a98134e0bec159092748a023fa5f44a57acdec41c603911d465afd,raw/3dmodels/original/7/B073GGGF37.glb
d39b0cf9ddcedfee3c27084af7d16a118535524a680c0b883de7e852e02bbf03,raw/3dmodels/original/W/B07V7MBP6W.glb
d39c37a764b0b667b2446e4add137343c7918075a1f0654bf6c17d83cee8a3ee,raw/3dmodels/original/3/B07PC5G5D3.glb
d3b27ccc29c24bc8de5533680f2d7746c6e3520cc478626e5ce88323c4e96597,raw/3dmodels/original/7/B0842LDVT7.glb
d3b3cd9b06ba5a4595958e4ec364a9cda69fc0831b72d85fffd0c0e025191133,raw/3dmodels/original/W/B084ZB8L8W.glb
d3b64bfcb3ebb4a93e23b25abef6ccda7954611263fdeca0b1c9ce98995bdf4d,raw/3dmodels/original/2/B07QHL4LQ2.glb
d3bc9a130874d0b58e4042f2eb33ce8721673bf113735d470fbb359fb3e7eee9,raw/3dmodels/original/L/B07MF1RQTL.glb
d3c3188010afd89ed6f600b8e6ee7fae6ef2ca5a2ecafb9eae8b96691f1e9cd2,raw/3dmodels/original/G/B0825CXG9G.glb
d3d4b71138d70c81ae34a2092697e997e1a1062f6d2ea7b9ad973aff36277eba,raw/3dmodels/original/3/B07HZ57QD3.glb
d3d873afced33edb0c7eb347d0ce1a720121d6216e8a6f33db8c28228da0277a,raw/3dmodels/original/H/B0723H97GH.glb
d3d9da60faa1162580888aab44215312fa59e578dbceaf3a02ad3606bec37ea9,raw/3dmodels/original/X/B07DBK2YGX.glb
d3fb91e1303018407bca4dd39d7601178ca8f7f3397517ea260b383b455d45dd,raw/3dmodels/original/4/B075X33QV4.glb
d41ff4b091ee79f4d942deee9af215b9984e652b3107f234f7dcb8fa6153f945,raw/3dmodels/original/5/B07H376LF5.glb
d420805725f697ab984554c04e2888fb02f74466959f6fb498d2f2bca4c19301,raw/3dmodels/original/P/B07THSZJ6P.glb
d43ab4a1491681de5e4fe78149a482d9042cba077d2d2c3901b0a17202c9c96d,raw/3dmodels/original/Z/B075HWTX4Z.glb
d44eda85350f58d14c564ce67de09d9e89a233f193089faa0c7c75d312613a90,raw/3dmodels/original/K/B07B78RCTK.glb
d458074321f36be81f10933f9ebbd2b510be09ca2e16a8f8e2e2673807c01744,raw/3dmodels/original/N/B07L8F4XLN.glb
d459e300b556164aabd2e22c937deae0423843ba4183c80084df5e9ab14581fd,raw/3dmodels/original/W/B07J2R9Y4W.glb
d45f7736585c78f1272c905fb9ba7e7179dc2c30f5da9c80199d5b88fb493f5f,raw/3dmodels/original/7/B075QDV397.glb
d470063861d2914b2a310f67ccb565f08a1b045554631f1d4c49278fef345a0b,raw/3dmodels/original/1/B075X3SHT1.glb
d4935405dd379a37583284319a45d549d4df2c06df530409469a5149b0dc5ff3,raw/3dmodels/original/8/B07B7DL3H8.glb
d4aff9ed53a413cdda0fa7260838ca6bbb6c6e57ac6daa5fef59080015cffc1f,raw/3dmodels/original/6/B07YLZ48T6.glb
d4b4b3497804bbc025a16f336fd7f0fb83fdc5faa93e9695375bd2e785123f8f,raw/3dmodels/original/C/B07HSF19SC.glb
d4cea66e58fe837dc0c1ec1abd34b51c61d77e670910d0e78a49be677cdb6ac3,raw/3dmodels/original/C/B0831Y2YSC.glb
d4d77b6cb71a939cd754d94d9c0f169d2f0bbadbe9b013c5e4ce622f7be6bc12,raw/3dmodels/original/L/B07G2XB4ZL.glb
d4e8acb51c3a729bec8ed897ffa85277f9869e6cebac6ef749ba86baed93f924,raw/3dmodels/original/8/B07HYYGLZ8.glb
d50dbe8701d9467cc6d6df0978d59088a43e00273e3bffc4aabf53308b57f057,raw/3dmodels/original/H/B07HSF8FXH.glb
d51641be24eacd222641b4cc343cb7e92f3093bd7538e474a20f30fb4cad91b2,raw/3dmodels/original/F/B07TPMXMBF.glb
d51c0ed7b433b9b8974152497cc2b7ffa6c522a5d8d70d0db1ac9a8072708ea1,raw/3dmodels/original/W/B075X33SSW.glb
d51cade231bce27da855d0287ffe51decc957b926ddcf02833d406422248eaef,raw/3dmodels/original/H/B07HPSSN7H.glb
d5310d2393001bbd91a26ee8f66e3fb32d970e46367abf38a90cfd6bda18215e,raw/3dmodels/original/9/B07B4NVYM9.glb
d53fc92686519dbdefa02bb878be6db95a52b1cabcafae71a58ecee59d21728b,raw/3dmodels/original/8/B07B4W2H78.glb
d5421e3e77d144f65b9bc34f17237cea55b60c29eb58800d5f116c26c6ede9fe,raw/3dmodels/original/Y/B07QV18T5Y.glb
d568ae0122200e4bb6ffc97580d6f746f7493937eb9e510917f07c09ca9619cd,raw/3dmodels/original/4/B075X43FL4.glb
d58ae14b992fafaf719109371b06e1c8c89e822a24bcd8117eea83ff13bd600d,raw/3dmodels/original/R/B07QBQD97R.glb
d591eca13eb1b0122a509118529f23d642b8f76b234b1f5e1e40842432800a5a,raw/3dmodels/original/7/B07K7LVMQ7.glb
d593538c79768c85298411538116df5568e0d01777ef07afe031e3d303175cda,raw/3dmodels/original/F/B07QGWM38F.glb
d5c91a19ba271080d532da0c198027c5921ddf80f14801846ed08b36cebd018d,raw/3dmodels/original/F/B082Q989SF.glb
d5e2e22ea51fc9e44f7778d9b7a143f91373544117837813a2510b1ac332a45b,raw/3dmodels/original/P/B07RJFGDHP.glb
d5e7d155b43fa71a26dd11c7726167756bb44cf5a83e717511c98a291519bb92,raw/3dmodels/original/V/B07B4YZWYV.glb
d5fe01a1117dae248d4ab3accd05538b45e86f4d3363b0340e9a2340e83405f6,raw/3dmodels/original/9/B07TP4SPQ9.glb
d60864136a7ff3e8b70f856da6911addbffabc0fa8571eb694cd0dfa24db8ea9,raw/3dmodels/original/W/B07B7B4JTW.glb
d62ab29aa94b35baa03a07d4b88b9ad98cb84a6144054159ac679d3104befc99,raw/3dmodels/original/H/B07B83KVGH.glb
d62ec2dcbdf41cf3ec102a720f22407ba79813a75b479021193fc703d5b996c9,raw/3dmodels/original/P/B074VKWJWP.glb
d63dc124a1cbd45c6e95b96884b0da617f1f36ced60f5aa834f8f1c33eca4f06,raw/3dmodels/original/M/B07QJ1WXCM.glb
d68554a94203e8b675c6a17c42a29195d377dea0d8c4111fcae6a68bcd96c432,raw/3dmodels/original/W/B07LC5Y95W.glb
d68fe2981c1556eff5a5c78ed8e0f103f1548d343d860d8919c7f108c10958b6,raw/3dmodels/original/J/B07JQMLLYJ.glb
d69a9da83d8b7b4c733399e778d5bb971070861ba69fbff2aff84f15024a3a4c,raw/3dmodels/original/G/B07DBB7H9G.glb
d6aaae94be17538da23b4b6a6432fb33ca4303b38b66e76ac0028148ef65748c,raw/3dmodels/original/Z/B07HPCBT5Z.glb
d6b05a2ff29da7883c9889f4c7b1bf95c061920073109a32e5ee27aa4d353266,raw/3dmodels/original/J/B07JNRNTYJ.glb
d6c2e75d59b74483c1128f1af25741fca1e6c5286bd40c60e863845d1dcb287e,raw/3dmodels/original/R/B0857JZJPR.glb
d6c86bb3d230c32a538185eb7bd5d1cff84304b5c25bc2e293435fa1a70fa4e6,raw/3dmodels/original/3/B07QBMQPH3.glb
d6d837d0c5748b899036d4117e64e9403c0dab43e15fac9cd8a11033d9d4b72d,raw/3dmodels/original/F/B07DBGXFVF.glb
d6e575cd499db4aac634e8fe6a3fabbaeb68ee152b5743c90a0c3c374b68cbab,raw/3dmodels/original/R/B07M6PKCQR.glb
d6ed1c92290194ca563ae13b830f7532c2982fc06528bfbf71d235ec3adf7538,raw/3dmodels/original/6/B07H8T39V6.glb
d6ed669996ef9fe0894ddfbf5a7e7365f50d0819909ee617a2fe6094680dd32f,raw/3dmodels/original/Z/B07K7LZT5Z.glb
d6f4d4a101696cfa961eb87b9c58b52072fe88fac31778a000f27949d2a1fed1,raw/3dmodels/original/5/B07HSDPS35.glb
d72001e5f61902e889dd3ca6bcdae82efa3fc21d118c63dc0ed8809db94aaec1,raw/3dmodels/original/I/B01GGKYUKI.glb
d72972180cb3509c6b7521ce5a4a46b55e80da1c9c003ba22ebef0ad4a5f4d21,raw/3dmodels/original/W/B075Z99LGW.glb
d735aa6ffb7f5bd17e7708cd2d07af6ecc34df9d9bea08792545d071ce36398e,raw/3dmodels/original/2/B07B4D49G2.glb
d7493068295d279cfc2b97e6aad82dab1f1cf34c29f47853648ed6e6fd615687,raw/3dmodels/original/4/B07VNLB6Z4.glb
d750bf24a035f2cc3ec48e936722f1eec92fa6ec20b3bdf6537cc35dc0d6da9b,raw/3dmodels/original/F/B07SVY2C6F.glb
d757db0f3724ff460198e9066ca4a399f3777638c5d3126bfca3a07460e8f253,raw/3dmodels/original/X/B07HK3PTPX.glb
d75a23f74c347ee01370b6cf41587636ff39058b81563b8538b355403050ddf3,raw/3dmodels/original/V/B085FHVGWV.glb
d761c1e565a6575aed37d37867e24daee41de61f672ddbec108b3744fd384e4d,raw/3dmodels/original/G/B082XLMW6G.glb
d7624323432833f3a718ed0dfb742009f57b37ddd1fabad9f0e40a7ecc64c97c,raw/3dmodels/original/Q/B07QCQ1MMQ.glb
d7625c75e8cd7da7fa1425e1f321faad6a11638504d872446c9eded101574e5f,raw/3dmodels/original/B/B07TZQZ17B.glb
d767c73f44bea3686c2481489babfefbe131eda29b608da082d93900f2f00935,raw/3dmodels/original/V/B082BL45ZV.glb
d78b8117c8a6e9fa28470de835f9bc1f3ebae90f1210bba648eb84789e076b6f,raw/3dmodels/original/G/B084T7NZNG.glb
d7a4a9473e5ee1347dbed6c3eded96ff6b35b77a231cf05263e609f2ac9bbbc7,raw/3dmodels/original/G/B07HPQYW7G.glb
d7b186ee8a1bc4b91bc31ff17e414280849dbcdd3e8e0bf63133756be86798a5,raw/3dmodels/original/4/B075X61W74.glb
d7b598712668c9015b835e7f0c7393265c76991fabc0ab8833c00979b379d48b,raw/3dmodels/original/L/B07QDL42CL.glb
d7e5a3bd7c4391c82ebd65316aa37cbfbb99ae3ddc9b10f86ba9abacae409672,raw/3dmodels/original/Z/B07J2VY54Z.glb
d7fa55b1ba0191bf3c128682d6fb6f81363050357941defb1841ed81f143b9fe,raw/3dmodels/original/S/B073G965TS.glb
d7fb3f20391c0aaac1dacd955554c80574b8740d02e4a6fa9699a0a5c80b34b6,raw/3dmodels/original/C/B07H4MM3TC.glb
d829d06f37e66c6c07851fcc019dbf9f37a02128d42f7f292bd433ae5372f7b2,raw/3dmodels/original/7/B07BWJMB47.glb
d83a6d92dc045919d4a33cc5f24efa9d99d273b8b32a66049767c0d32458e150,raw/3dmodels/original/M/B075YPTF9M.glb
d842388e630daccbd2f52ca8b0f703af3d0bf9a6ed8a221f7d005a00860629c6,raw/3dmodels/original/J/B071W5VJ7J.glb
d8664937fd6137973544296cf88b0e8c4b179bd21e58708be2dd2d28701f1eac,raw/3dmodels/original/L/B082DPN7VL.glb
d889b8a77d9ac4255c2ef60c3a6b45c72696f8e46029102be5c4f172b4b58d30,raw/3dmodels/original/C/B07BKKXRVC.glb
d8b054c47ee4415fb66eb4cfd92ce95208bdc6bac683b95e280a9006cbbf43b9,raw/3dmodels/original/G/B075X4PTBG.glb
d8bfaa06e1f4f6cb7166e4083806c703221fa220748ba3e403cdd818ad056cf0,raw/3dmodels/original/W/B07DT4GY4W.glb
d8df133227ed46b8bc7bbbd8005a378ac35433cbc8bc903aafaf487fd796a280,raw/3dmodels/original/5/B07HSLKFD5.glb
d8e23910e11f38d23c4791ea49106393033222a55e3e2ad90e97f91b10973387,raw/3dmodels/original/W/B07B7BM55W.glb
d8f1a3dd4a1d93c230f957d9a42b95c3393ef2511db718674f266fb3f8dddae4,raw/3dmodels/original/T/B07DBDWX9T.glb
d8f5353de93ff675bf01c9adf53f064923d2d7052347eed5b03ee1eb72657c97,raw/3dmodels/original/3/B075Z6SHD3.glb
d8fb0b65d83d6edae5b80dafe8d85c751b5b7cffdb291f14fed07af89b5b6ffa,raw/3dmodels/original/D/B075QMHYVD.glb
d8ffd2cbf94871e9a25669f761d1a3653e26410610cb2d1432b6f372506b9872,raw/3dmodels/original/2/B07B4L1NG2.glb
d90159aabe87f187f37c7353435a63a8bbede8f64be6ccac1f56ac52660c6433,raw/3dmodels/original/7/B0828FB1G7.glb
d9030b0dfc3a3a45bc239e08f1a21fda5ef6f6a4d57716fc5e7413b0b39c4655,raw/3dmodels/original/Z/B07DBHM1SZ.glb
d90d60698c882092d33684b3cb84cdbdf481dfca27803aee5a39a4b29de93c28,raw/3dmodels/original/G/B075Z8769G.glb
d90eb53b81a6d0cbe0518e9b013efe99cfc059846a905e371847cd44f30fbbde,raw/3dmodels/original/K/B082VN4F4K.glb
d92e1f06d981f25b907beabd572a953e9ff2980a2c45daed2df4dee4488b9f40,raw/3dmodels/original/T/B071JLRR3T.glb
d950ca03e3dc2dd5ac0194a1cb72d9f7bb8519574262f3ace8d7f604ab93f9ac,raw/3dmodels/original/8/B07DBGPHG8.glb
d9741010223d60a72bdb61cc956809b665b5a49764a01cb0c234108ad8d74de6,raw/3dmodels/original/S/B07JC4S5CS.glb
d9941d5288e3a61fe42a0d705b0be8629d2b8092490d45f5782297cf104025d6,raw/3dmodels/original/7/B07DBGHSN7.glb
d9a654b3cddbd4e83c37a98314f6763a6a8c7cd8b3f13e2ad8e7a0b0026ca483,raw/3dmodels/original/R/B075X543RR.glb
d9aa597fad2da059fc7342a231a6d72f3cf6a447aa7b1a4b81fffd5cc97b2500,raw/3dmodels/original/L/B07B4W23DL.glb
d9ca89530bd22814026331fdc89d92d753d0b00f32f1a755e21ce0938a085c01,raw/3dmodels/original/W/B07HZ6ZCZW.glb
d9d30f89b04aa94de171e074d84549915eaec71a7e0d225a9bc7129d6436a973,raw/3dmodels/original/C/B07QDNR86C.glb
d9ee8ec90adff2539c43db04f97b494b2bd64b1d45dad11260cef9bc39d3686d,raw/3dmodels/original/V/B074DYLY5V.glb
d9fb76bb75000f2aa9fa3dbc1d47a77cc8e937044a13850c2a6743530fc9a27b,raw/3dmodels/original/S/B071FMSY5S.glb
da03ccd2ef322dd7e6008eae5b37664764a60f59162d8d055cb5138c0f1cbb05,raw/3dmodels/original/G/B07MCCRP2G.glb
da134c0aeff94cc266821bb95fafb479db8b5b48b76723214e90261fb4da3ad8,raw/3dmodels/original/8/B07TYTPPX8.glb
da1839495960afb1f1df58846c90a9948a3c0981c0d58caf518e38f221fd2479,raw/3dmodels/original/N/B0853VQ4BN.glb
da239b30b0d50fbfd41a4ecfacca020f343c53cd000b67139823efe988584a8b,raw/3dmodels/original/I/B01LR5SIRI.glb
da3f55acd0350985c0dcfde6a68699797d24b35f1007e177214a3bea179f0ed6,raw/3dmodels/original/1/B07HZ57QH1.glb
da49886ebef2d07622d8fb526e7365eebcbcf8bdbdb97126fa68840ff75d0d6b,raw/3dmodels/original/W/B07CPLZ69W.glb
da4de00ec88a7c3d6c7157fedbce5545e1e4c20e4d423323b6c3cc9f75e7afc8,raw/3dmodels/original/5/B07P8SV5P5.glb
da65698ec53e8a49eadd576a64eb7d93a98e6488495740d58f4e9a9c75ba9fdd,raw/3dmodels/original/K/B075X4VWKK.glb
da6c42f0df7816f85d7c49da624fd72d8c5619ddf1f641b67ecc007ad87a219a,raw/3dmodels/original/2/B07DBDQLF2.glb
da72ecafdfa60436f0c0ee7b0a14971c040e57245db53bd2da3a44ce72c03232,raw/3dmodels/original/1/B0842H4YG1.glb
da80ab6de32e1342d01d15e2a9b3eac2dac55d6de9c5e334f061ddee15c706e3,raw/3dmodels/original/7/B07JG3ZJ27.glb
da8bad4b84aa2fecf75172d27f753e1b7696c3c7d8eae8972a97b912cb115b80,raw/3dmodels/original/P/B076NNYB3P.glb
da8c7645bc1b71f57068eaa384673876ef5dfc6d55663fe377715df8ecd76575,raw/3dmodels/original/N/B07J4VLHFN.glb
da9d6aa5d8db5bf2031966f9c5a0b5dd008d956ee5026e79484f4ff39badc434,raw/3dmodels/original/N/B07J4VDPFN.glb
dab53cd0cb1b50f96731cb743232626bbd8c23deb0520f76b77b86a6ebbb70ea,raw/3dmodels/original/M/B07GFVJWNM.glb
dabf516a668723b9c4947ab1eade782e6edadf7ef84054de104dd755557801cc,raw/3dmodels/original/H/B082QD9P8H.glb
dad01d77e88abaff8fedabe0e6b34c3009321a10a59a68dd85432437cf56f3ad,raw/3dmodels/original/F/B0861YZY3F.glb
daef11ecf2f69bd50de45890d4ec77268fdc94a04c271dfefe057a88c375b8d9,raw/3dmodels/original/L/B075YPTF1L.glb
db2f7318481cb95fd954705ac0d52b7531777de7716e6b2d133100ee31a9202d,raw/3dmodels/original/M/B07QC9YBPM.glb
db39cfccd0e0182a3bbdab4e994f4315f03266332d4eb00665976936654e3e6c,raw/3dmodels/original/L/B07MFYTSHL.glb
db4bd7e7d4c195dd4e09b221ae3b01bd885f5d745246a2d3c2e65d30085bad16,raw/3dmodels/original/X/B07HYYF5YX.glb
db5f844967c30434e1fab00ff278b948092fcc2439ae7689299dbaad76d7472e,raw/3dmodels/original/3/B07PBZBF73.glb
db6b5ad8f87a4f24f220c1075e590fe8f3082522e86ee2568dc905176934f0ba,raw/3dmodels/original/8/B07K6QBDC8.glb
db6bbbf2f64c369985ada7dd4eec683e725c08ffef19c7c6f87907cb63618c94,raw/3dmodels/original/F/B07B4LZPCF.glb
db7778fd5d9f37a4f30ea4ae72457c8658add5b475a5fe5e45cc3dd3e1dc59bf,raw/3dmodels/original/1/B07B51H7B1.glb
db837d9cb9e0f9908d2919ae11904a22018bbde69ce4d76e55944f3cb3e63748,raw/3dmodels/original/H/B07VQVN84H.glb
dbacf37ededbcb8ef455774b12da2caa632e4db981dd595927264037313e5dd8,raw/3dmodels/original/V/B07BWJCPPV.glb
dbb08bb4e1ec26efacfdb9d0b8a197ff82109f2ab5c8a7080b09349bfa795c80,raw/3dmodels/original/M/B07QFRT4NM.glb
dbb64c36a210ee91fa87dff754fa290a3ddb1e4abdb6df5b74be52c7fa4b5781,raw/3dmodels/original/C/B07P5LMN2C.glb
dbe28aca27236b76eb2e6ad3657f1e66047f856a5092dc70556248ee46050efd,raw/3dmodels/original/8/B085FJSG58.glb
dbfe306675068dbb38379fae6e7fee97c7919abf74afa48431d18a01fa17db44,raw/3dmodels/original/S/B07DBD7N9S.glb
dc076ede527c4f08a3df0a4b44daebe7dda05124b6be72512ff94c5d7891699a,raw/3dmodels/original/M/B07HZ1LXVM.glb
dc10aebea47b9ba995effe091eb60f79b18343e48457a08c87be27a5e1ef962e,raw/3dmodels/original/2/B075X33T32.glb
dc1a165d688c612916ffd71ce4493a9c6082982e0c4fb0fe372035cf639da459,raw/3dmodels/original/5/B082XCPNH5.glb
dc2b531f7d922d300275ba04572b0b6ca9cdef4984795636513c9d2b3922a660,raw/3dmodels/original/K/B07H8T5XNK.glb
dc2f061b0599a602f6596de54d80415ce180b51b1f01bb00abcfa6e48d917a23,raw/3dmodels/original/B/B07B4W2H9B.glb
dc3b2edaa52e10a4872883485085489b5b41b3a89f938ce1fd29746f6a99f3f5,raw/3dmodels/original/X/B07HSKY87X.glb
dc3da3923f011130dcbb48476adc1118954b80bb8428db9c4800e3304284a9ca,raw/3dmodels/original/T/B07ZVM6QMT.glb
dc407ad5b4864525339a8332352b5227e245a439cd8f06de72b9ea497b9b8962,raw/3dmodels/original/K/B07JX8C1HK.glb
dc66635b3f5995ac4fe219a5bae941e16665a712d77a314dbd0274ca0f660904,raw/3dmodels/original/S/B07TJWWPJS.glb
dc6df01885d8e3f05edfd1282726914950d92bb4456ab6164a52c740a5b85ece,raw/3dmodels/original/D/B07DBDZC7D.glb
dc71d55c589614f75206ed20c4a84d5e63f130dc894705bfd7515b3415a17ec9,raw/3dmodels/original/9/B07QB8L3M9.glb
dc78d02939263b441182d952e29d6d9fbbe2527462c10e61b330c6ad1b69ce61,raw/3dmodels/original/F/B071ZLY17F.glb
dca2e9fbb0b2ee6d466494b5d19506455e9e7c1d6124b78c34f0faa2e924028d,raw/3dmodels/original/L/B07BWJCSQL.glb
dca874edc23ebe34fa0a23576cf0f976b3d90ae4fc986f3438f777ea48d3cb42,raw/3dmodels/original/M/B07F3W4QWM.glb
dcbeec877d737c5bba23edbfc8f3cbe3f6017037cbc304de222f3f35837b4bbb,raw/3dmodels/original/S/B07BWJC1GS.glb
dcca6b71d5af06618f0609336f3e93d9af25ceba8fbe10129741c5287734f822,raw/3dmodels/original/C/B071V8H94C.glb
dcd4244bbf3af8bd677bd864f1715ef15752be03fddcb1adccc76b216aaa0db0,raw/3dmodels/original/Z/B07K6S2G5Z.glb
dce2cf4d5191ee8f54d7bfff9f47a0bdd9d1480aafe749518cc8ce57b4a67fde,raw/3dmodels/original/S/B01D7P5QKS.glb
dd0295efe7138722012030bde13cbf477f83363b70199ade9799a8c1b603957f,raw/3dmodels/original/8/B07B4MTFL8.glb
dd06623e000cce92a7960e2baeca00156e9e5ba1f231fbd2d736c2a6e5367ee7,raw/3dmodels/original/X/B075YNTYTX.glb
dd08c47d5cf9452ed9a333fa0a3d88093863d151834494dd3c3aa6e2f387d640,raw/3dmodels/original/G/B075ZCLPVG.glb
dd1f159093c2ac692f8a4b6a0f3e85f0c68c70f518a3245f91d61e15d994804a,raw/3dmodels/original/G/B07PNHSR4G.glb
dd397d8b1d25507205e6bb4b716d1fc049dbd3ce20fdebf178ba801cdbeff189,raw/3dmodels/original/2/B07MFXNYB2.glb
dd45c26b62944c80fce1df7b661a7c5413c656c23fdda541a57c559e65b3bdf9,raw/3dmodels/original/L/B07PYYRV2L.glb
dd4c703efb12dc7f16ec9fe5bd14a46cb5cec17b5f90a71eba98293e3a8a21c2,raw/3dmodels/original/D/B084W349LD.glb
dd4ef88501aca432765f7fef5a87ecc5d86727d08ae75bd6ca594860b72d2cc4,raw/3dmodels/original/D/B07DBDZ56D.glb
dd719c44d8d4f12c429e7bdc7025be74a5b31858fbc4157eb68857fb30ba9b6f,raw/3dmodels/original/8/B082QCQ6Z8.glb
dd9d7f7eca15d68f21216b303fcd1874ac13089ca6670814275615918d03af2c,raw/3dmodels/original/M/B07DBK7NFM.glb
dda732bb8ef58d25562df809f70f8b549c0826e66098367c14c681b5f2c61f15,raw/3dmodels/original/C/B076HF77HC.glb
ddcadbf24f085dda7584629cc44395a329a1ac4301f25f7e6d69a3dc83f8fee1,raw/3dmodels/original/3/B07JD47LW3.glb
ddd3d0ab43d166e2b4761c67ed59d7782a6f3dd44563b50c138930defa7bd2b6,raw/3dmodels/original/K/B07B4MJKMK.glb
dde42436ef82270c153713299d9367894385a946f22361c34e68a0b3840f1b61,raw/3dmodels/original/B/B07DBCN3KB.glb
dde69d09b677691db3cc34b534bee988c8396ff81fc7f5e7bb94019316a7709c,raw/3dmodels/original/7/B07B4YVXC7.glb
ddfdf432820f269e015aa25e28e06871a0e91340a0daba704b86b7f0c2afe6d7,raw/3dmodels/original/S/B075ZGBRGS.glb
de012a8c26ddb98f6ddab09adcdc142f76771b0823d7ba2b85ab052f3ba4296d,raw/3dmodels/original/L/B0753P16BL.glb
de03b3ab588460792d9a9afa39068cdcb805747bb3527138290a15369bf49adb,raw/3dmodels/original/B/B07MBFDS3B.glb
de0c3d88b2e8ce5f09a932b460ba34149f7402bd4930691fc5cc09271129f3e4,raw/3dmodels/original/9/B07HSDNSL9.glb
de247a628a17adac8ddd4d1115792a8e792cb32d3660eef66895cd8af4e21fc0,raw/3dmodels/original/3/B07HZ65PW3.glb
de27c836f3b63f4a253749b6fc818a0f6922ce9e0b77f59e163a4fa1ff4c63e5,raw/3dmodels/original/H/B07K4YXTZH.glb
de4994e3bfe1e620cbcb7c97675b2bbfe5a5e27606947f919ca5201e0e5cf795,raw/3dmodels/original/S/B075X1T4ZS.glb
de4d27c022218eed953def59bd6db531f9516a0c6eb3caa46953bfa377f4179f,raw/3dmodels/original/P/B07QGWM35P.glb
de69b144474affe9434012f522c8d5a4cd73aafaea13815e1ea01f89f0cace59,raw/3dmodels/original/3/B07DBF3V83.glb
de6b76c47eae65fb6f2920ca4799cb0275f4c992054c3208dc42383bc520b07a,raw/3dmodels/original/Q/B07B4H26MQ.glb
de714f80c35d9b62fff11bdce31cf34e36d844c9916c3141f96870b22e359f7f,raw/3dmodels/original/M/B07B7H9VMM.glb
de73e26f5bb65e9131b310ddac9fc115d446bad1203be2e47721f8cbc76355ae,raw/3dmodels/original/L/B075ZBW1NL.glb
de789fc5c3420b71ffb3bd7706f23ef078094e6a006594446b0733bb201963c3,raw/3dmodels/original/M/B0853N8T7M.glb
de888bce3f6c0072429accb4bf96b8f7455d55e95fa0e8d1f9167817d39396d2,raw/3dmodels/original/F/B07DBDX5WF.glb
de8a09aa904fb42b1a2b41c553299bd98a1457e0c1ec0dc77a5064e5715287e5,raw/3dmodels/original/7/B07QPTP9Z7.glb
deb4cf76d76dde7966d21bd76b03386835b6225ee6e33d1bcf6f964c1dd441af,raw/3dmodels/original/9/B07TMH6289.glb
dee7d45df76f35f3b165e1e474d2f009011d6a693ec7ff464b3ec5efc3ae706e,raw/3dmodels/original/K/B07HZ5N1YK.glb
deec0e5b84fbe0083d184c8a972136252520b1f10536be6e8d754a65f1336540,raw/3dmodels/original/Y/B07V3CJGQY.glb
deed0426cdda0af5e7a8b9b19ac5d44b2d9c7ec56daf62a59493bb9d8662000f,raw/3dmodels/original/J/B07P5LNYDJ.glb
df099a5c36a6e8bad0f7e3075f41025baaf78eecbcde5b4c169905f034bd480d,raw/3dmodels/original/W/B07M7MMS6W.glb
df10bd072842a69faae64b96c9c1e9161c94e95a512938c3a4d59f742631e93d,raw/3dmodels/original/3/B07J2YWSF3.glb
df16c9fc8bce4f097e4ccbb551ba0240a3d66de0f728be03f1ee7a65ce67c941,raw/3dmodels/original/N/B07SSCJKLN.glb
df1a3d8a22557dbb22c9effa382cf218793e4767bc7617b2ec47416ae6c9007e,raw/3dmodels/original/4/B0853KT2J4.glb
df1a95329724ad15bb61e838e6da2938bb508a8b9d8f342502f3fd24532ba108,raw/3dmodels/original/T/B07HZ4PNQT.glb
df2323ae7bccf01e4eca3d0b2fa178e09e0a5c6384b9213e38b0d16ca79cd7f6,raw/3dmodels/original/9/B07MBFD6F9.glb
df2b407315efcfc8ab0b31098dc95d9e8b7062541f82e03328bf7bcd9c37c16c,raw/3dmodels/original/2/B07HSH4ZR2.glb
df3a0ab3a5215f6bbc6266e757b5f8e4e6d2fb78ad6796d12d9710848600cab2,raw/3dmodels/original/Z/B07SQWPC7Z.glb
df3a8b1949db901989c033dc4c4e65ccbbfd36442a96d32dea68cc79b1be50ac,raw/3dmodels/original/K/B01LR5R18K.glb
df47bf5bcf5ae5449b4a70ddcf98461aedaf6229725eb92dd499a2bdd77c1fd8,raw/3dmodels/original/V/B07QM1QGTV.glb
df4f4255df0ef38c19881d9c6568d1d7a253faf7e7ef15c3e73489a3ab6710cc,raw/3dmodels/original/2/B07BMQY3Q2.glb
df5419ea841d4e6881a226dd7ee129b568cc7d59522d4062885a7a42188225de,raw/3dmodels/original/Y/B07MQF766Y.glb
df570e63aae6b110f8b62bb34a6aa8e47c35b059c1e005b79d78cc6cb96b33c3,raw/3dmodels/original/L/B07JQX8S3L.glb
df6497d3bf5a5c8ae946f8661cc52b59a175f7bc4f960628b39537e69893c318,raw/3dmodels/original/6/B07HZ81V76.glb
df6a26e1c5201d404bf82c54763fc9801087ed7991ca6382933fbfffde6852ca,raw/3dmodels/original/K/B075ZBW22K.glb
df80d8ec82de49e44ab7e8460ed8f14c483032783ecf44fa87a0d08ecae3216c,raw/3dmodels/original/N/B07K7KBPHN.glb
dfb9c4d3e40aae2a2c5f7e06dac40958a29b83309b6e733727478febf3b8c771,raw/3dmodels/original/N/B075X4PTSN.glb
dfed5ddc37585f6b172a6e21e4702f0854a8bf1ffb4641c0ee0c13acefda1a17,raw/3dmodels/original/2/B07DBJ7P12.glb
e00648ab5f37c997d25cad0b6f46d2c35d54509ea428226280c5d7e00000b929,raw/3dmodels/original/S/B07QS3M9BS.glb
e019baeeff3932e20c81ae8c5652ae8dec6af9e267f681701dbd1ee3be798706,raw/3dmodels/original/N/B07HSLG6WN.glb
e02d9d0f135e971f377ca5df02d84f419e9b4e1a7c34733b8ca3b7fb3a03b200,raw/3dmodels/original/R/B0853NDBRR.glb
e033be609c635701f765deb8e766c34268c4f02fb5768396480dc49cb7a6cdf0,raw/3dmodels/original/5/B084W385Q5.glb
e03b0e42fdf52458e60c4a22b5cba8bb742242590ab43c526a9c91558ce27b4b,raw/3dmodels/original/W/B07JKQBXNW.glb
e03d763c0a38483d2b73a9edbcd0916cc5a4fc98f0df6144b31089f9c8232a84,raw/3dmodels/original/1/B07B4MD9X1.glb
e053726deeec9ba65690c9cffc821fdfeba95c2542ee0c856c3e21ee5a1c9064,raw/3dmodels/original/R/B075X33SVR.glb
e05bd9a7ce3cde25eadc58143f612467fcf3ca20112f2da136dc46ee66eda79b,raw/3dmodels/original/7/B07QBMQCK7.glb
e0666facd00d6d85d5f2875ef1f6ace8cef916b96648e7c0a9e33db8c9b44ab6,raw/3dmodels/original/3/B07MQD2113.glb
e067c79ef2b0eb2a8f6529b5e81f83e1fc5f48f1cd33bbd12c3ac195f07b22bc,raw/3dmodels/original/F/B075X4PTJF.glb
e07be6749f32168f55544365f0fc6f508b802836d9bd134e885406068f94674a,raw/3dmodels/original/Y/B075HXJY3Y.glb
e09c74f313cc21932f5a8d58409b77625a0793ff62b625346bd364fb04e0502f,raw/3dmodels/original/J/B07G2FP9YJ.glb
e0ada228f86b1c4c7657dfb07adffbbc3ed32f77e3c008ebae6db5fb7b4339f0,raw/3dmodels/original/V/B084MXQ7BV.glb
e0b4cae959119b26e374570e8a6906978288c1421c7b834e407f545ec176ce10,raw/3dmodels/original/G/B07K7LVGKG.glb
e0b86c6ad48a2986a539f4c1febfe11782124fb04524623be1652d063877d901,raw/3dmodels/original/3/B07QBQD983.glb
e0c343126667b67b18d7e4281398d295d03f2665b9f53816e0c21e87703e95bd,raw/3dmodels/original/R/B07H8JNCDR.glb
e0df0202a5f15cec1928f07a3938241d1059aad644d69b91d743e3b68d887528,raw/3dmodels/original/7/B07K6S2G67.glb
e0f2f00b9bf4fe6232cadba8eb4c2b28b5245c8faa26cafc5b056140e410af42,raw/3dmodels/original/7/B07B4ZFC57.glb
e0fbc05c5094b35d521200a4920f0ebe49d77e428180d232f17003229c156ca6,raw/3dmodels/original/J/B084HV7BDJ.glb
e10dd311a0746e149e4c7028b9f0c869d9379bbca97c3e769c408a1f5fd43509,raw/3dmodels/original/4/B01LR5SM74.glb
e1116ec5d9aa7e005411258a3e560a731ae38011382896333fe7267123a09bf6,raw/3dmodels/original/B/B07QDL46GB.glb
e1370f38ce46326609e54f174c1ba58d7c7cd9f02f5b0dbd6e65ac0be27b6d51,raw/3dmodels/original/D/B07F2LW7SD.glb
e142531543e7ef608940fa8e4b05ab1678d4b1901d674cf04e384d2da43c3a41,raw/3dmodels/original/9/B07DMJRQQ9.glb
e154a1bcfd36dbd6ab6984d3cd5a25610f1d32848db76680d1fb1a516b793224,raw/3dmodels/original/9/B07DBHCKF9.glb
e17a5e24522778b511b3df58e065488a46854fcf9835bd1d29d60b50b071b59d,raw/3dmodels/original/V/B072C8Q4WV.glb
e1970de5e748bcf5eda666cf408e2eeb2d18d7f6c9c9218a459a3ea483d6d76a,raw/3dmodels/original/G/B07B4SC7DG.glb
e19f05d45377a3ed5530bc0994b549c6fae1116367a8038594d9dc71a6b5ef45,raw/3dmodels/original/3/B082MY2MX3.glb
e1abd77dcda07c0c2907f0609146b75487276f7aab4d5903003d3f916a5c6948,raw/3dmodels/original/5/B07HSBD885.glb
e1baf79a808ea960401aee1ab7592b4768fabf62b80fca44b1e7a8dffa362192,raw/3dmodels/original/Q/B07DBFFG4Q.glb
e1cdad3d1c64a877283a99cf6e67b70ff007a63115ddccec20bcd410eca560e6,raw/3dmodels/original/K/B075X4JB3K.glb
e1d52f60a4879deb97e81c3c4c71bc84bbb5f212f87f37f644025c0ce2595d71,raw/3dmodels/original/N/B075V2X8JN.glb
e1e8281a415985f2a30e65f57b5075adbd3d26dc6daf47006d768fc7640df790,raw/3dmodels/original/N/B07KXF19FN.glb
e1e877272ea77155ee6bfb8ac9ea8ac49f6bfbf0a89e406afad902df44e35c68,raw/3dmodels/original/X/B07D42T6CX.glb
e1f0c0739c44bde5bcfff305c3c664d7a1afe37f5b33c40e530f70b810b4113a,raw/3dmodels/original/Z/B075X33RXZ.glb
e1f215704acbbd78a2954278201cf77f7e2a031b6e1c35fd2207d127da9d28e1,raw/3dmodels/original/9/B07N2Y55D9.glb
e20ea555c08ce72f167bd3c08fe724199ff7ce80017ace9460dc3499b5733140,raw/3dmodels/original/4/B084T7K1P4.glb
e21e8d3ffbc23da7461155dc267b61fabeb6bbcdd30eb7a129374bbb442224cd,raw/3dmodels/original/4/B07WBYQQ84.glb
e22e4bb8732d7bbf5614f74ed7b2af77aeb0571edb5b1855f066ce0a95ca275b,raw/3dmodels/original/8/B07QCMBKN8.glb
e230ff8f6beb5ac779a3447d8190b3e26583e34db3c3fdfcd7830e3830b62fcd,raw/3dmodels/original/J/B07B4ZFCXJ.glb
e23c06d45dfbf4d4eeef930501716ed9b667746609146758896215288f3ad0fe,raw/3dmodels/original/Y/B07DBDTCTY.glb
e26032454f9f70a27aa6b9f81bdd86ed1753b063157239cda7c29ac6a9a40612,raw/3dmodels/original/Z/B075X43FJZ.glb
e26f00487ea1045c59e2f0c679c79bed87db9a00769c63d4ebccaec2dd368e3f,raw/3dmodels/original/1/B072ZP9XL1.glb
e298dbe6ad386d71b270e26660a5a68fe730a1e16c6855d019d7e616feb5d5fe,raw/3dmodels/original/M/B084W2RX9M.glb
e29b4972d68d2130a6d8f9a20736d8f4b92015687bcf11d93730d97f9997c54f,raw/3dmodels/original/T/B07H8JRPLT.glb
e29cda8f46b7a464d9b53e624e7b50b2e4647a9a06cbf279edced0d720a83712,raw/3dmodels/original/V/B082QCY5SV.glb
e2c28d644ad343ab4b54b978c632cb76616afbf76b88b0352c140c2740cb66fd,raw/3dmodels/original/P/B07M6PHS9P.glb
e2c2bad5deae12efc20c30effb7250a54413dcae86316771d35ad3d6e94138bd,raw/3dmodels/original/2/B07HPC5SQ2.glb
e2cf1dcb2018125a7b82cf9cf44f49c78f242f0c5898d02214171a84202ca27e,raw/3dmodels/original/V/B07J4VHLSV.glb
e2e3d824c14ed8d2dd2d3c9106716bb836881ce3b601f8bc5b7e89b91d058a83,raw/3dmodels/original/1/B07DBDWZ61.glb
e2ea1d4813b5ab8394eae78d6e5259c862ddd754992adce0fe1c2174dff6e813,raw/3dmodels/original/7/B07JY3DBQ7.glb
e2f1f0517cd9dd32dac7221c7bbfb40e2f870962d80aa115ae01b5efdc28a148,raw/3dmodels/original/S/B07B4D6MBS.glb
e2ff3e1423975a259b1abad04f1d4a27de7dd480f3d811e1f71882412e72c96e,raw/3dmodels/original/X/B07P7NVGWX.glb
e306579d5476c3a0675b96b153bd56a06104a2da2dfe54f646664fb060337780,raw/3dmodels/original/H/B08G217VYH.glb
e30bea4b396e44527eedd094b2aa586d21ce633889484080762a946e27394d61,raw/3dmodels/original/R/B075X65R3R.glb
e32ef816d5b35fbbddfd4558957e65c4c863d95feade853f506aa62bc0743f17,raw/3dmodels/original/9/B07JQY7VR9.glb
e34e184b2ab0b07757e8df698761877022c9e3b405d9180e6451135bd1a8563c,raw/3dmodels/original/F/B07B4MH9QF.glb
e35c9e513f55df64a6b84b7fc9711f8dacb3abf7dc46fb63a6f1fe7d78a1ae97,raw/3dmodels/original/S/B075X2WP1S.glb
e3606f464db049766f0ffc3d5288cc9cf9e3a1cbd560612d10c0a778e73b050a,raw/3dmodels/original/8/B005G2WO38.glb
e36299aae0a36174905bbc0f95394f87d426ca38cbaae7e1b8503d4f4ece07b9,raw/3dmodels/original/B/B07B4MD5LB.glb
e375ba8b848fbef2d370cbb7006772c1ad6bbead147f1ab8493778f68126366c,raw/3dmodels/original/K/B07QGWLBHK.glb
e37d9d6c052be31cf403a9ac3c5292e053d6d65fb6aea4d7e6dd1b0b508c83fa,raw/3dmodels/original/6/B075X4PT66.glb
e38515bc66517c7d8ad69354f1e4f7f64a892104663a61d3392241ec9d13d444,raw/3dmodels/original/B/B07Q44L76B.glb
e39af14aeb67585f29e701240dff769f3407d2bdacc25db8e2e55520c329cb0b,raw/3dmodels/original/Q/B082VM4LMQ.glb
e3befce5ce05ecc049767439099f018e2c1ced6dc1e8099ae8defa3799591994,raw/3dmodels/original/Z/B07B4MFDTZ.glb
e3c9cf5f76f2f5d45ccd1574a1cea753877ba3155e448709f5b98a61a793db06,raw/3dmodels/original/8/B07M7NSYD8.glb
e3cbc7bb34e562e18364599ec0934a55376e7a2e030ba97aed7626270a958f07,raw/3dmodels/original/N/B07GNCVKVN.glb
e3d44467ce330a1d898ba92ebf7b27a2c0749c43cf9d1d1ff8201f1d624d0b15,raw/3dmodels/original/7/B07MBFF1M7.glb
e3e383e29326215c9bff92702d398d89ad12da142983ea14d65077c1ede720d4,raw/3dmodels/original/5/B07HYYCT75.glb
e3e8f4b36ce59f30dca6a043a0c9b021c8b48ce318ebbaf864fd0be19220d239,raw/3dmodels/original/1/B075ZGY571.glb
e3f5c863fd4485c0679f8824a1747307ddc18929feabfc4bb4e2a80754e96c35,raw/3dmodels/original/Q/B07HSJSH2Q.glb
e409236370f65141c2a4dd94d977007bfc4d10b62b44fdb94971bda24485cac1,raw/3dmodels/original/9/B07QCQ3BH9.glb
e40d5bdd78b76449502b6109383d37784b11d78b25a11fe6910f65263c3c8a2e,raw/3dmodels/original/F/B07B51HWFF.glb
e43559706f480e458c03d21ae41631d785b9ba839487595b2820fec330c5ef76,raw/3dmodels/original/F/B072ZK887F.glb
e43ec60ab5f6882bc273a63c06547edb399ce20226860265af1f4abd7cecee5e,raw/3dmodels/original/T/B073P3HHFT.glb
e450b29e1424e625a25b1a7cd52a797ca17f2502c56c26ef48dea021b1c1b052,raw/3dmodels/original/F/B07YF2KGLF.glb
e4539c9051de370ae46e3fac3fb37f2b91392f61a9dded9198c680a4f3264547,raw/3dmodels/original/J/B07HYYF5XJ.glb
e4540cf96316cfaa8be02580880e116e954ae82c389557bc032e6e2a93500ea8,raw/3dmodels/original/G/B072C8Q4SG.glb
e45430e2aa3fa3fc17dbebdc527e6df43552090acfcf1c361cc340b6c8d8d965,raw/3dmodels/original/9/B07Y3PYBD9.glb
e4631c4f58e66d6fda6562c53d4b346ac7ab00f6d0b9cc19ebab0f602baa3a1d,raw/3dmodels/original/7/B086JJCP47.glb
e46e6ff0f67823938b1b03074c2ec2ecc5cd8ba11d896110779361cf786529bf,raw/3dmodels/original/F/B0854SBC3F.glb
e46ebdf9ec99723b8c53441699c135e91fd7261f23d1b05933aab348d1d6d9d7,raw/3dmodels/original/7/B07B4W23D7.glb
e47336fbf4c9a40444bb261e1c7d37835849fbbb5dae3ff22e110a810402bc80,raw/3dmodels/original/S/B075YQXRBS.glb
e473f2766b2e27405b050d8ed6cd2a75f17fb95ea89a38759d9b3a4bf2aa4329,raw/3dmodels/original/X/B07B4SCPPX.glb
e48ea9a4dc757e1e229a160bf2a0a86889d8dae275f52bf01bcd064445209f64,raw/3dmodels/original/C/B075YP336C.glb
e49565617cc639fcc69af314ee6133f0695a600ceec5117c4b9dcb3606ce4bd9,raw/3dmodels/original/F/B07HPQQKYF.glb
e49e22c157a6e223c5b981c1676338d1228bf274bc457d5d0967b845e235e7f3,raw/3dmodels/original/F/B082JH6LSF.glb
e4b85cbe8e4dab4736f6623a0229fc5d474b756c6a46a61289a549b72efaa075,raw/3dmodels/original/M/B07QFP5Y7M.glb
e4b94f29834053dee20bfad28d00c8a1e817d3d1b7ec2210ac86577c58259578,raw/3dmodels/original/G/B07B4GXYDG.glb
e4baf28fa9ba12187a6be5ed9e1f57396dab3b9615fd58b299ea133ab3242cf7,raw/3dmodels/original/R/B07HSG85ZR.glb
e4e040b7d45d4e413fc7e8025fe684402003174ee51f81f517ca6b31bf3e69e7,raw/3dmodels/original/V/B07BMR3WZV.glb
e4fc55c7ab303358f01279971dae3302f04cfbcdb9f3f10934c3c1c2e2bf3cad,raw/3dmodels/original/H/B075X4VWFH.glb
e50ed13d170f469213dd627403adb53d4e506121dcdedf0fc036b130d1b05204,raw/3dmodels/original/3/B071SLGYB3.glb
e5474c38c55fbbc95cd7a3a0c6f427dc85903b6a09998f62cabb74a1e38ac576,raw/3dmodels/original/W/B07WRBHP7W.glb
e54fc8cb99219f426c4d6536f987d38e15fab26708b6ae4a16a799fa1d797bb9,raw/3dmodels/original/D/B07TX2D39D.glb
e56e6096d134eee8d3f2261486e1f7cce21b8a392a57304212399a4853cf8128,raw/3dmodels/original/3/B07TXPYH43.glb
e57c276c48e7ab50292d0c23d087044adbb3e459765ab010a41492a21850559b,raw/3dmodels/original/2/B07HZ73RX2.glb
e59bbc1f5b91a5f8d587eb51baee34a635fc77e043236ccdd9d89c435d8b37c2,raw/3dmodels/original/W/B07DBDPM9W.glb
e5a929c6d7f865eae81ad7a4853bfb56adbd2ebdc81bab2809b2272c80970fe3,raw/3dmodels/original/L/B075Z9QBLL.glb
e5d11dd6c9f922b954e7ba1b96bfb30496066d65e0d964e187402d54c8a57e89,raw/3dmodels/original/3/B082PCMFY3.glb
e5d4ac4da4b169a7e49b8260281911ebd306b6760c6503db5459868816affd54,raw/3dmodels/original/5/B075X4VMC5.glb
e5d873abda0544b9b0a13a3c0eed7d8b2ca9b4a1871843e5d708789fe5cc8df3,raw/3dmodels/original/7/B07GDSDQX7.glb
e5da2d042346d1298b1e090e6833ec2e962befaea175cca879fd51a3eb45986e,raw/3dmodels/original/8/B07JQXBRQ8.glb
e5e5d331783df10928bc2ec02d662d5e8e60f5798c12a2bc1ea43af09d53798a,raw/3dmodels/original/P/B07HSKB7FP.glb
e60c2f7bb025d0e0601417bc8cdaa825d07319d8a60d601c939b6e272ad88bf4,raw/3dmodels/original/N/B07DBGPVCN.glb
e616ea9759fd0e29468af02746ad7882591733734e120855f6bbbe253d88ef62,raw/3dmodels/original/6/B07P5LN1Y6.glb
e6171ca6e7261b090d86358ba071b36da74761b1c5c684f108eea8b36733fcef,raw/3dmodels/original/S/B07B4SC3LS.glb
e61c404b793290e47d164e1c5d7a08424a0d95c76946fe0038e46a615f90090a,raw/3dmodels/original/F/B07TP4TK6F.glb
e631f3545b4f25a48a94ddfd65d0689b5c66ad0f0eb5ab3d02a3f97aea1b52d0,raw/3dmodels/original/P/B082L1FGYP.glb
e63d2b0cd28300dcfb0c2d49f7be87090d120e5d4a6ef98b915e5692757385be,raw/3dmodels/original/B/B07M7MMPXB.glb
e641db9df437f7f665b3320816d4a12cf7f8dffe98cb22205c6233c5ac43bbc0,raw/3dmodels/original/G/B082JH9VWG.glb
e64c88e525375a8bf329fe938fb256bb9cc36e0bd928b196ea59038dee3d7310,raw/3dmodels/original/5/B07S5FS2R5.glb
e6650dda3fc669cd1d9d346ec9591071320958b51b53f2c03e4689118ed38c28,raw/3dmodels/original/7/B07B4FZHG7.glb
e67334f92b5d5fd74abf9174b4ba96c29bdbbd4bbcd72701c5208354920be340,raw/3dmodels/original/L/B084W2WJGL.glb
e6919c1443b4e31fb0e335c7440de5065f76f5ddfe78b71597a305d678265bf4,raw/3dmodels/original/J/B07B4M4H4J.glb
e69ae3aab9ab2e38d76b66fac351f51a27e59e7dc79703ecfb8cc80d7ec830cd,raw/3dmodels/original/B/B082XCSHKB.glb
e6cb445f1a4cc5a6aee495fe2182e46169b95754efbb56cd3d9de2f5c5769d1d,raw/3dmodels/original/R/B075X543WR.glb
e6de9193f445211c70274a9d3d5427de519481896f869d7aae6f738a6c2372ab,raw/3dmodels/original/9/B07BW8PYZ9.glb
e6e315242179a762167e2bcc25dacff7e76ca2194e5cb7c4163e93e3bd43d867,raw/3dmodels/original/2/B0714QGC72.glb
e6f29129a3f6ce467dea5d57dbdd877d39a0990dd71151e322e019b1e35938d3,raw/3dmodels/original/Z/B07QGSZ79Z.glb
e6f3af7c1a36f5b93c0e32c96af78364401546a9a811896f669bb80b00dca2cf,raw/3dmodels/original/1/B07PC427H1.glb
e71caa2caa076ad3b0875470f98d6baf0c9cfcc8b477ca6ec7568a65254cc995,raw/3dmodels/original/3/B0853MY3J3.glb
e728534ce08681b5209ef5f8cd537618c89df724b6a6a4bed4d259ef1a1d9819,raw/3dmodels/original/C/B075HX7JFC.glb
e7449f06fcc3e7e02854faeb2a7868d618a0388846951938205a1605c34b1612,raw/3dmodels/original/6/B07B4YXRJ6.glb
e756b0c42334ad7346cf2f49e63fd007127bef9254c27284e32cde67d15b1876,raw/3dmodels/original/W/B07DBDZ3WW.glb
e75b1369e70bf5247a2c45a1bcd6eb2885a05734076ec1baf64635c836e7abd9,raw/3dmodels/original/5/B07QHYD4N5.glb
e77f3ab57b9656fb0e0229e3c9d016f0f6d264ad3364a7a1adc7e277ebab7b57,raw/3dmodels/original/F/B07B8NZMZF.glb
e78d874a7cb16dffa8dd5bfef83e3fc19ffaece940400cb1b4797eeec68c6149,raw/3dmodels/original/8/B075YMN1J8.glb
e79e014af6f26ee82619d00da0ee609ff23bd23b25b13481d51cae8dad5f4248,raw/3dmodels/original/L/B07QDNQMXL.glb
e7b242626b950d15385ade09c677aed97e207ca6e8437e51489ae6d9de86742d,raw/3dmodels/original/2/B01DJH73X2.glb
e7bbd9f9d8454d17a115d51ff4c1ca3500314d7b325e02931f7dbcf783f45391,raw/3dmodels/original/B/B07CB57C8B.glb
e7c24663f46be9628a7313a18af893a4d8fe0c34dd241ad4e77e38fdc5dd68df,raw/3dmodels/original/L/B07VPNX3QL.glb
e7c86f75f09f1aa3dd8fd88ec0dc07c652650618eabf072c1efa7a61240a7b94,raw/3dmodels/original/D/B07B4ZXKBD.glb
e7ec00f7bb70eddf8871ad9f5886f7bf431c916320d4bad45acc89733d6ef9e1,raw/3dmodels/original/K/B075Z6S94K.glb
e7f5bad9b6769d68993d3916d625fa62aa27814d35689b0fe0e84d9d0efbe62f,raw/3dmodels/original/5/B07DBB1GX5.glb
e807955ded8bead7a4f5b3ce6938a5c705cfaecd5dd6a20234a9f89478f09965,raw/3dmodels/original/C/B07QGWLBBC.glb
e821853f04577f8bec026224c21583338edfa936b7eff8e0e087fe8b3cc05515,raw/3dmodels/original/L/B075X4N3QL.glb
e8261d3ec312b672318c99673c1ae1378f285ce644db164f63ea1857c81c55ef,raw/3dmodels/original/W/B07MJJX2XW.glb
e831acb62babfbc92b64155d1702ce28bb80f47e6dd7c6387102ef7589c499ea,raw/3dmodels/original/F/B07B4VY14F.glb
e8334c21ab1d262f419f57f1762208db8be869095c11c4dcebb2f9cb8df62eb8,raw/3dmodels/original/7/B07QCMBMW7.glb
e865f32e003674dd61da5dd9672d681b840b2cc3b771a5c603e5c3bf062a7ceb,raw/3dmodels/original/M/B07Y3PH5YM.glb
e866029b35ebc040bed996c38fbabd7e2447b6e7ef404848dd73415a9f825b48,raw/3dmodels/original/Y/B07DMHP1ZY.glb
e869f6f16866f1becba40c327efebfdded073ad8abcfa6794e2b993cd7d44e4e,raw/3dmodels/original/D/B07149T97D.glb
e888eadea116f8479cbe28f660ec2c33d6724d530a97de3bf5a3d84ccc5323e9,raw/3dmodels/original/M/B07MF1S4YM.glb
e89e2ee49998e9f0f18736e622eb760b48b3be78bae5de9525fa4e3e3136e1d9,raw/3dmodels/original/5/B07DBD3G35.glb
e8a57d4e9024bc077f408b1c745d2c26aef1ad23341fda29e0727d7c5e3ccd19,raw/3dmodels/original/T/B075X4T5RT.glb
e8aca2509511bd453b8398fef0f92cde5d74728cd9ad70cf06faf158f8d776ab,raw/3dmodels/original/6/B082KYYMZ6.glb
e8b02b23711cf17845d58271ea5c174c7d08e27d22800b88c1ca209ae80d0094,raw/3dmodels/original/G/B075X467NG.glb
e8cc39aa831b3aa3299b68d79c8770ade217f6a131927b30a8c28dfa0d6aa09c,raw/3dmodels/original/K/B075X4N3QK.glb
e8cfb8fd87088c8c27f7cf2feb7dd682ecee903cc65154d2bf479a708f4dbb80,raw/3dmodels/original/F/B07JLGBYXF.glb
e8da57ac199be83e18eee229c68efb20877745fec9a4e688f2ce4399095ab6e8,raw/3dmodels/original/R/B08568VZZR.glb
e8dff5ed459d02e92f1255af29c725b95ada771dc5596b3be14fbf0c49fe1414,raw/3dmodels/original/9/B07HZ5P7P9.glb
e8ebba1376837dcc13c67a8c3643e97bda8117360a3f4e799f45eb569b65ffd4,raw/3dmodels/original/Y/B07M7MMPWY.glb
e8f006a567bbb266c6b2bff1d068d1cd90e99b0685de38b16cfd4958cfdd19d1,raw/3dmodels/original/J/B07VNL9RQJ.glb
e8f46de9808597f60bfe5be7a456b459cd422a35fd64ce0dd82ebba77a19ba82,raw/3dmodels/original/3/B071J7Q343.glb
e8fae64c3ed66575e62fbe283bcc7403b75f4e452e5521f1c23a8c903db97028,raw/3dmodels/original/X/B07K6N5FVX.glb
e916590664f3a924c7c27f1eb4b08e889362f1a5d36bcf4996d333f18785e43e,raw/3dmodels/original/Q/B075YPTG2Q.glb
e93abb0bb55cfe4b299c3e4c69acd66136be78ed7d5243dadbbf872f4cd537e7,raw/3dmodels/original/5/B075X4N515.glb
e93bddfa341c4b11dbe5e221a110f813202f18b698a811d558d92e2bdb868086,raw/3dmodels/original/G/B07GNCVKSG.glb
e93c66801bada2b62de95315c7f63d51103e45f3fa51094a3de208d92ed4aa0f,raw/3dmodels/original/8/B07GNNPB38.glb
e93d4064c901cecb000cdda7e1390b8618d198d6936189423bce09e1fd778e7a,raw/3dmodels/original/3/B075X4VWS3.glb
e94374485405477ffcb99b37e6df070d547256430b3f4ed028586efec402715b,raw/3dmodels/original/4/B071W5VJF4.glb
e95aabff38a69118461d61af97898852680fafccf461d8225d829ad3faeaf3e4,raw/3dmodels/original/C/B07QB8L7YC.glb
e95bb5ee1701e28bea0700e0a825f3402dddf1a99b6e268aff2fcbbb2c06a830,raw/3dmodels/original/4/B075YMJ254.glb
e962192927db9f98e026d522657aa4643ce257987abe30b667295e4f39b414e2,raw/3dmodels/original/X/B07S6XKT5X.glb
e973dad820e9fbd63cf669cbbe406f5221e4d87ea77c80859fe5d58b71e7e43f,raw/3dmodels/original/6/B07GDZ8HN6.glb
e97745c084d00e6c500425bfedc0bf59c6bdf4fa55e7561a65499a640c1d2d2c,raw/3dmodels/original/F/B07J2JGX7F.glb
e9815b1c3fdc5baf95786622e569670bb0532789f6918fca8322dd7368b46414,raw/3dmodels/original/C/B07B4DB9ZC.glb
e985f2de51d88d7bbe2e15e916f7e97c3631fc7c68186707caa9e89badab5109,raw/3dmodels/original/8/B073ZRX6T8.glb
e997371f11146a7b814749764cb21aa478b8899de7cba7f032b0ab6c1c07ade8,raw/3dmodels/original/D/B07QBQD6QD.glb
e9ab4a2e2b4df0f6c4717a05e5dbca96a1863909710b15eb0aae9107d160e7f3,raw/3dmodels/original/8/B075QMGMY8.glb
e9ad8ae72e7d0b7dc447d44caedf0a70c8c90bfd245b6f98694af2cc168ea907,raw/3dmodels/original/4/B07QGG6C74.glb
e9cdadddf9253ad070f7ebe1bf97db8e4f0bf830b2cdf166457283f6ef182772,raw/3dmodels/original/6/B07DMFNXY6.glb
e9ea19b0ad12bff812f91897a243647c607ae69a4f50477518058e150e629a35,raw/3dmodels/original/X/B07B4L4PCX.glb
e9fc69142cbf06a815f394cbacc9b153df6323c9df435b2b2c26c8ed94b550ec,raw/3dmodels/original/8/B0742F7GT8.glb
e9fcd8eb124596f040791b6fd6cdefcfd08643369816ef2bb44bf981378a7f42,raw/3dmodels/original/8/B0856G1638.glb
ea07c2b498ae98efe186f4cb6f27811db782c287623efb0fac05c66d1acd32fa,raw/3dmodels/original/Q/B07QC8772Q.glb
ea0ab68b0c2012b1a766d9ad76cb29b7baa334f500b570015d18a66bd809ca64,raw/3dmodels/original/D/B07B4YLW8D.glb
ea4341f591507ee07a12d89983cdd058ee3ff984ebeaa1ef756276767efc21a7,raw/3dmodels/original/S/B07B4SMRBS.glb
ea5039775b7ba171d12134b156a58287e41ff4c71296387a2dea4a9e6608462a,raw/3dmodels/original/F/B07DBHJ9YF.glb
ea59ed71b95d5082fcc718bb4d7ce3c365ead97aab2752fe5f2d3c13a8e8238e,raw/3dmodels/original/S/B07DVVC3FS.glb
ea5a83a057c335016f3a9d14477d496680719b3c889e91dece82f56b1adfe4e8,raw/3dmodels/original/D/B07QB8JYZD.glb
ea68b10e76561d7db9f39e413818f3463c853dd627f6a4afb6701a09d10fe66c,raw/3dmodels/original/V/B07R6NNG3V.glb
ea6f455432a1b909ef14e29b6c0c2b1d892dc4cb71e9b14830e90e98ffaafa11,raw/3dmodels/original/4/B07B4ZC524.glb
ea7b0e73584e722725ef09720d60d225d6c5a71c8c5043fb26d4d083ad03120e,raw/3dmodels/original/8/B08555TMQ8.glb
ea7f3930dbf78cc52969cfd75328613a1b12e3f491c4033c407c4ff84c4b0996,raw/3dmodels/original/7/B07QC85YG7.glb
ea85d9b1895f1eafbe070b682d46c0ef91004d6ab1bbf7b4d3c6bd7d9db9e6b6,raw/3dmodels/original/R/B07Y3Q7MDR.glb
ea8c59cb06659221f56300a7fb5782ab6aee318ff54d8bacf7e5e2f469a4259e,raw/3dmodels/original/Z/B07B4YXXPZ.glb
ea92ff7fe9dbf042d9cf0b6fa42c491b516f2c480e77cbac356cd3fce203557d,raw/3dmodels/original/D/B07HJFY5KD.glb
eaa6792073aab68743c81afe39a9f626278047448a8f46670613f87b5fc0b751,raw/3dmodels/original/F/B07GF7CSLF.glb
eab8712a5bc3853eff354198bf7691e97fb39beaad2abcc114ed31f1fffeb16f,raw/3dmodels/original/6/B084T7BP46.glb
eacdc9d238bf331721de990b2eec689964dbbc405e0b4968b050506237955c2d,raw/3dmodels/original/6/B072ZNMKG6.glb
eacff4844d650753194c1ddc95037fb98af377a0cb5d4a97b5c407f109f55a6e,raw/3dmodels/original/C/B07B7B9FKC.glb
eae8a22dec852f867fee9794ef53f09d965943381b85c81fdd27803a487cd6c5,raw/3dmodels/original/Z/B07QFB1TLZ.glb
eaf014af3dcf7378918e6babf57230d346b7d0e886463a2c1ff22bc294059bd0,raw/3dmodels/original/M/B07JK89F5M.glb
eaf3a080eda1a141fc7c16c9bfa09ad21f32652d280b797b658b19e09772a195,raw/3dmodels/original/T/B07DBB79LT.glb
eb04e5bb6717c931b629fafd6377487ab4fae820eaebff37903612343798d8b0,raw/3dmodels/original/Q/B075X4PTKQ.glb
eb2dcd36b0da135ce867c5684a2a220a3bdce833c9c43dcf904b5692be782cd8,raw/3dmodels/original/Y/B07DBHCKHY.glb
eb45b2cb9f7d0a71f413ed12a3f7dde4d4d67aceeb265dc8516f192877357791,raw/3dmodels/original/8/B07QDL57B8.glb
eb4f6d258d61f3fa9f1bf06a85d8df8b135b94717276ea033389148e581431cd,raw/3dmodels/original/7/B083YFL4D7.glb
eb4fa53debc44b3f31470dd580724dbb82cfa65afb608ce38ee1931b050471e2,raw/3dmodels/original/C/B07B78LZQC.glb
eb5b16e5a0ba6e8c8a590adff4b6f638f57858ff4772f0895c0b189dc46493a1,raw/3dmodels/original/C/B086JJGN3C.glb
eb68d9573b54cc3c6250ade4067ff85af6a451c67b9c12dd01a9e17db4a40820,raw/3dmodels/original/9/B084MXXPK9.glb
eb91dd6d10731f9f4a5354d382c15ddeefb770bdeb20814b38994a5c4be7fd84,raw/3dmodels/original/5/B075ZB5BK5.glb
eb98a79957f6f669a71195004cbfdc2d83d8371d2fea879d6be4d29bf62007ba,raw/3dmodels/original/7/B075ZHP9V7.glb
eb9bc14fbb061e1cf13f6dfadaf32d9c5efef586218ff43e95ccc4c6531b621d,raw/3dmodels/original/L/B072ZK885L.glb
ebb2c28f2690f91fe091ed22d7c65c5606cc7fe23c43c62176583e3be0fc5371,raw/3dmodels/original/W/B07HZ1M12W.glb
ebbadcbb7c3350ff5234c2f15b1d8f23dd862220641da155398eaefdd8edb1a1,raw/3dmodels/original/W/B07VQSXQPW.glb
ebbc98c261064d9f2897ecace2f05a37faa3a8be639aabb7dc9b52612190de3c,raw/3dmodels/original/S/B07M6PK31S.glb
ebc329712b7243b84de49bfdb254cf32144d19aae6712ef3eb97332776770a37,raw/3dmodels/original/F/B082Q96YTF.glb
ebdf1fcbd2216aa5cbda3293dc4b47723d313720796647da3a488b0fbdb91f0c,raw/3dmodels/original/Z/B07TZRKTGZ.glb
ec193d6daf71c8917ed383ee593db317529793ed415103ddcdc4b852b547b57d,raw/3dmodels/original/Q/B07RZTRBVQ.glb
ec203211cd2c8c8dabf1426347b0103c660890e5435a178d82e2cf040dff4ec4,raw/3dmodels/original/J/B07V6Z97QJ.glb
ec6d31efb5b6c7f07713afc0d3dd6a3446d98321233e6e8191ef4273b78e4eef,raw/3dmodels/original/1/B07P8STHQ1.glb
ec8672e5a5d082a6378790a0ac2271018fce97cda6a1e12d172111e09f07a9be,raw/3dmodels/original/Z/B07HSLQ2QZ.glb
ec936844f024afbd4bcafbbd7ec0376272e88aecd3e6bb3cea045f329d26e60c,raw/3dmodels/original/V/B085GX3LQV.glb
ec9e80da3c20217ee3a17fa50559bc45673f47075fe12f5facde152146fd657e,raw/3dmodels/original/7/B075X38PZ7.glb
eca9a2222ed8bfe74fc9fe375aa02ff90db8e892777be8ead3030c7ecaaefe90,raw/3dmodels/original/L/B075X4VWKL.glb
ecb3b0e0ed035a772766f7470aff445b2ab5dc06bd500bce550bd7fb80f4b1c0,raw/3dmodels/original/G/B0825DBW3G.glb
ecbba54eeed524e062b9b7c0ee5f318f242c1e7bd524f33959760857a32c22c8,raw/3dmodels/original/8/B075Z9CWR8.glb
ecbcee41c50996293ea6b3e195dec3a1c12ba6225d685ea746fbe68ae1e0b365,raw/3dmodels/original/K/B07YNGHH6K.glb
ecc2592287329a4cc05bc706a68aef86930c5f9e0d7b16983e5f6b651be48d65,raw/3dmodels/original/M/B07GDYVV9M.glb
ecc4478fe4bcbf075a760f8f3224604f88a15f131bbf521c7f6f958cd774f14c,raw/3dmodels/original/1/B07JGY5LL1.glb
ecca100145dba2150eb901c463d49ccdb94f0c475802147fd361dfffb881778c,raw/3dmodels/original/V/B07HSBJ5DV.glb
eccd5f9416631e25950b30887e35946601675f51e5264ba4c7c90a40d1ccbd4f,raw/3dmodels/original/1/B075Z8KX91.glb
ecf0326a19aef15e067fbe2bad709da73fcc4f40a37b86a8fa623c07a44de896,raw/3dmodels/original/7/B07VB7Q6W7.glb
ed051f725289c01af538db80012e1d057e1bbda59f73b48a43439e6c35a01f3a,raw/3dmodels/original/Q/B07HK3HJ1Q.glb
ed06db729e84e7c64f381bee66b98ea0c5b8ba15a497d75cb4ffa951e5173c54,raw/3dmodels/original/P/B07374P5NP.glb
ed0beb3dde305efeaa180097a888ec9180a358009b041a9b9a7d059cda35c2aa,raw/3dmodels/original/4/B07QC8C7Y4.glb
ed2113762de400af8dc450d3ac691cb1b71e8ade23a04d8c8f597fe22cab4b74,raw/3dmodels/original/W/B07PSZHDMW.glb
ed276c5bdb6be3cc58442ba113ed36b94e906a149797a6363b9ccd996e6750e6,raw/3dmodels/original/K/B07QBQF7SK.glb
ed2b277c7e1bb3ab35c17f17d39f85fe1db9ed15458a0e89fc13c4a9ffbffc19,raw/3dmodels/original/Y/B07QDL42GY.glb
ed2c9c41dc33c855dec64c6598c12d30acb67dfed43ed08f3d87ec5da011bbe1,raw/3dmodels/original/2/B07HYYBHN2.glb
ed3fad74c8a7cedff602185f122348909e865e171c5e54c68b1377b33e9b2a54,raw/3dmodels/original/Y/B085FGZVYY.glb
ed548bb703765820719c5bb130430a22efd817c2bfd00384f1340c2bfd499e04,raw/3dmodels/original/L/B07HJ66BLL.glb
ed6396c5c08d6d8f9a71504202aaadf0d30ee5d2bb355c49d01dd7284d152364,raw/3dmodels/original/7/B07HZ7TKY7.glb
ed6a5379a70c4d16e2a7184d8eeaf515a9c2fad9692b2911fba5f6c9659e6220,raw/3dmodels/original/Y/B073ZRS8TY.glb
ed751084908fda3a0af8083ba295ad08d5f18bdea2fa5aceb42b68045a527614,raw/3dmodels/original/W/B082QBH69W.glb
ed7703577e37e4612060448fd3013f43f432316554d8009f1378dbb587c6e2dc,raw/3dmodels/original/B/B07HSH4WFB.glb
ed7886324da9b860c2d56aca3b91ad997bdcae3359195f53eb6c9c6adf4c40df,raw/3dmodels/original/Q/B07HSJ3G5Q.glb
ed9c181ca41d8d284c8ebb896737300922c8a98be5cc1725c723893ee2a1b3f9,raw/3dmodels/original/H/B07GFRKNNH.glb
edaede1cbcc1f6c6a12bba6901841c4a308957afe010f86399133163734f6f69,raw/3dmodels/original/X/B07PBZL4BX.glb
edafa94656c6dd3932f0dce7f7879e3c06c17a8efe7ecfa91e8ce477a89add81,raw/3dmodels/original/H/B0825DG9NH.glb
edb57df3e24aa41f626d159dd5fd5964daa601b00c99f3b6baa1c04568c4dbd9,raw/3dmodels/original/B/B07B78M4GB.glb
edbffa7f82463cfb47042b431fcd9f19e27ed9ba5ba0ac6dee405ac9e4f37ae6,raw/3dmodels/original/S/B07B4M4HBS.glb
edc02a0ba6f10b47281375b3baa7115f7b978d242c5a868430e1f7466c721fd7,raw/3dmodels/original/V/B07MCCRNLV.glb
edcbea656dd504c13a586bec1a7b9b6c2bffcacf972ae72ebc9736133902616b,raw/3dmodels/original/W/B07JQKSDWW.glb
ede421e894cff723bd2fdcfa2a98670b16bca403c6344ec56895c9f2fd40640f,raw/3dmodels/original/4/B082XLC9B4.glb
ede6207fbab50582b28abf98c34d0f1bab150b0e43396a3b832a7467b5836382,raw/3dmodels/original/J/B07QPZK6MJ.glb
ede8eaecab17a8140cd576acd73d145ea520abe8a64fc348188d0377d5198b73,raw/3dmodels/original/9/B07B8TGC99.glb
ee0c0b49ff572d530bbc53facfee3da22e42c3ebe239dff65d704991c7803bc6,raw/3dmodels/original/D/B08DW12FDD.glb
ee2435e82fceac53d821c11e343ab5cbe9ad99cc228b67874f383f0cc2967cb5,raw/3dmodels/original/J/B07P5LN1YJ.glb
ee36a1de6645b0409452c4687163cad0197e942258b9683f4d619c8f98a5a27d,raw/3dmodels/original/H/B07BW8QTXH.glb
ee3b104f6c92b2a15cb0bd8ad0c36ecc8f7076ad822b6f3da86eedcb695d4d46,raw/3dmodels/original/P/B07MBFDJMP.glb
ee4b2fd9299c5470d1a5b83fea587b9913b9b7bec07feed24f93093b7823e912,raw/3dmodels/original/X/B0831PZJ8X.glb
ee6c89f1f2dfac9722d39d9c2f91b80279e2b8fe4fc0e255e60acd1ea046fa4f,raw/3dmodels/original/9/B07B4SB2D9.glb
ee6f9261d156e556e6e7d1b71683ead8c9aa96abb47989281fb51813f0adc228,raw/3dmodels/original/Y/B07B4GXNJY.glb
ee8fa91f727c92e3d5de423285f98c9dd1c7455e79588dbcfd9dcfee62ea70cd,raw/3dmodels/original/S/B07JKJSM2S.glb
ee93a0ff5da93152b140957ef5edadeb481d3cc2cd26b663a1cc78547f5f801d,raw/3dmodels/original/9/B073GBFBR9.glb
ee9a6f7aa74346833d4b928f0a4e7b6b452816732ca2a5c5e8202462ddc428a9,raw/3dmodels/original/V/B07M6PKCPV.glb
eea0d85b69d4ff834e5dea79954c03e78568abfd041f36437bd8e6c48fcafa05,raw/3dmodels/original/C/B07B4GVMDC.glb
eea77e09ab4853e5374fa9950a3cb059a74765336cdfd25ca00fdd9cc8fc6fcc,raw/3dmodels/original/1/B07B7B3ZN1.glb
eea7870f9ac81301c3677a10ba81a23caa090b6d1fc2f5fa7485f352f0ccc1b0,raw/3dmodels/original/1/B07QHL59F1.glb
eeb11f5a0bf57977395cb7daebe25e91993c44d0f059e70e4d5004cd55774ba2,raw/3dmodels/original/5/B07DBGPHG5.glb
eeb46427f0f615b213a5b761244b4381829f4696608910b50e3408059b5cddf2,raw/3dmodels/original/9/B075X4VWF9.glb
eecdb2e44550ed44c7a5ba591785e15c674ac57bf707169aa70e1efd99721ccf,raw/3dmodels/original/S/B07B4M4HDS.glb
eed31d0a6f8f6e869e9572363cdc2152a26a186c2a2c585a21a3459b3ea487b6,raw/3dmodels/original/J/B07JQY76PJ.glb
eef7afa5497f54883a7062069989b96ecef2fc463fdde507afa6afa57cd9a1c5,raw/3dmodels/original/S/B084W32W2S.glb
eefe811f6caaa65d50e8f08d52b03e61f1a5aaaf63a57a857d37cdee3bb6e743,raw/3dmodels/original/G/B07QC89FJG.glb
eeffe46b924c658532d19f838a975a077aac21664cc716b688385bbc25848135,raw/3dmodels/original/P/B07H319HYP.glb
ef2ae3764f7c1939fbcfa6fc82bc5042d5aad915b4a829e765f1793efc4e7672,raw/3dmodels/original/P/B07B4ZFBWP.glb
ef2f97b2f644413d2769ed0985842e9af568aa409cb9f496130b6fe1028d74db,raw/3dmodels/original/1/B07YBJT311.glb
ef32ad0d02b13293a741b8bacdc1650d4978b8f27014cef137806e4d1ca604c4,raw/3dmodels/original/Q/B084HTYYHQ.glb
ef39447d0bb5bd93cc7f06b26de88c3dad3e14e1ec3bb10a2584d10c8efdc16c,raw/3dmodels/original/W/B073WHZK9W.glb
ef41f6723c4ad6bdc3e4704cda793a241f48f92823e3a462ac2595a64ef2e3e4,raw/3dmodels/original/2/B07JQX8PQ2.glb
ef485fed56abe1e560749091f148a27ffcf8c95fd699d67a3bf21638ceca90ed,raw/3dmodels/original/S/B082VM767S.glb
ef67c57194cff12a4479fc66d1e065e717bb892fd63187d580bea008f22ce9b5,raw/3dmodels/original/Q/B07L6BMW6Q.glb
ef8f03add1d316e71a7a8ea60c72fa2d0edb9ba39e585017fc3d1122e034a63c,raw/3dmodels/original/P/B075YP3BFP.glb
ef97ec9828c940b9b9de81fbd1ae8b45bef4780d74cc53be47971eaef7848dc4,raw/3dmodels/original/H/B07P5LM3KH.glb
efdbcc3d798e03a1bc5a49309ff47104bd72beb627eb988be64d93b96b040c44,raw/3dmodels/original/2/B078JJDPR2.glb
efdf2e4e4d1b026e15cd81a5ee552f617b04b16fea51851815a3ab057eb7624f,raw/3dmodels/original/7/B082Q8RSQ7.glb
efedc685505b28b48cb972ecaa3d3a3eb8de651dfef817669c034dbe6f471a71,raw/3dmodels/original/6/B075Z8KXB6.glb
f00dd6d00aa7ae56451fbec3c1518cfd1cc0a086c69cec22c46f405337e073fa,raw/3dmodels/original/3/B07MBFDRZ3.glb
f013dce09a27cea54459a0e123cab85a3055f80ee20052bbfd4be064ed6a77f9,raw/3dmodels/original/T/B0842LM8QT.glb
f036f7ebf6f14b183f167234e29e898dad1b68f43277fe3bc7f6848317b63310,raw/3dmodels/original/L/B07HZ4NFSL.glb
f03cf98697eccd544aa836e34af032d5c12d2b048eeadb68991d3fcff69f4768,raw/3dmodels/original/G/B07QHYDDZG.glb
f03ffda88fa9fd0328df2bfe2c075b488dde17ad57db41806e3d6b58b5700f48,raw/3dmodels/original/N/B075X4F5DN.glb
f045b7e20d7980ace3a2a63e7ae9f64b064f480bfe09d0721d3148c8d590a199,raw/3dmodels/original/C/B07DBF5JCC.glb
f048cd125a3a5c7563cd72ce94c0be20d3731266e708cef6a59f5e17811c2ef9,raw/3dmodels/original/6/B07J2YB486.glb
f05ed33c603bf5b54650b67e796ce872cc4bdf26aaa772354f1527161da87ce5,raw/3dmodels/original/N/B07JLSSWLN.glb
f07f228fded557a076e26ee9f45fa26b89e880a3f4d7b9cd5c594ba2248720bc,raw/3dmodels/original/M/B07JL5Q2PM.glb
f093c73f321adc8c76db0e782d1b92c0853b9dc4c028fee7b22c4276eb478aca,raw/3dmodels/original/S/B07B7B3RVS.glb
f0944746c3ef12d43cc84e6f4d71e124475e89a62bd9816a73e280434024862e,raw/3dmodels/original/F/B07BWLJNQF.glb
f0abade71763c4f251deca0fa9a49da24e960002028f265f9ee02da86607f15a,raw/3dmodels/original/H/B07DYJF9BH.glb
f0b000f3550719e0bdaf38ea288d224952ebdea6b49281d4fd4ce81387e01fab,raw/3dmodels/original/T/B07DBKNWZT.glb
f0b078c49aaf21a12eaecaa440196cec2e4728b7e9ccb7ccb94fa57a59016ac5,raw/3dmodels/original/B/B07HZ6RKRB.glb
f0c7a5c03f239d9dddb0673829ac5c20adca9b0d786c873cc7d8acb1200646ed,raw/3dmodels/original/S/B07BW8PZ2S.glb
f0ca47e13e7c1af146755a2fd5bc0e02954cf7b476fae8659f6ce7a0e7d94272,raw/3dmodels/original/C/B082BLFMRC.glb
f0d6ef04da781aef9c889bcf245756008e3f058a2646ae945a2c04e028dd736c,raw/3dmodels/original/S/B07BWLJR8S.glb
f0dfdc7fd74a80f0f9150abd643e3326e611a3504c30aeba8d2d5143bba66349,raw/3dmodels/original/C/B01LWVEZ1C.glb
f0e8b075459b5d0b234389abdccb872ef47705fb7f831c6275deb295a92ffadf,raw/3dmodels/original/8/B07QL23R78.glb
f0eda3357ea8baa5ce313131cb9f5c30dbfa9fa6e87ad93c131cc3e1e15bf913,raw/3dmodels/original/8/B085W6LSW8.glb
f0fbe623bd1b7814efe120d7719c58fb71cce275a066540c791d42d45608364d,raw/3dmodels/original/8/B073PB1H88.glb
f104f770403d089da64766992c5507f4d7e3159a7aab61d31654a2a4c2e415e4,raw/3dmodels/original/B/B07DBHF15B.glb
f105db00999a6b5558d3254bc76f2ebe75845930598410864af65c625f1f9342,raw/3dmodels/original/4/B07BWJD1V4.glb
f12605a2cdab713446e17f62aa0c4ad523d64348079ae90d287fb0fa61972019,raw/3dmodels/original/9/B075HR7KY9.glb
f127af6fe4ae92c08141e6de0242770edc246c4b9103236e4b64ceb8430290fb,raw/3dmodels/original/S/B07PX3D82S.glb
f13c64698d3b7822eb3c335c4ed3ec6cef3ea05aa99d8cef5eb8d6c823e60158,raw/3dmodels/original/G/B07B4Z9Q3G.glb
f14c11f4971e4af92d38404fbe1226c82747df1a9fc49c110b0ca0d9d10b8e0a,raw/3dmodels/original/S/B07P7NVM2S.glb
f158c73783c002097fc48f7b39149588eaad39ec3e990d7e2bf987da28b8eeb2,raw/3dmodels/original/8/B07QGWLBK8.glb
f15cf11723b5e2aeb8cb7c36ac83cc7f2791c71fba9d96a753d3bfa391eb75f3,raw/3dmodels/original/T/B0814T7XJT.glb
f16a75f37706ffcfd7b6ab2d907bdde228227ee9a6a6cad96ccb3b44b3da9380,raw/3dmodels/original/H/B07MF1RP5H.glb
f18792b368b0527c2ad00dabc1d0ffe3a06e79b722b9c738051ef68c90c461f2,raw/3dmodels/original/Q/B07B4D6M8Q.glb
f188773f04070953bc4bb4921ed7838dfa0bf1feb59bd00af203876c09c25caf,raw/3dmodels/original/D/B072635QWD.glb
f18c35e42607e1f792d89de81df9d2ae0bddba70e868bc73e84dcca393acc31b,raw/3dmodels/original/S/B084W24C7S.glb
f1a34efc19e56d8e37b60119aa3beb6d5a2b50b3231abbe06c1ca74dd3dc94d8,raw/3dmodels/original/R/B07VQSWPXR.glb
f1eb6e51834789ac58d8e06d6e32a2c8a9fde5c47a1fff31c0a1bd72eddf4b4c,raw/3dmodels/original/P/B07JPDHN5P.glb
f1f767e03e3b54648c81ac000e3660cee6ec7a6800fdaa7b508f5b105b9e669f,raw/3dmodels/original/D/B075ZBQ1YD.glb
f1f8aecc3460faab6f8a586987adc51fb1983c75160a4109da6a8e306e7bcb46,raw/3dmodels/original/T/B07B4MRPVT.glb
f212ea6598d68ba5a5b7442067dcd0628f858ee34279c54eb053566ed6d0f819,raw/3dmodels/original/P/B082VL6WKP.glb
f22768e576872038cbf010a700f29163cfcd5d446e255b7bf685612238d5a019,raw/3dmodels/original/Y/B075Z8THYY.glb
f22fdfffc48bd7576ca961ea7ca5e6bf6187d3c91edebc62e8c6da17fb19edff,raw/3dmodels/original/S/B07DBDZMSS.glb
f23ac976b9d7d11a79b4000d03d0f520981d60054274bf5489073d2fb32594ea,raw/3dmodels/original/Y/B07B4Y45GY.glb
f23c0ff804a1312f4749dbe7b927adfe9542acb02e34be2f846eb5e62af08152,raw/3dmodels/original/D/B07HKF28GD.glb
f27625016863f30403a2b341dcba841ca48ec415812d533ea10f2ba2d8df902a,raw/3dmodels/original/H/B07QHKQLBH.glb
f27fe4cd8dd71412038eeab63650bb8abd3509c133ffa55c0372a7103f381ad3,raw/3dmodels/original/G/B07QFRS89G.glb
f284830239d35d974c48a61e69fe5ef02fb9c200834187fa01345e8dcd3aed3c,raw/3dmodels/original/T/B07B8PXMRT.glb
f288cfecac1f02bfebbff88ebd00b65a93d5fd279c2c989e646ea258197a1eab,raw/3dmodels/original/2/B07TQ7T2C2.glb
f29044e188b3d758f658098aeb69122d5c3c28400d6dbb63dde7095590002a41,raw/3dmodels/original/9/B07121RM99.glb
f2928b0a0cb19b6be3dbe7cf2ad8960e0d77acffa792f4c1ccf6a64a5327efd8,raw/3dmodels/original/X/B07HZ7TL5X.glb
f2b0aca361a92a4f8e77b353cb0a1528e8bd21bc6a356d8e2e7f3114814f7e78,raw/3dmodels/original/F/B07GP6DMDF.glb
f2b0c5babf5a5f435138ffb423661b72dda0c5097ee3f3e601af225e9f548f38,raw/3dmodels/original/2/B086JK1PJ2.glb
f2b5a32441fcb9fc7fb78fea449ff892a0040bde99bd075d71107a280dd78063,raw/3dmodels/original/R/B084HV13QR.glb
f2b6b4f4bcd2d8896c17ae7fce2ac35e62fd5a125818da81d0087aae3abc5e8b,raw/3dmodels/original/9/B07B4Z9C39.glb
f2cc29e7b7297e01dbcf0f2cb7add82454f66c8db879262192459c4bf4da1ba6,raw/3dmodels/original/D/B07VNL9RHD.glb
f2cdcec279f9674746086e4416d8409c7301444048103ce8522aa92abb291a04,raw/3dmodels/original/Y/B07QJLWJMY.glb
f2f23d05f9931dfdd88b2732176186a2cbc94dec30b1a93888f99b8e486c5fb1,raw/3dmodels/original/W/B078J9MF2W.glb
f30080ca7ca817b7fa7bf1f76d54afbcfa9f80d17aee18082a7ece11714b3909,raw/3dmodels/original/4/B07MKQT7V4.glb
f31cb56808107bf6d9fb819db323809f266e031b84c6232f37290a0ff3fcb0a7,raw/3dmodels/original/P/B07B7MQD5P.glb
f3236d292b47942194f7f4ee2b0d623ba75808de318cfeb9dc35ba3a0ad8642d,raw/3dmodels/original/Y/B0716WLY2Y.glb
f33671bcca0a904ed3caa1130f9a5157730a18820edad9dbd01d1282b0dfb473,raw/3dmodels/original/R/B075X2WP1R.glb
f343246ae47d274b75ecfb53e7a9e9943c9d71d5639e625e7d7383e1fb0c5360,raw/3dmodels/original/K/B07QB8L1TK.glb
f34c4a576529a7553ec58ec2c65fdf5b314f3858685508db1a04c9d93598585f,raw/3dmodels/original/D/B07JLGBYYD.glb
f357b71e9c35aeebafbdee1f7ec1f1151dd612532eff2af90ce8e66eab4a0fa0,raw/3dmodels/original/7/B073G6GTK7.glb
f3721f4ecf7b7094740aef26fed78500834adfb51145c1c7fda47e6af96f4f08,raw/3dmodels/original/W/B07YPLQ7KW.glb
f3821a3942245ed1ee84586fa106083690ed0e13d8d8b2cb4eb267ba852dff11,raw/3dmodels/original/H/B07DBDWL5H.glb
f3844d53b1e70b60b3f22d6605e5b7c70d603da2aaba9d86041586570f13cde7,raw/3dmodels/original/C/B07B4MSYNC.glb
f38a58607b0e849522c16e574f12644fd8dd3ee1aef81e211be2776d8b8706d8,raw/3dmodels/original/V/B07DBGXG5V.glb
f394892ffa9a6ea046b10c80b9cf7a4094490aec037dc075b60fb2b2efe770f1,raw/3dmodels/original/L/B073751DML.glb
f39e3cbd7c1afb98f00ee8eed269b945f937037c6c63c3051a9d7ee11c14627e,raw/3dmodels/original/W/B07P8ST73W.glb
f3ad7b4989e5817deafb06f9564c1e9439f7260a3c78ad6fa59005a6b7cd8658,raw/3dmodels/original/2/B082YM18R2.glb
f3b5f4369e51bcbc22cdf28046c69d2703ac6de2f1681b8b136dc641decfd87c,raw/3dmodels/original/D/B07B4Z7XVD.glb
f3b7460ad978234ea9474c1e27dc1b1c3737c64fa9d4436ad44e68e5d94e9b59,raw/3dmodels/original/Y/B07B4M5BYY.glb
f3c125a98d1bec641fd6608fc3927b4ca7066dfc550cbfd95526bc2241929661,raw/3dmodels/original/W/B075YV7TTW.glb
f3eed2d1458b511cf623d76d328f747afe3f56d07023e9d0c956641e3708e459,raw/3dmodels/original/M/B07QCQ1J5M.glb
f3f195cdb837937bf8ad8c489a45be162b8495752b2498223c1130790ae4c9cb,raw/3dmodels/original/W/B07MBFDRTW.glb
f3f9ff6804a8404f57373bf1f86e33cef59e2c2e0ca0a265a2f90ee37b76d631,raw/3dmodels/original/R/B07YDYRHNR.glb
f4041b2309504ffe813470a58bfd257d3b8105eea69f116d0813eb63cddd6d6f,raw/3dmodels/original/V/B07YPTDRLV.glb
f42353bc1c6d34202d72a1df42e227be7f0ffa5b7571972cdaf7d3fb4a6d2384,raw/3dmodels/original/Z/B07B4VY11Z.glb
f4384d0aeccd348802bf830c76bdebec0b10ff9397bae9fc281a8a1a6935be95,raw/3dmodels/original/R/B082JHQ5QR.glb
f43d065cbfc04fa836d075bd40c7ecc77bb654cf0a6b6f4570bfcb582733bdec,raw/3dmodels/original/1/B07DBF1R71.glb
f43e412679b5ce3c0d1b7361f29ba676dd2dfafcd02c6f4b10d8c62a3ffb10e2,raw/3dmodels/original/T/B07P5LMFMT.glb
f442ec7baaddaf11e0cca64b6f7e005ab49e8ef9a39f952f78c872c9aa756278,raw/3dmodels/original/6/B075X5TMV6.glb
f4527ea92100902209bbfaa43892cec1dfcb48518202397b8cb77aaebff46623,raw/3dmodels/original/V/B075QGK96V.glb
f45bcb713a16f43f680b1fab63423441c3bee4ea04f04262cdb1f81131cde08c,raw/3dmodels/original/9/B07VNL9J39.glb
f45d3c5c195da9a522b3637cdd2a2da8845a08e31a29e33d0d38a705a4136d83,raw/3dmodels/original/3/B07QBMQ4K3.glb
f465bbcd949ff85020193cf1f2e1afff7fbf4200169d0f77bdcbc7887ced8e12,raw/3dmodels/original/2/B07TGC3432.glb
f48ce98085b9838815d5a25209d195b67454fd9f02a505758618f8d7bf468cfa,raw/3dmodels/original/4/B07J2TW574.glb
f4e29bd6b1ac9612f251c8fb208f86cc62e9ff49cce715068e0570d23fc3158c,raw/3dmodels/original/8/B082VM9F98.glb
f4ea846197db9eb47b60efc2a32e089039fe4f98cd2ffcab3880d95a6e465ed3,raw/3dmodels/original/C/B075X2LMTC.glb
f5075e366c633d6cbd54abe7fb616c201ed0b4b1a6271b6a507fe7f59975a4a5,raw/3dmodels/original/Y/B07QXB9DSY.glb
f5132be72cccfca0781cca8b6fd17c7197dabf4d61697b26d3987cda954da00b,raw/3dmodels/original/J/B07TZQZ1DJ.glb
f51b40539c8e4d37c03d7c73f7a5601eda6ea195f5bf5b809b5cdacb5b80f483,raw/3dmodels/original/D/B0723H8NLD.glb
f52f27a16c48a41ee9120ef6238220eccb9e65e706ee34537b0645ee58ae57d0,raw/3dmodels/original/1/B07B4MKSB1.glb
f53b1b9be70e50e1689b6a241d029dddbfe038467db069489a0e68095504a5d7,raw/3dmodels/original/J/B07YBHKL7J.glb
f54c642f4bc9e7b6d0cde63e1d2324cd63654b19d7d21c750f29fbcad76a251c,raw/3dmodels/original/K/B07YM19Q9K.glb
f56dbca5488a5abf1c4b9c9c757fa8764682899bb74b450725f304fc7e1fe8e7,raw/3dmodels/original/Z/B071SHHZVZ.glb
f5a4f9d9831d1f69c9d2a3c5b23be8fd09b8f497b31dcaa6973c338cf3a73996,raw/3dmodels/original/T/B0754K96NT.glb
f5a589f9b38481c92b630fac7bf0039332f0d390b052ac1e65bac90900867702,raw/3dmodels/original/Z/B07HG8M97Z.glb
f5a8c89de7908558fda3413c3761b58514eeaa56f48a8438fadfea595f243bdc,raw/3dmodels/original/K/B07HPDV35K.glb
f5c7fa96d08c53a99c2b2e018f90991d6143d8a960b97095d91746aada235cc5,raw/3dmodels/original/B/B075X2X4MB.glb
f5d00a803f3428ffeb57a0aed8587ceb517ae82ca5746b5626d09e0f83c280da,raw/3dmodels/original/2/B083YFKSJ2.glb
f5d50c440b662175c2d16b79a47a587444a6e94a8ec2d5d58469a78b922154ab,raw/3dmodels/original/Y/B08C2NYN5Y.glb
f5ed705aa36180ab9ede8a577344414453a142fcc17ebe1469c4d84bd28c24ee,raw/3dmodels/original/K/B07B4FZKFK.glb
f5f70bd07bc4419113e5c6b8ceb18152f36aee16cf8d1965b88ef37edfde6b8f,raw/3dmodels/original/9/B07HSKB7M9.glb
f5f89f046348b9e387bc7f6673d2a26afd6e76f7e460a2c291411aae52a5f185,raw/3dmodels/original/1/B07BWK58M1.glb
f6172af3aa9f2d02425c986f11310ec85d7d4bb9c9feb817f498c7da340395ed,raw/3dmodels/original/1/B07QK35BD1.glb
f618b2f41ee686095bdbbda28000b3c7e287a484dfa74ed475a1be2655014964,raw/3dmodels/original/M/B075X2FZSM.glb
f631a6b410280b6cb439d0ef71c1e5ca680097204b865c4c6738ef431c122997,raw/3dmodels/original/D/B07BWMQQ4D.glb
f63683286cef2d135873f0cd607b925862fd3d592a04a61a760669435b665342,raw/3dmodels/original/G/B07B51N75G.glb
f64829a6353545ccb18ef42f5604905b127b3a3717eae11dd5faeaea5e6aa68f,raw/3dmodels/original/4/B07DBHB6D4.glb
f6552c0cbf947c5f22b295957448f781e5ece2ebe0251e7b35c1068e3259fc19,raw/3dmodels/original/K/B084T7TZDK.glb
f66000ab0dcc86862a527861625108a318cbb0f30eb54cfdee8172ac518427eb,raw/3dmodels/original/Y/B07BWMSLVY.glb
f67ebe7a465170f0905ada4f8e8462fd19a6377188e834f2039675ec2e832224,raw/3dmodels/original/H/B07B7BPZMH.glb
f68e944a67128ee076ea7f61e76cac036e3217275162a655148c6f1def0e277f,raw/3dmodels/original/D/B07PBZ74HD.glb
f69a046b981b3cc4d3c16211ab1072970c25b9bc4b5bfabf67d2d110baba1f08,raw/3dmodels/original/Q/B075HXQJTQ.glb
f69b53cbd135e1705ba4fc3327db415dbeafbe42ad75fe118f4fc589f1e3ec50,raw/3dmodels/original/7/B07B4W5WY7.glb
f69c5caef692e6904cd75ed6963332784843d29063d58f4105d707687f8cda58,raw/3dmodels/original/3/B07SMJZKQ3.glb
f6a0957307edd98b72c3e4d2bbb7e021c059ee3c23df966421c91128552776bb,raw/3dmodels/original/4/B07B4Z9Q24.glb
f6a8eac311de3c8ec746b3e686c074a6ee42036fd1d749af5acc7f1b8690cea6,raw/3dmodels/original/1/B07QBMQCP1.glb
f6a994c750bbf21bb85022fa8319139ed10652a03fe9ca8eac3a062a3c3442a4,raw/3dmodels/original/N/B072JT7WFN.glb
f6ae57395a77798186db08288e305c7ff84736ab855efec5ca77d2953c4f8121,raw/3dmodels/original/Z/B075Z6YS1Z.glb
f6baa543d0385d93709d34688a37df517512a44a70b496543762651419cd6211,raw/3dmodels/original/X/B07DBF3V6X.glb
f6c704e71ab466c4546226256b030a5a33d2bf3ce2e124b6c9109c686ff58f73,raw/3dmodels/original/C/B075X33SNC.glb
f6ce996daffcf915d9e42acd183d8a929a9b1272746f8f236132f69d667a908c,raw/3dmodels/original/6/B07VLFWGN6.glb
f6e375b45f0addc1513c1a0c0709d23693adca9c30b53f0e893a2ca07074bbd8,raw/3dmodels/original/Z/B07JJYZ1LZ.glb
f6ec7e3bced09944014437fe4a15f6f82ca3df27b112b9d752ef2510cd8e4084,raw/3dmodels/original/R/B07QCMB9WR.glb
f6fd308fb1462a5989735c7d681efb3d5fc01cac8f9196f92776827a6cdc5127,raw/3dmodels/original/2/B07B7GQ1J2.glb
f7182fe01901f85bd82902ba164bc0cfa5692638a4ee8825adb75eb8fbbd1886,raw/3dmodels/original/9/B07P8ST3G9.glb
f71d3edde6cc7ccfbc68fde1b99e3738a858a17feeec43cddae90591c9472975,raw/3dmodels/original/X/B085FJR48X.glb
f7250dc48923855fb267994f4be9c43267b513708e27be436febfa1ae33ca28b,raw/3dmodels/original/8/B078JGHZT8.glb
f728baa3ee0c3342c42d98ddac6f6c349de80755971e0a12cf593971363d09f8,raw/3dmodels/original/G/B07TN2RRDG.glb
f740b89acc926d5e9fee526ec6a9f642a7639bf3dd09472633ec9de47824cc80,raw/3dmodels/original/N/B07PQS58XN.glb
f74cdc27650b6851ce1b88c78514af25b902a0e0f706aebbe930e7d711aaa9ca,raw/3dmodels/original/W/B07BWJCZJW.glb
f750a22ac8f1781378bd55c6a7a345399da9f971ab8ed0b245ecff51233f93db,raw/3dmodels/original/S/B07CB54MFS.glb
f76c29e00e1b6a7c3fc6bd143e2906bdc940bef6317270cc9275edafa12d9e5b,raw/3dmodels/original/B/B07TTHH4KB.glb
f77e21ae8e4b41416048a20ac8414d514b423e34ad1e6e2e34ef59dd88ed3de6,raw/3dmodels/original/B/B084MMGCWB.glb
f78e33d5618208bedfc1648fd928050701cae637e524867bb00d2afb5406d189,raw/3dmodels/original/F/B07B4MGLZF.glb
f798d0e3bb83e89078416642729a1ee17b6677202e65fb0ed3e7418491f57f8b,raw/3dmodels/original/3/B07B4ZPGY3.glb
f7a550a36e42ad2bd8318011096b34f43c1a0e69861f680081041ec6efaca18c,raw/3dmodels/original/5/B07HSM1W45.glb
f7b83c358fd0ecbf7a63f7b6e7b0886e1e24eae4eec9424d26ecfd3f56222954,raw/3dmodels/original/L/B0735WFBPL.glb
f7c195167e51fa553e9893d26d03edda70c2431ea87bdbbceb778c525bdea889,raw/3dmodels/original/T/B07B4SCB6T.glb
f7e58b254b5921a9f224004e749cd5821cf3979c5fae51a75f6c8e72ae068746,raw/3dmodels/original/F/B07B4YNHPF.glb
f7f477b1fa38495859162aedc94d31e41b00068bd378630c08b01a611d054df5,raw/3dmodels/original/P/B07MSWZ5VP.glb
f7f61eaed228ed35ee4ba7eab6b2ae46702bbabf31bd6f6ee7d05e971cc3f963,raw/3dmodels/original/4/B07MBFDL34.glb
f7f99a4c8b5d38da597383c9363161e34f94493f13a80e847f371ad815c42bfa,raw/3dmodels/original/M/B07B7J3B5M.glb
f80a964b6a8b2b2b5040d02ac0b8863b77531b468aaad16ec8d95f394ac6e8a3,raw/3dmodels/original/B/B07JKSL3DB.glb
f80ab41d7e29bcd0796720d1fb042b517b9fd31630f92a079fa8fc53cae6274e,raw/3dmodels/original/G/B01LONQBDG.glb
f813e187e3c2750c120479c2b29ccc388f2a737ea4b71639ce30a4640776390e,raw/3dmodels/original/H/B07QJ22WQH.glb
f81855810d649d0ce14b960da5b9becebbdd34beed87fa6749dfd1f6041a7a6e,raw/3dmodels/original/V/B07QBMQH3V.glb
f82d77b740f9a2483fbab741ce65f25c444f6db86e14085d2cc46ce06477a619,raw/3dmodels/original/6/B07DBDR9V6.glb
f840c869ddbc16a5c19da82ac76c0e4f10a8d607547a997faefe4a37196e05e3,raw/3dmodels/original/P/B07P9Y6W9P.glb
f8435dca693514d4e8013d8a88a97e711f71ed909e8fd8efdfa928ffac1d579d,raw/3dmodels/original/3/B072PZC1L3.glb
f86811f364c300cc12caafa1394332051c12e9e3786a9399ae56cae54acf6501,raw/3dmodels/original/6/B074VLRN76.glb
f8837117212de3274a8f0abf98405f3695a41ea7cae3c371bbe08d486100ee7f,raw/3dmodels/original/N/B07QTD914N.glb
f889176d4934d52b5325571c0529ac0aa817b6c2f8872687f14c90fc1b56490b,raw/3dmodels/original/7/B07B4W5RF7.glb
f88a253e197e784dacbbbe249b7320c146aa98805212fd86eafd427fa63a4d92,raw/3dmodels/original/B/B084W32T5B.glb
f8a007f96f25f2c409afdb3dffd0852635e23ba0095cd5ebbaba6940e747beab,raw/3dmodels/original/H/B075HWDSFH.glb
f8baa03e64b5b8a85a4b839db514ddaa83de7342be481de6ffb9279642d3073b,raw/3dmodels/original/Q/B071PDYXRQ.glb
f8f4e96d5f0099e72c0e487d05cb7d273edeb1a71b252dd358a7a07a0141240b,raw/3dmodels/original/V/B074KN35MV.glb
f8fcf474a2ef983e642eb087a8929b7f0385339f11b19e3c342eb02fbba0103d,raw/3dmodels/original/Y/B07B4XX22Y.glb
f93c6b69940ce26ff7dc1b98f4df0c88ef603258d3bf3b62342c784ad5df36dd,raw/3dmodels/original/3/B084MXWPF3.glb
f9428b48b3fdb5f98d0f034db30795028ca44159d6eb9dde88e391df020026fd,raw/3dmodels/original/5/B07HSJDN75.glb
f94a52bf0717c00e6505f16cad21898523514a255f3989fa23869c87d56cb665,raw/3dmodels/original/N/B075Z1NM6N.glb
f95439e662bc6f805d338503f9fe2ee6f97a419f49eb98de39dab320ffca5066,raw/3dmodels/original/T/B075X3SJ2T.glb
f9689de732d0856874d59d3568a3619cced5b0d442d6742dbdfb66045895e17b,raw/3dmodels/original/C/B07BZR1KWC.glb
f96d3f5f10c5d9fbd089360eed2cdb04033f7ce428794568d5c279ca0b8545ea,raw/3dmodels/original/Q/B07HSDX2CQ.glb
f96ddbe07fdbde5da5eea90dc909a14ca00361c9cd5cc28e5f6836479ef02c67,raw/3dmodels/original/N/B075X4VW7N.glb
f97608d33816ce2ea1bc7959f8f16184c7810264f520e20fed3fd0392ad23212,raw/3dmodels/original/2/B07DBB1SD2.glb
f976374f4488a9f73e49ff02040a312a4db37e8a57cce1fa7faf79478c9c0f14,raw/3dmodels/original/J/B07QCMBCXJ.glb
f9b33a4b68b28392cf592bbc586cd016be2597b2d3bce8c333bce0d780310d32,raw/3dmodels/original/G/B07QFP4PYG.glb
f9bae8123ecdad1711dbf66510eaa2ea1ae69bc973e11096aea3207981852e06,raw/3dmodels/original/C/B07MSWZ5WC.glb
f9d38de300da2107eada983acaee3750bea9934e39200fbb487347d6644ea132,raw/3dmodels/original/T/B075X4R6CT.glb
f9dc34044d2abd36c3002194799a92c94ceeb26ddbe73f258d5a01770516f058,raw/3dmodels/original/V/B07QGSZ7NV.glb
f9e02886cc4e8869a1d25c491ef6087e6e657e66695bff509d65321411ec6cc6,raw/3dmodels/original/X/B0842GZD8X.glb
fa3b68ea2d04e5b9d38dd65f9c152d3c4162442ff7846ff4b8e9ed782867939a,raw/3dmodels/original/L/B07B4GQCXL.glb
fa533e66cfc098b336b240d361e7cdf49b61eedbc5b9c7776646aa6d74284711,raw/3dmodels/original/T/B07DBFXZQT.glb
fa554de4abda8b3d91c2cac2786a67f7f30a8c3c015150447a17a78e565ef790,raw/3dmodels/original/K/B082QCHXNK.glb
fa5bf57c7ecc7b8336e57c6096e9eb5562be102db9f562fafc7788668042bf54,raw/3dmodels/original/X/B07QBMQB3X.glb
fa871a0a03c149e5e055d9a1d514a1d15dfb21e315f51689738e1812c9903fc8,raw/3dmodels/original/Z/B07TD48CNZ.glb
fa8d330faca2a8a0d4b52054ea78222736bb71ae5e2e1d81599693d4ca8ebaf3,raw/3dmodels/original/6/B07QFRSB66.glb
faa308be3034605460aad398bdd470298b21e262afbb4a590d406e1490a749c2,raw/3dmodels/original/T/B07B4MFJZT.glb
faae06777f516252b512e84be2d60ce7da418022b1a8c5bc43062c08ede396b8,raw/3dmodels/original/G/B07Q2MHJCG.glb
fab89dbbb8a9f28d86bfabf89ee95225307b7b4236d6ac1c62b90812c24fdd4e,raw/3dmodels/original/2/B07DB8XGY2.glb
fade62ef039c629742654a6b3fe136ea89c6bea03b8dbc2ceeca3b3ad36ec201,raw/3dmodels/original/B/B075YP394B.glb
fae617a1b3de6f4abb9c10d9c42a4430b07363af026a5cf4553484e4d9d84f8a,raw/3dmodels/original/K/B07K7NXX2K.glb
fae7a7fb09f5b57200348da0b99e39ba5530fb1871c16537817ade666cbc3d55,raw/3dmodels/original/4/B07B86VTX4.glb
fafb22a123f612cc5ce97f756ab1c0b268649dfc725d982ee26df175f2a9002f,raw/3dmodels/original/F/B084W2RH7F.glb
fb0cad3b236412275ce9f69ee69d10cb56b3d7721f7c0ba82cfdf0781667341e,raw/3dmodels/original/K/B07JY32YHK.glb
fb3080a17dd8b75f39c64418042c74d9124e32a1b6d9f49030ff785f9f29da71,raw/3dmodels/original/3/B076VG6LF3.glb
fb47a5ce38597d8ce47ff0aa5d5999113ae5d2f89ce1bb2b81c814f5855f37e8,raw/3dmodels/original/C/B07HSF9ZBC.glb
fb60763331af449a5b89f326a969d6b3f71d12d644833ce5923a6f7a51795ba7,raw/3dmodels/original/F/B07NYSJH2F.glb
fb699160b70734ae31ada2140af95063ee41ba2cb327ba97a5ff3b10b3082add,raw/3dmodels/original/B/B084L7RVQB.glb
fb7a00ab059c23a369008373a4faf830cf66cbc9bb29077b04890b3f84f4667a,raw/3dmodels/original/7/B07QGG6C67.glb
fb96e52ef9851031bc46bd273fa83acae707b0692f783f0fb34c4ed3ed1c43a3,raw/3dmodels/original/J/B07HSDTR6J.glb
fb9a3c8cfa2c8b6aa962e876eb9264e5e0bf3a6ed3762159a1509efbcbb2d80e,raw/3dmodels/original/J/B072ZKPK7J.glb
fba0e7c3e6ef0aebeb4b2e1dc58754053552415bf6da97ad4ab08e3d71c03d85,raw/3dmodels/original/3/B07GFFKVG3.glb
fba7044b47dbba7bba9bcec544f77bb24b69509250cfb58ba66fd11f3552ad83,raw/3dmodels/original/2/B07GF5DCJ2.glb
fbb888a0d7e88313ac66908793620f1eded8c654160db4af9aba669ffd9d84c0,raw/3dmodels/original/Y/B075YP3BCY.glb
fbc3d32b1558707d66849078ec971e23adcc2d8b76c8edc3da5ea561ffe5ced7,raw/3dmodels/original/K/B075X2CVQK.glb
fbc8b20411e2ce28f7cc6057d36b9bb38606c3cfe1c182da6056025b98f8daa9,raw/3dmodels/original/9/B075QDGZX9.glb
fbd1e40b0aa184a4a1c329cbd346c8b28490af57d7c6d33d6fd0b73ba00e8f3b,raw/3dmodels/original/Y/B07H8SKPRY.glb
fbd707d41a0f75c0044639e686e7aa37ec2c7fa07848d5a119981ce4bc20e642,raw/3dmodels/original/C/B07B51HWHC.glb
fbed8658921d3c2ad67370bbf10cef6d2b433a2fb36e33272634fa617cdc7dbe,raw/3dmodels/original/M/B01GGKYT7M.glb
fbef1279e71d0233a3111308387564fe34cb6ec20df8c1657756ee98274a9814,raw/3dmodels/original/L/B082JHXMJL.glb
fbf9c6118f73fdff88e5f00d6ffdde8df3c2463671b06d29719656aecd3b1589,raw/3dmodels/original/Y/B075X4F5NY.glb
fc34536cb59d7c1f505edf364a222485fb2f71d1c08f9bd539bdf8025a79d697,raw/3dmodels/original/Q/B085554J7Q.glb
fc429140467aa4f0d1eaf5620aa7bf6953524b9f14fc87f334c8f5d7911b55df,raw/3dmodels/original/1/B072FVHP11.glb
fc46db95b49c548a2ea8c94b0c963f2870d2c6a7286fa7c8f9e7ea743f435e29,raw/3dmodels/original/N/B07B7BJKBN.glb
fc583a1a30fab99a1970e157eb7b0a699c1225a6533a5870aab21b78dc85dcd7,raw/3dmodels/original/F/B07B4SCN5F.glb
fc59706d585526fdfb199f1d76971797664121ffc74543069e91ec56f9d4e5c3,raw/3dmodels/original/W/B082JHN9VW.glb
fc5a206a23dd3c7a8a731103618e04d2e4dee0a75e264f2f4e8041739905c9cc,raw/3dmodels/original/9/B075X4T5R9.glb
fc5d669397f4e235750ba04ef6ece7f8e9d0e15b93982b43a438844457096a87,raw/3dmodels/original/6/B075X4HZV6.glb
fc6327947e288e1c216a9a26fefc0fc83fdf09e4f54b0d9872ffcc4b427562b3,raw/3dmodels/original/8/B01D7P5JW8.glb
fc6c29711020db12d225044bdd14ab0b8650d4f92498a06c0306444d587b1aa2,raw/3dmodels/original/Q/B07TTHJJKQ.glb
fc72f3547548b9619e56b3b1269cf60b166087f3f8f69239f60d2039ed476cab,raw/3dmodels/original/C/B0719STF8C.glb
fc85f47be207438127e1f4e8140fd5c2c40ce9401797e075f151ba0126255918,raw/3dmodels/original/A/B01N6AQX0A.glb
fcaf5eaf2e937f7e0467a5fd8a2a02361cd1562f7d2c8e343cc26331ce31fef9,raw/3dmodels/original/4/B07MJL66D4.glb
fcbdb2338ebb6de06a830ffec8974a38b1da21888d82ad57d44dc209c517bbad,raw/3dmodels/original/H/B07TKCNK1H.glb
fcc130b89a860d37323b5b1be76d76ae9506fbfc275a43da3e4fa47d99fd0873,raw/3dmodels/original/H/B075X4F5CH.glb
fcd13b16825d3c7d9fa65ae305c5605bbef4ca9f29a0aa53dc6445ce35d1255f,raw/3dmodels/original/R/B07B4ZK8BR.glb
fceb29cc051149c97d194d3202740d7b06c9ceeb912454f0fae9f0a8fe3ef536,raw/3dmodels/original/2/B073WHYS32.glb
fcef4650a3e7e2424f4da62f18b37f820f51b939b8f40ce7e312fa8f3e8e7367,raw/3dmodels/original/X/B07B7DL3GX.glb
fcf22a123512d94ed392a497a241f77bafd27fd799d687055a9d44c006115ef9,raw/3dmodels/original/8/B07MBFDQG8.glb
fd00b1a5c0993b0b0ec1fcfe5b508e2adfbe9b40e46b29a963df1d9011021db1,raw/3dmodels/original/7/B07P8STB37.glb
fd19124a9d67265231e9e12fdcd2576adeaf5ee57c3e961372e624b75d5f7e33,raw/3dmodels/original/R/B07M7MMYDR.glb
fd1a70c0fef77d114eccc06ba7722fd04e206e1dceba8facbc7db599ef0e9164,raw/3dmodels/original/C/B07QJLWJMC.glb
fd37f5f205da5c34332f7ee3b3421b3361499e489c09eb2c4ab90c7362c47a96,raw/3dmodels/original/4/B07QGWNTB4.glb
fd4516ea2cb6dcff5cee41129e2432625f354398b6fd0e9c6348879fce16a162,raw/3dmodels/original/Q/B082QBZB1Q.glb
fd4ea792420455ee4e7cc941df9d895fc96dc444eec401f92d27b30dab455ed2,raw/3dmodels/original/9/B071J7Q379.glb
fd63c96b0eaf5a5d5866950250d0e9fabcc319de73ee62ff0dc82e0fdd1277c4,raw/3dmodels/original/X/B07HKF59YX.glb
fd65c9de23bdd6c892adb56eb1a97959cb60fc30ca47f8db174b3d310d3764fb,raw/3dmodels/original/7/B07TN2RVL7.glb
fd6f118bf9e05ba195cd31e29473c0be24bd981a1ff37a66ad07d6af292237c1,raw/3dmodels/original/7/B082L6NQZ7.glb
fd6fdd00a49460a580f85dcc0d9589d5334c64795015ef52f8f9640a697e0491,raw/3dmodels/original/9/B074VC69P9.glb
fd75f6c42553f6b7c4adb18b200251052dd9509a461a0bc1203aa64266fbc426,raw/3dmodels/original/F/B084KD11DF.glb
fdc2b36f586c9e07669274f750add6e72940d05f1fbf985c54f76f7f98b5094c,raw/3dmodels/original/S/B07YBHB9QS.glb
fdc700c86c4ac971e8e2fa9a6de3f14f47afdc6927bc401a582d70b290a5dcfa,raw/3dmodels/original/T/B075YP4WYT.glb
fddb2ddc353ca4a4c3d97498ac3493e6211a173cd2333b5c92a11cc9c4303ff8,raw/3dmodels/original/6/B0831PV6X6.glb
fdf5eeb757f7b2e78797e2a9076be0c51f4e82310155c7ff160295429cbc7d36,raw/3dmodels/original/6/B0746H4BP6.glb
fdf76d5ea0d9062c2ebc9e1737b620b24a83a0fae52c371d405388cfc1e0356d,raw/3dmodels/original/8/B07PMK78R8.glb
fdff7f20893dabd182bb26478f54d1007e60b66044ff587d81e0369e9d1aea76,raw/3dmodels/original/Y/B01LR5RK0Y.glb
fe0ff64fe452ef2448b15417c1d33ef2bd4e50c12ba7a6d1f290e89573096c0d,raw/3dmodels/original/N/B07HSHYZKN.glb
fe2b8abca3fd9b2cc9531e3a2e7753bfbe5a38ae1ca9b5d067c5d3e590c4e8c8,raw/3dmodels/original/1/B07B4FZXL1.glb
fe439694be8a9ab189385b82dfc131fa638ded75abfee41220ac8f918a976787,raw/3dmodels/original/Y/B0857JQ3DY.glb
fe70e6b1d0331522ee71f28bbe7b640da9c7c143e1ed64e933ccea18091992bc,raw/3dmodels/original/B/B07HPMBN4B.glb
fe75004f2768eff917f92adb41e8edc687288ad74845da6e3d51612f85dabef4,raw/3dmodels/original/X/B0717B4Y3X.glb
fe915fad8e07ea2db358fa9675b47eddde59ebdadfdfb0be49153aba6392e77b,raw/3dmodels/original/J/B073P2ZGMJ.glb
fea3f5701e54c028ef4835d22637e04b13fb698242de872c7ee4c38fca2af551,raw/3dmodels/original/J/B07MCBKLXJ.glb
feadebb9709fe98b75b745dce5c87dd66179d9d7da482ea75ebc991d9ac0a93f,raw/3dmodels/original/7/B07VNLBNF7.glb
feb71bac7e8b62a8627548548cf1d009e34cd115a51cf1276ac1ce1bcbd99de1,raw/3dmodels/original/1/B07B4Y45N1.glb
febfe40d72bcdad1142bedf3b122cc525a1754b87855fb2f7463094521980dac,raw/3dmodels/original/6/B07N2Y6C96.glb
fed1d60e032277eeb472256bda262d801e5dd299aa3823e6ac00fdc3251b1c5e,raw/3dmodels/original/M/B07B7B1HCM.glb
fede59fe8f9d3998b8076f16960fabee11e845536b6ffb93b88a896e80479824,raw/3dmodels/original/K/B07MJL5SZK.glb
ff137e0e231a34e185545396d96b44b143708b95369e69cc9666ac2978d1a9d7,raw/3dmodels/original/B/B07GP49H7B.glb
ff37468a0357969a40858ab857f08565f10a0abdfa8b095e7ca719484c9d5acc,raw/3dmodels/original/7/B0723H8D37.glb
ff59d489ceba1f9bc335a02d3c1dc881ec5733ac5915305dc317dd41d6556e76,raw/3dmodels/original/Z/B07HZ763CZ.glb
ff76043a12103770462f8def2a0a7285c0fec17281780c69d3fd89d69087d263,raw/3dmodels/original/V/B07YPV6SNV.glb
ff7a4a1cdc8b7d287ba50faa37cb7a7cd8dcb20988ab1625e21602d319f5e2d9,raw/3dmodels/original/X/B0824FHWSX.glb
ff93c7c29ded3176937cd03636566c94df9d3ab631dcb06875f16b926a313ee1,raw/3dmodels/original/L/B07DBB7FVL.glb
ff9ef086ef5ea09b050a0477e8dc7adfc928ce987e2da6ec51e3a8f7ee96d681,raw/3dmodels/original/G/B07WQ4P35G.glb
ffa0551759d9f4204769f1be9de8a59bf478e6f41bda9c960589b910d32c5bfa,raw/3dmodels/original/P/B07P6JTSYP.glb
ffa8547f49856b39c7572e44c8daa6c053e3c0be9d2a2b655c218039bb6739b5,raw/3dmodels/original/Y/B07B8PXTSY.glb
ffabe11b8c09cecafdd0b1832f1ff284a38fdc7b334b21ee9a626856a1114967,raw/3dmodels/original/B/B07VSTPCHB.glb
ffaf26191ce3b2b798cf2b05f3fb4fce39cbe438048b22f1d36d05ec714c4cb0,raw/3dmodels/original/2/B07B7B94L2.glb
ffb77f1582e8887efadda56a3b4c0e450664a59b693317eb5c5839113d220abd,raw/3dmodels/original/1/B07MBFGB51.glb
ffc978aa75ffa08e321b86b968a59e72ebce6e35a62759ac3a8b97ea6ab208c2,raw/3dmodels/original/7/B07TJTF717.glb
ffca5429950e7d57e162d99524c46b82bde09098a69374408d233b62eabec45f,raw/3dmodels/original/5/B07DBHCKJ5.glb
ffceb4141ae10f8c3f67454496fa7ec9d6906ffda0a0f2c089223eafe1b8a701,raw/3dmodels/original/Z/B07DBGHZDZ.glb
ffd032039e1b8f666f936120d85b894dad07fec61dbc337f0cb77f208d44ff83,raw/3dmodels/original/R/B07H8P3K2R.glb
ffd134c04773b9093d0404154e8a071bccef82a1ab57b717f94241d60f46e2a5,raw/3dmodels/original/1/B0853KXQX1.glb
ffd32f149db7612afed8dad6e0d7e497bce52e0984d552ae40ad26e95aca61c6,raw/3dmodels/original/K/B07BWKFNDK.glb
ffe628e974fff2f6931718b9a9221ec4a549a0fab0da6dae00379caa6b02cd0e,raw/3dmodels/original/Q/B082Q9Q8GQ.glb
fffc46603b43bd6b282701f6877ffe74e4cee40ed2b92d68872bcf873efca7dc,raw/3dmodels/original/X/B07B4L56TX.glb
